/*
 * Auto-generated - DO NOT EDIT BY HAND.
 * Regenerate from the original BDF fonts and JIS mapping table instead.
 *
 * Glyph format: column-major, bit 0 = top pixel of each column.
 * Wide (full-width) glyphs are 12 columns wide; half-width glyphs are 6 columns wide.
 * Glyph height is 13 px for both fonts.
 * 
 * **********
 * 
 * Tekuplus font
 *
 * Copyright (C) 2022-2024 itouhiro
 * Copyright (C) 2002-2005 M+ FONTS PROJECT
 *
 * These fonts are free software.  
 * Unlimited permission is granted to use, copy, and distribute them,
 * with or without modification, either commercially or noncommercially.  
 * THESE FONTS ARE PROVIDED "AS IS" WITHOUT WARRANTY.
 */
#ifndef MIZUKI_BDF_FONT_DATA_H
#define MIZUKI_BDF_FONT_DATA_H

#include <stdint.h>

#define MIZUKI_GLYPH_HEIGHT 13
#define MIZUKI_WIDE_GLYPH_WIDTH 12
#define MIZUKI_HALF_GLYPH_WIDTH 6

static const uint16_t MIZUKI_TOFU_WIDE_GLYPH[12] = {0x1fff,0x1001,0x1001,0x1001,0x1001,0x1001,0x1001,0x1001,0x1001,0x1001,0x1001,0x1fff};
static const uint16_t MIZUKI_TOFU_HALF_GLYPH[6] = {0x1fff,0x1001,0x1001,0x1001,0x1001,0x1fff};

/* U+0000 .. U+007F, 128 glyphs */
#define MIZUKI_ASCII_BASE 0x0000u
#define MIZUKI_ASCII_COUNT 128
static const uint16_t MIZUKI_ASCII_GLYPHS[MIZUKI_ASCII_COUNT][6] = {
    {0x0000,0x0ffe,0x0ffe,0x0ffe,0x0ffe,0x0000}, /* U+0000 */
    {0x0040,0x00e0,0x01f0,0x00e0,0x0040,0x0000}, /* U+0001 */
    {0x1554,0x0aaa,0x1554,0x0aaa,0x1554,0x0aaa}, /* U+0002 */
    {0x00be,0x0088,0x0f88,0x0088,0x00be,0x0000}, /* U+0003 */
    {0x0fbe,0x028a,0x028a,0x028a,0x028a,0x0000}, /* U+0004 */
    {0x0fbe,0x02a2,0x02a2,0x06a2,0x0bb6,0x0000}, /* U+0005 */
    {0x0fbe,0x02a0,0x02a0,0x02a0,0x02a0,0x0000}, /* U+0006 */
    {0x000c,0x0012,0x0012,0x000c,0x0000,0x0000}, /* U+0007 */
    {0x0420,0x0420,0x04f8,0x0420,0x0420,0x0000}, /* U+0008 */
    {0x0fbe,0x0804,0x0808,0x0810,0x083e,0x0000}, /* U+0009 */
    {0x00be,0x00a0,0x0fa0,0x0090,0x008e,0x0000}, /* U+000A */
    {0x0080,0x0080,0x00ff,0x0000,0x0000,0x0000}, /* U+000B */
    {0x0080,0x0080,0x1f80,0x0000,0x0000,0x0000}, /* U+000C */
    {0x0000,0x0000,0x1f80,0x0080,0x0080,0x0080}, /* U+000D */
    {0x0000,0x0000,0x00ff,0x0080,0x0080,0x0080}, /* U+000E */
    {0x0080,0x0080,0x1fff,0x0080,0x0080,0x0080}, /* U+000F */
    {0x0008,0x0008,0x0008,0x0008,0x0008,0x0008}, /* U+0010 */
    {0x0020,0x0020,0x0020,0x0020,0x0020,0x0020}, /* U+0011 */
    {0x0080,0x0080,0x0080,0x0080,0x0080,0x0080}, /* U+0012 */
    {0x0200,0x0200,0x0200,0x0200,0x0200,0x0200}, /* U+0013 */
    {0x0800,0x0800,0x0800,0x0800,0x0800,0x0800}, /* U+0014 */
    {0x0000,0x0000,0x1fff,0x0080,0x0080,0x0080}, /* U+0015 */
    {0x0080,0x0080,0x1fff,0x0000,0x0000,0x0000}, /* U+0016 */
    {0x0080,0x0080,0x00ff,0x0080,0x0080,0x0080}, /* U+0017 */
    {0x0080,0x0080,0x1f80,0x0080,0x0080,0x0080}, /* U+0018 */
    {0x0000,0x0000,0x1fff,0x0000,0x0000,0x0000}, /* U+0019 */
    {0x0420,0x0450,0x0488,0x0504,0x0400,0x0000}, /* U+001A */
    {0x0400,0x0504,0x0488,0x0450,0x0420,0x0000}, /* U+001B */
    {0x0620,0x01e0,0x0020,0x07e0,0x0020,0x0000}, /* U+001C */
    {0x00a0,0x03a0,0x00e0,0x00b8,0x00a0,0x0000}, /* U+001D */
    {0x0440,0x03f8,0x0244,0x0444,0x0408,0x0000}, /* U+001E */
    {0x0000,0x0040,0x00e0,0x0040,0x0000,0x0000}, /* U+001F */
    {0x0000,0x0000,0x0000,0x0000,0x0000,0x0000}, /* U+0020   */
    {0x0000,0x0000,0x067c,0x0000,0x0000,0x0000}, /* U+0021 ! */
    {0x0000,0x001e,0x0000,0x001e,0x0000,0x0000}, /* U+0022 " */
    {0x0110,0x07fc,0x0110,0x07fc,0x0110,0x0000}, /* U+0023 # */
    {0x0230,0x0248,0x07fc,0x0248,0x0188,0x0000}, /* U+0024 $ */
    {0x0118,0x00a4,0x0358,0x04a0,0x0310,0x0000}, /* U+0025 % */
    {0x0398,0x0464,0x04a4,0x0518,0x0280,0x0000}, /* U+0026 & */
    {0x0000,0x0000,0x001e,0x0000,0x0000,0x0000}, /* U+0027 ' */
    {0x0000,0x03f0,0x0408,0x0804,0x0000,0x0000}, /* U+0028 ( */
    {0x0000,0x0804,0x0408,0x03f0,0x0000,0x0000}, /* U+0029 ) */
    {0x00a0,0x0040,0x01f0,0x0040,0x00a0,0x0000}, /* U+002A * */
    {0x0040,0x0040,0x01f0,0x0040,0x0040,0x0000}, /* U+002B + */
    {0x1000,0x0800,0x0600,0x0000,0x0000,0x0000}, /* U+002C , */
    {0x0040,0x0040,0x0040,0x0040,0x0040,0x0000}, /* U+002D - */
    {0x0000,0x0600,0x0600,0x0000,0x0000,0x0000}, /* U+002E . */
    {0x0600,0x0180,0x0040,0x0030,0x000c,0x0000}, /* U+002F / */
    {0x01f0,0x0208,0x0404,0x0208,0x01f0,0x0000}, /* U+0030 0 */
    {0x0000,0x0008,0x07fc,0x0000,0x0000,0x0000}, /* U+0031 1 */
    {0x0404,0x0604,0x0504,0x0484,0x0478,0x0000}, /* U+0032 2 */
    {0x0404,0x0444,0x0444,0x0444,0x03b8,0x0000}, /* U+0033 3 */
    {0x007c,0x0040,0x0040,0x07fc,0x0040,0x0000}, /* U+0034 4 */
    {0x047c,0x0444,0x0444,0x0444,0x0384,0x0000}, /* U+0035 5 */
    {0x03f0,0x0448,0x0444,0x0444,0x0380,0x0000}, /* U+0036 6 */
    {0x000c,0x0004,0x0784,0x0044,0x003c,0x0000}, /* U+0037 7 */
    {0x03b8,0x0444,0x0444,0x0444,0x03b8,0x0000}, /* U+0038 8 */
    {0x0038,0x0444,0x0444,0x0244,0x01f8,0x0000}, /* U+0039 9 */
    {0x0000,0x0000,0x0330,0x0330,0x0000,0x0000}, /* U+003A : */
    {0x0000,0x0800,0x0400,0x0330,0x0000,0x0000}, /* U+003B ; */
    {0x0000,0x0040,0x00a0,0x0110,0x0208,0x0000}, /* U+003C < */
    {0x0000,0x0120,0x0120,0x0120,0x0120,0x0000}, /* U+003D = */
    {0x0000,0x0208,0x0110,0x00a0,0x0040,0x0000}, /* U+003E > */
    {0x0004,0x0004,0x0644,0x0024,0x0018,0x0000}, /* U+003F ? */
    {0x03f8,0x0404,0x04f4,0x0504,0x01f8,0x0000}, /* U+0040 @ */
    {0x07f0,0x0048,0x0044,0x0048,0x07f0,0x0000}, /* U+0041 A */
    {0x07fc,0x0444,0x0444,0x0444,0x03b8,0x0000}, /* U+0042 B */
    {0x03f8,0x0404,0x0404,0x0404,0x0404,0x0000}, /* U+0043 C */
    {0x07fc,0x0404,0x0404,0x0404,0x03f8,0x0000}, /* U+0044 D */
    {0x07fc,0x0444,0x0444,0x0444,0x0404,0x0000}, /* U+0045 E */
    {0x07fc,0x0044,0x0044,0x0044,0x0004,0x0000}, /* U+0046 F */
    {0x03f8,0x0404,0x0444,0x0444,0x07c4,0x0000}, /* U+0047 G */
    {0x07fc,0x0040,0x0040,0x0040,0x07fc,0x0000}, /* U+0048 H */
    {0x0000,0x0404,0x07fc,0x0404,0x0000,0x0000}, /* U+0049 I */
    {0x0400,0x0400,0x0404,0x03fc,0x0004,0x0000}, /* U+004A J */
    {0x07fc,0x0040,0x00a0,0x0110,0x060c,0x0000}, /* U+004B K */
    {0x07fc,0x0400,0x0400,0x0400,0x0400,0x0000}, /* U+004C L */
    {0x07fc,0x0010,0x0060,0x0010,0x07fc,0x0000}, /* U+004D M */
    {0x07fc,0x0010,0x0060,0x0080,0x07fc,0x0000}, /* U+004E N */
    {0x03f8,0x0404,0x0404,0x0404,0x03f8,0x0000}, /* U+004F O */
    {0x07fc,0x0044,0x0044,0x0044,0x0038,0x0000}, /* U+0050 P */
    {0x03f8,0x0504,0x0504,0x0604,0x0bf8,0x0000}, /* U+0051 Q */
    {0x07fc,0x0044,0x0044,0x00c4,0x0738,0x0000}, /* U+0052 R */
    {0x0238,0x0444,0x0444,0x0444,0x0388,0x0000}, /* U+0053 S */
    {0x0004,0x0004,0x07fc,0x0004,0x0004,0x0000}, /* U+0054 T */
    {0x03fc,0x0400,0x0400,0x0400,0x03fc,0x0000}, /* U+0055 U */
    {0x00fc,0x0300,0x0400,0x0300,0x00fc,0x0000}, /* U+0056 V */
    {0x07fc,0x0100,0x00c0,0x0100,0x07fc,0x0000}, /* U+0057 W */
    {0x071c,0x00a0,0x0040,0x00a0,0x071c,0x0000}, /* U+0058 X */
    {0x001c,0x0020,0x07c0,0x0020,0x001c,0x0000}, /* U+0059 Y */
    {0x0404,0x0704,0x04e4,0x041c,0x0404,0x0000}, /* U+005A Z */
    {0x0000,0x0ffc,0x0804,0x0804,0x0000,0x0000}, /* U+005B [ */
    {0x0004,0x0018,0x0060,0x0180,0x0600,0x0000}, /* U+005C \ */
    {0x0000,0x0804,0x0804,0x0ffc,0x0000,0x0000}, /* U+005D ] */
    {0x0010,0x0008,0x0004,0x0008,0x0010,0x0000}, /* U+005E ^ */
    {0x0800,0x0800,0x0800,0x0800,0x0800,0x0000}, /* U+005F _ */
    {0x0000,0x0004,0x0008,0x0010,0x0000,0x0000}, /* U+0060 ` */
    {0x0380,0x0440,0x0448,0x0448,0x07f0,0x0000}, /* U+0061 a */
    {0x07fe,0x0410,0x0410,0x0410,0x03e0,0x0000}, /* U+0062 b */
    {0x03e0,0x0410,0x0410,0x0410,0x0410,0x0000}, /* U+0063 c */
    {0x03e0,0x0410,0x0410,0x0410,0x07fe,0x0000}, /* U+0064 d */
    {0x03e0,0x0490,0x0490,0x0490,0x00e0,0x0000}, /* U+0065 e */
    {0x0020,0x0020,0x07f8,0x0024,0x0024,0x0000}, /* U+0066 f */
    {0x01e0,0x0210,0x0a10,0x0a10,0x07f0,0x0000}, /* U+0067 g */
    {0x07fe,0x0010,0x0010,0x0010,0x07e0,0x0000}, /* U+0068 h */
    {0x0000,0x0410,0x07f4,0x0400,0x0000,0x0000}, /* U+0069 i */
    {0x0800,0x0800,0x0800,0x0810,0x07f4,0x0000}, /* U+006A j */
    {0x07fc,0x0080,0x0140,0x0220,0x0410,0x0000}, /* U+006B k */
    {0x0000,0x0004,0x07fc,0x0400,0x0000,0x0000}, /* U+006C l */
    {0x07f0,0x0010,0x07f0,0x0010,0x07e0,0x0000}, /* U+006D m */
    {0x07f0,0x0010,0x0010,0x0010,0x07e0,0x0000}, /* U+006E n */
    {0x03e0,0x0410,0x0410,0x0410,0x03e0,0x0000}, /* U+006F o */
    {0x1ff0,0x0210,0x0210,0x0210,0x01e0,0x0000}, /* U+0070 p */
    {0x01e0,0x0210,0x0210,0x0210,0x1ff0,0x0000}, /* U+0071 q */
    {0x07f0,0x0020,0x0010,0x0010,0x0010,0x0000}, /* U+0072 r */
    {0x0460,0x0490,0x0490,0x0490,0x0310,0x0000}, /* U+0073 s */
    {0x0010,0x0010,0x03fc,0x0410,0x0410,0x0000}, /* U+0074 t */
    {0x03f0,0x0400,0x0400,0x0400,0x07f0,0x0000}, /* U+0075 u */
    {0x01f0,0x0200,0x0400,0x0200,0x01f0,0x0000}, /* U+0076 v */
    {0x07f0,0x0200,0x0180,0x0200,0x07f0,0x0000}, /* U+0077 w */
    {0x0630,0x0140,0x0080,0x0140,0x0630,0x0000}, /* U+0078 x */
    {0x01f0,0x0200,0x0a00,0x0a00,0x07f0,0x0000}, /* U+0079 y */
    {0x0610,0x0510,0x0490,0x0450,0x0430,0x0000}, /* U+007A z */
    {0x0080,0x0080,0x0778,0x0804,0x0804,0x0000}, /* U+007B { */
    {0x0000,0x0000,0x0ffc,0x0000,0x0000,0x0000}, /* U+007C | */
    {0x0000,0x0804,0x0804,0x0778,0x0080,0x0080}, /* U+007D } */
    {0x0018,0x0004,0x000c,0x0010,0x000c,0x0000}, /* U+007E ~ */
    {0x0000,0x0000,0x0000,0x0000,0x0000,0x0000}, /* U+007F */
};

/* U+00A0 .. U+00FF, 96 glyphs */
#define MIZUKI_LATIN1_SUPPLEMENT_BASE 0x00A0u
#define MIZUKI_LATIN1_SUPPLEMENT_COUNT 96
static const uint16_t MIZUKI_LATIN1_SUPPLEMENT_GLYPHS[MIZUKI_LATIN1_SUPPLEMENT_COUNT][6] = {
    {0x0000,0x0000,0x0000,0x0000,0x0000,0x0000}, /* U+00A0 */
    {0x0000,0x0000,0x0f98,0x0000,0x0000,0x0000}, /* U+00A1 ¡ */
    {0x03e0,0x0410,0x0ffc,0x0410,0x0410,0x0000}, /* U+00A2 ¢ */
    {0x0640,0x05f8,0x0444,0x0444,0x0644,0x0000}, /* U+00A3 £ */
    {0x02d0,0x0120,0x0120,0x0120,0x02d0,0x0000}, /* U+00A4 ¤ */
    {0x015c,0x0160,0x07c0,0x0160,0x015c,0x0000}, /* U+00A5 ¥ */
    {0x0000,0x0000,0x0f7c,0x0000,0x0000,0x0000}, /* U+00A6 ¦ */
    {0x0000,0x08d8,0x0924,0x0924,0x06c4,0x0000}, /* U+00A7 § */
    {0x0000,0x0004,0x0000,0x0004,0x0000,0x0000}, /* U+00A8 ¨ */
    {0x01f0,0x0208,0x02e8,0x02a8,0x0208,0x01f0}, /* U+00A9 © */
    {0x0060,0x0090,0x0094,0x0094,0x00f8,0x0000}, /* U+00AA ª */
    {0x0080,0x0140,0x0220,0x0080,0x0140,0x0220}, /* U+00AB « */
    {0x0040,0x0040,0x0040,0x0040,0x00c0,0x0000}, /* U+00AC ¬ */
    {0x0000,0x0080,0x0080,0x0080,0x0000,0x0000}, /* U+00AD */
    {0x01f0,0x0208,0x03e8,0x02a8,0x0348,0x01f0}, /* U+00AE ® */
    {0x0000,0x0008,0x0008,0x0008,0x0000,0x0000}, /* U+00AF ¯ */
    {0x0000,0x0018,0x0024,0x0024,0x0018,0x0000}, /* U+00B0 ° */
    {0x0220,0x0220,0x02f8,0x0220,0x0220,0x0000}, /* U+00B1 ± */
    {0x0044,0x0064,0x0054,0x0048,0x0000,0x0000}, /* U+00B2 ² */
    {0x0044,0x0054,0x0054,0x0028,0x0000,0x0000}, /* U+00B3 ³ */
    {0x0000,0x0010,0x0008,0x0004,0x0000,0x0000}, /* U+00B4 ´ */
    {0x0ff0,0x0400,0x0400,0x0400,0x07f0,0x0400}, /* U+00B5 µ */
    {0x0078,0x0084,0x0084,0x07fc,0x0004,0x07fc}, /* U+00B6 ¶ */
    {0x0000,0x0000,0x00c0,0x00c0,0x0000,0x0000}, /* U+00B7 · */
    {0x0000,0x0800,0x0a00,0x0400,0x0000,0x0000}, /* U+00B8 ¸ */
    {0x0000,0x0048,0x007c,0x0040,0x0000,0x0000}, /* U+00B9 ¹ */
    {0x0038,0x0044,0x0044,0x0044,0x0038,0x0000}, /* U+00BA º */
    {0x0220,0x0140,0x0080,0x0220,0x0140,0x0080}, /* U+00BB » */
    {0x0148,0x02fc,0x0340,0x02a0,0x07d0,0x0208}, /* U+00BC ¼ */
    {0x0148,0x00fc,0x0040,0x04a0,0x0690,0x0588}, /* U+00BD ½ */
    {0x0154,0x02d4,0x0368,0x02a0,0x07d0,0x0208}, /* U+00BE ¾ */
    {0x0700,0x0880,0x084c,0x0800,0x0800,0x0000}, /* U+00BF ¿ */
    {0x07e0,0x0090,0x0092,0x0094,0x07e0,0x0000}, /* U+00C0 À */
    {0x07e0,0x0090,0x0094,0x0092,0x07e0,0x0000}, /* U+00C1 Á */
    {0x07e0,0x0094,0x0092,0x0094,0x07e0,0x0000}, /* U+00C2 Â */
    {0x07e4,0x0092,0x0092,0x0094,0x07e2,0x0000}, /* U+00C3 Ã */
    {0x07e0,0x0092,0x0090,0x0092,0x07e0,0x0000}, /* U+00C4 Ä */
    {0x07e0,0x0094,0x009a,0x009a,0x07e4,0x0000}, /* U+00C5 Å */
    {0x07e0,0x0090,0x0088,0x07f8,0x0488,0x0488}, /* U+00C6 Æ */
    {0x01f0,0x1208,0x1404,0x0c04,0x0404,0x0000}, /* U+00C7 Ç */
    {0x07f0,0x0492,0x0494,0x0490,0x0410,0x0000}, /* U+00C8 È */
    {0x07f0,0x0490,0x0494,0x0492,0x0410,0x0000}, /* U+00C9 É */
    {0x07f0,0x0494,0x0492,0x0494,0x0410,0x0000}, /* U+00CA Ê */
    {0x07f0,0x0492,0x0490,0x0492,0x0410,0x0000}, /* U+00CB Ë */
    {0x0000,0x0412,0x07f4,0x0410,0x0000,0x0000}, /* U+00CC Ì */
    {0x0000,0x0410,0x07f4,0x0412,0x0000,0x0000}, /* U+00CD Í */
    {0x0000,0x0414,0x07f2,0x0414,0x0000,0x0000}, /* U+00CE Î */
    {0x0000,0x0412,0x07f0,0x0412,0x0000,0x0000}, /* U+00CF Ï */
    {0x0040,0x07fc,0x0444,0x0404,0x0208,0x01f0}, /* U+00D0 Ð */
    {0x07f4,0x0022,0x0042,0x0084,0x07f2,0x0000}, /* U+00D1 Ñ */
    {0x03e0,0x0412,0x0414,0x0410,0x03e0,0x0000}, /* U+00D2 Ò */
    {0x03e0,0x0410,0x0414,0x0412,0x03e0,0x0000}, /* U+00D3 Ó */
    {0x03e0,0x0414,0x0412,0x0414,0x03e0,0x0000}, /* U+00D4 Ô */
    {0x03e4,0x0412,0x0412,0x0414,0x03e2,0x0000}, /* U+00D5 Õ */
    {0x03e0,0x0412,0x0410,0x0412,0x03e0,0x0000}, /* U+00D6 Ö */
    {0x0220,0x0140,0x0080,0x0140,0x0220,0x0000}, /* U+00D7 × */
    {0x03f0,0x0508,0x04c8,0x0428,0x03f0,0x0008}, /* U+00D8 Ø */
    {0x03f0,0x0402,0x0404,0x0400,0x03f0,0x0000}, /* U+00D9 Ù */
    {0x03f0,0x0400,0x0404,0x0402,0x03f0,0x0000}, /* U+00DA Ú */
    {0x03f0,0x0404,0x0402,0x0404,0x03f0,0x0000}, /* U+00DB Û */
    {0x03f0,0x0402,0x0400,0x0402,0x03f0,0x0000}, /* U+00DC Ü */
    {0x0070,0x0080,0x0704,0x0082,0x0070,0x0000}, /* U+00DD Ý */
    {0x0ffc,0x0210,0x0210,0x0210,0x01e0,0x0000}, /* U+00DE Þ */
    {0x07f8,0x0004,0x0424,0x0424,0x03d8,0x0000}, /* U+00DF ß */
    {0x0380,0x0440,0x0452,0x0454,0x07e0,0x0000}, /* U+00E0 à */
    {0x0380,0x0440,0x0454,0x0452,0x07e0,0x0000}, /* U+00E1 á */
    {0x0380,0x0444,0x0452,0x0454,0x07e0,0x0000}, /* U+00E2 â */
    {0x0384,0x0442,0x0452,0x0454,0x07e2,0x0000}, /* U+00E3 ã */
    {0x0380,0x0440,0x0454,0x0450,0x07e4,0x0000}, /* U+00E4 ä */
    {0x0380,0x0444,0x045a,0x045a,0x07e4,0x0000}, /* U+00E5 å */
    {0x0390,0x0450,0x07e0,0x0250,0x0450,0x0460}, /* U+00E6 æ */
    {0x03c0,0x1420,0x1420,0x0c20,0x0420,0x0000}, /* U+00E7 ç */
    {0x03e0,0x0490,0x0492,0x0494,0x00e0,0x0000}, /* U+00E8 è */
    {0x03e0,0x0490,0x0494,0x0492,0x00e0,0x0000}, /* U+00E9 é */
    {0x03e0,0x0494,0x0492,0x0494,0x00e0,0x0000}, /* U+00EA ê */
    {0x03e0,0x0494,0x0490,0x0494,0x00e0,0x0000}, /* U+00EB ë */
    {0x0000,0x0424,0x07e8,0x0400,0x0000,0x0000}, /* U+00EC ì */
    {0x0000,0x0428,0x07e4,0x0400,0x0000,0x0000}, /* U+00ED í */
    {0x0000,0x0428,0x07e4,0x0408,0x0000,0x0000}, /* U+00EE î */
    {0x0000,0x0428,0x07e0,0x0408,0x0000,0x0000}, /* U+00EF ï */
    {0x0380,0x0454,0x0448,0x0454,0x03e0,0x0000}, /* U+00F0 ð */
    {0x07e8,0x0024,0x0024,0x0028,0x07c4,0x0000}, /* U+00F1 ñ */
    {0x03c0,0x0424,0x0428,0x0420,0x03c0,0x0000}, /* U+00F2 ò */
    {0x03c0,0x0420,0x0428,0x0424,0x03c0,0x0000}, /* U+00F3 ó */
    {0x03c0,0x0428,0x0424,0x0428,0x03c0,0x0000}, /* U+00F4 ô */
    {0x03c8,0x0424,0x0424,0x0428,0x03c4,0x0000}, /* U+00F5 õ */
    {0x03c0,0x0428,0x0420,0x0428,0x03c0,0x0000}, /* U+00F6 ö */
    {0x0040,0x0040,0x0358,0x0040,0x0040,0x0000}, /* U+00F7 ÷ */
    {0x07c0,0x0620,0x0520,0x04a0,0x03c0,0x0020}, /* U+00F8 ø */
    {0x03e0,0x0404,0x0408,0x0400,0x07e0,0x0000}, /* U+00F9 ù */
    {0x03e0,0x0400,0x0408,0x0404,0x07e0,0x0000}, /* U+00FA ú */
    {0x03e0,0x0408,0x0404,0x0408,0x07e0,0x0000}, /* U+00FB û */
    {0x03e0,0x0408,0x0400,0x0408,0x07e0,0x0000}, /* U+00FC ü */
    {0x01e0,0x0200,0x0a08,0x0a04,0x07e0,0x0000}, /* U+00FD ý */
    {0x0ff8,0x0220,0x0220,0x0220,0x01c0,0x0000}, /* U+00FE þ */
    {0x01e0,0x0208,0x0a00,0x0a08,0x07e0,0x0000}, /* U+00FF ÿ */
};

typedef struct { uint32_t base; uint32_t count; const uint16_t (*glyphs)[6]; } MizukiHalfRun;
static const MizukiHalfRun MIZUKI_HALF_RUNS[] = {
    { MIZUKI_ASCII_BASE, MIZUKI_ASCII_COUNT, MIZUKI_ASCII_GLYPHS },
    { MIZUKI_LATIN1_SUPPLEMENT_BASE, MIZUKI_LATIN1_SUPPLEMENT_COUNT, MIZUKI_LATIN1_SUPPLEMENT_GLYPHS },
};
#define MIZUKI_HALF_RUNS_COUNT 2

/* U+0391 .. U+03A1, 17 glyphs */
#define MIZUKI_WIDE_RUN0_BASE 0x0391u
#define MIZUKI_WIDE_RUN0_COUNT 17
static const uint16_t MIZUKI_WIDE_RUN0_GLYPHS[MIZUKI_WIDE_RUN0_COUNT][12] = {
    {0x0400,0x0400,0x0700,0x04e2,0x009a,0x0086,0x0098,0x04e0,0x0700,0x0400,0x0400,0x0000}, /* U+0391 Α */
    {0x0000,0x0402,0x0402,0x07fe,0x0422,0x0422,0x0422,0x0422,0x025c,0x0180,0x0000,0x0000}, /* U+0392 Β */
    {0x0000,0x0000,0x0402,0x0402,0x07fe,0x0402,0x0402,0x0002,0x0002,0x000e,0x0000,0x0000}, /* U+0393 Γ */
    {0x0000,0x0600,0x0580,0x0460,0x0418,0x0406,0x0418,0x0460,0x0580,0x0600,0x0000,0x0000}, /* U+0394 Δ */
    {0x0000,0x0000,0x0402,0x0402,0x07fe,0x0422,0x0422,0x0472,0x0402,0x0706,0x0000,0x0000}, /* U+0395 Ε */
    {0x0000,0x0000,0x070e,0x0482,0x0442,0x0422,0x0412,0x040a,0x0706,0x0000,0x0000,0x0000}, /* U+0396 Ζ */
    {0x0000,0x0402,0x0402,0x07fe,0x0422,0x0020,0x0020,0x0422,0x07fe,0x0402,0x0402,0x0000}, /* U+0397 Η */
    {0x0000,0x01f8,0x0204,0x0472,0x0422,0x0422,0x0422,0x0422,0x0472,0x0204,0x01f8,0x0000}, /* U+0398 Θ */
    {0x0000,0x0000,0x0000,0x0402,0x0402,0x07fe,0x0402,0x0402,0x0000,0x0000,0x0000,0x0000}, /* U+0399 Ι */
    {0x0000,0x0402,0x0402,0x07fe,0x0442,0x0060,0x0090,0x050a,0x0606,0x0402,0x0402,0x0000}, /* U+039A Κ */
    {0x0400,0x0400,0x0700,0x04e2,0x001a,0x0006,0x0018,0x04e0,0x0700,0x0400,0x0400,0x0000}, /* U+039B Λ */
    {0x0402,0x0402,0x07fe,0x040e,0x0070,0x0380,0x0070,0x040e,0x07fe,0x0402,0x0402,0x0000}, /* U+039C Μ */
    {0x0000,0x0402,0x0402,0x07fe,0x0406,0x0018,0x0060,0x0182,0x07fe,0x0002,0x0002,0x0000}, /* U+039D Ν */
    {0x0600,0x0500,0x0444,0x0432,0x0422,0x0422,0x0422,0x0662,0x0112,0x0006,0x0002,0x0000}, /* U+039E Ξ */
    {0x0000,0x01f8,0x0204,0x0402,0x0402,0x0402,0x0402,0x0402,0x0204,0x01f8,0x0000,0x0000}, /* U+039F Ο */
    {0x0000,0x0400,0x0402,0x07fe,0x0402,0x0002,0x0002,0x0402,0x07fe,0x0402,0x0400,0x0000}, /* U+03A0 Π */
    {0x0000,0x0402,0x0402,0x07fe,0x0442,0x0042,0x0042,0x0042,0x0024,0x0018,0x0000,0x0000}, /* U+03A1 Ρ */
};

/* U+03B1 .. U+03C1, 17 glyphs */
#define MIZUKI_WIDE_RUN1_BASE 0x03B1u
#define MIZUKI_WIDE_RUN1_COUNT 17
static const uint16_t MIZUKI_WIDE_RUN1_GLYPHS[MIZUKI_WIDE_RUN1_COUNT][12] = {
    {0x0000,0x0380,0x0460,0x0420,0x0410,0x0210,0x0320,0x04c0,0x0420,0x0010,0x0000,0x0000}, /* U+03B1 α */
    {0x0000,0x0000,0x0f00,0x00e0,0x0118,0x0204,0x0212,0x0222,0x01dc,0x0000,0x0000,0x0000}, /* U+03B2 β */
    {0x0000,0x0000,0x0010,0x0c10,0x0320,0x00c0,0x0020,0x0010,0x0010,0x0020,0x0000,0x0000}, /* U+03B3 γ */
    {0x0000,0x0000,0x0380,0x0440,0x042c,0x0412,0x0222,0x01c4,0x0004,0x0000,0x0000,0x0000}, /* U+03B4 δ */
    {0x0000,0x0000,0x0000,0x0300,0x04b0,0x04c8,0x0448,0x0448,0x0208,0x0010,0x0000,0x0000}, /* U+03B5 ε */
    {0x0000,0x0000,0x00c0,0x012c,0x0912,0x0a08,0x0a08,0x0404,0x0004,0x0000,0x0000,0x0000}, /* U+03B6 ζ */
    {0x0000,0x0000,0x0308,0x00c8,0x0030,0x0010,0x0608,0x0188,0x0070,0x0000,0x0000,0x0000}, /* U+03B7 η */
    {0x0000,0x0000,0x0000,0x07e0,0x0858,0x0844,0x0442,0x0342,0x00fc,0x0000,0x0000,0x0000}, /* U+03B8 θ */
    {0x0000,0x0000,0x0300,0x04c0,0x0438,0x0400,0x0400,0x0200,0x0180,0x0000,0x0000,0x0000}, /* U+03B9 ι */
    {0x0000,0x0000,0x0600,0x0188,0x0070,0x00c0,0x0320,0x0410,0x0208,0x0008,0x0000,0x0000}, /* U+03BA κ */
    {0x0000,0x0600,0x0180,0x0042,0x0022,0x0022,0x00fc,0x0300,0x0400,0x0400,0x0000,0x0000}, /* U+03BB λ */
    {0x0000,0x0000,0x0c00,0x0380,0x0270,0x0200,0x0100,0x0380,0x0460,0x0418,0x0000,0x0000}, /* U+03BC μ */
    {0x0000,0x0000,0x0010,0x0710,0x04e0,0x0400,0x0200,0x0180,0x0060,0x0018,0x0000,0x0000}, /* U+03BD ν */
    {0x0000,0x0000,0x00c0,0x0130,0x092c,0x092a,0x092a,0x062a,0x002a,0x0000,0x0000,0x0000}, /* U+03BE ξ */
    {0x0000,0x0000,0x03c0,0x0430,0x0410,0x0408,0x0208,0x0308,0x00f0,0x0000,0x0000,0x0000}, /* U+03BF ο */
    {0x0000,0x0400,0x0210,0x0190,0x0070,0x0210,0x0590,0x0470,0x0410,0x0308,0x0000,0x0000}, /* U+03C0 π */
    {0x0000,0x0000,0x0f00,0x01c0,0x0230,0x0210,0x0208,0x0108,0x0188,0x0070,0x0000,0x0000}, /* U+03C1 ρ */
};

/* U+0410 .. U+044F, 64 glyphs */
#define MIZUKI_WIDE_RUN2_BASE 0x0410u
#define MIZUKI_WIDE_RUN2_COUNT 64
static const uint16_t MIZUKI_WIDE_RUN2_GLYPHS[MIZUKI_WIDE_RUN2_COUNT][12] = {
    {0x0400,0x0400,0x0700,0x04e2,0x009a,0x0086,0x0098,0x04e0,0x0700,0x0400,0x0400,0x0000}, /* U+0410 А */
    {0x0000,0x0402,0x0402,0x07fe,0x0422,0x0422,0x0422,0x0422,0x0244,0x0188,0x0000,0x0000}, /* U+0411 Б */
    {0x0000,0x0402,0x0402,0x07fe,0x0422,0x0422,0x0422,0x0422,0x025c,0x0180,0x0000,0x0000}, /* U+0412 В */
    {0x0000,0x0000,0x0402,0x0402,0x07fe,0x0402,0x0002,0x0002,0x0002,0x000e,0x0000,0x0000}, /* U+0413 Г */
    {0x0000,0x0800,0x0602,0x0382,0x027e,0x0202,0x0202,0x0202,0x03fe,0x0402,0x0800,0x0000}, /* U+0414 Д */
    {0x0000,0x0402,0x0402,0x07fe,0x0422,0x0422,0x0472,0x0406,0x0608,0x0100,0x0000,0x0000}, /* U+0415 Е */
    {0x0408,0x0604,0x0198,0x0462,0x0422,0x07fe,0x0422,0x0462,0x0198,0x0604,0x0408,0x0000}, /* U+0416 Ж */
    {0x0000,0x0000,0x070e,0x0204,0x0402,0x0402,0x0422,0x0422,0x0254,0x0188,0x0000,0x0000}, /* U+0417 З */
    {0x0000,0x0402,0x0402,0x07fe,0x0182,0x0060,0x0018,0x0406,0x07fe,0x0402,0x0402,0x0000}, /* U+0418 И */
    {0x0000,0x0404,0x0404,0x07fc,0x0601,0x0182,0x0062,0x0419,0x07fc,0x0404,0x0404,0x0000}, /* U+0419 Й */
    {0x0000,0x0402,0x0402,0x07fe,0x0442,0x0060,0x0090,0x050c,0x0602,0x0402,0x0404,0x0000}, /* U+041A К */
    {0x0000,0x0380,0x0400,0x0402,0x0202,0x01fe,0x0002,0x0402,0x07fe,0x0402,0x0402,0x0000}, /* U+041B Л */
    {0x0400,0x0402,0x07f2,0x040e,0x0070,0x0380,0x0070,0x040e,0x07f2,0x0402,0x0400,0x0000}, /* U+041C М */
    {0x0000,0x0402,0x0402,0x07fe,0x0422,0x0020,0x0020,0x0422,0x07fe,0x0402,0x0402,0x0000}, /* U+041D Н */
    {0x0000,0x01f8,0x0204,0x0402,0x0402,0x0402,0x0402,0x0402,0x0204,0x01f8,0x0000,0x0000}, /* U+041E О */
    {0x0000,0x0400,0x0402,0x07fe,0x0402,0x0002,0x0002,0x0402,0x07fe,0x0402,0x0400,0x0000}, /* U+041F П */
    {0x0000,0x0402,0x0402,0x07fe,0x0442,0x0042,0x0042,0x0042,0x0024,0x0018,0x0000,0x0000}, /* U+0420 Р */
    {0x0000,0x0000,0x01f8,0x0204,0x0402,0x0402,0x0402,0x0402,0x0204,0x030e,0x0000,0x0000}, /* U+0421 С */
    {0x0010,0x000e,0x0002,0x0402,0x0402,0x07fe,0x0402,0x0402,0x0002,0x000e,0x0010,0x0000}, /* U+0422 Т */
    {0x0000,0x0602,0x0802,0x080e,0x04f2,0x0300,0x00c0,0x0032,0x000e,0x0002,0x0002,0x0000}, /* U+0423 У */
    {0x0000,0x0060,0x0090,0x050a,0x050a,0x07fe,0x050a,0x050a,0x0090,0x0060,0x0000,0x0000}, /* U+0424 Ф */
    {0x0000,0x0402,0x0402,0x070e,0x0492,0x0060,0x0492,0x070e,0x0402,0x0402,0x0000,0x0000}, /* U+0425 Х */
    {0x0000,0x0402,0x0402,0x07fe,0x0402,0x0400,0x0402,0x07fe,0x0402,0x0402,0x0800,0x0000}, /* U+0426 Ц */
    {0x0000,0x0002,0x0002,0x007e,0x0082,0x0080,0x0080,0x0442,0x07fe,0x0402,0x0402,0x0000}, /* U+0427 Ч */
    {0x0402,0x0402,0x07fe,0x0400,0x0402,0x07fe,0x0402,0x0400,0x07fe,0x0402,0x0402,0x0000}, /* U+0428 Ш */
    {0x0402,0x0402,0x07fe,0x0400,0x0402,0x07fe,0x0402,0x0400,0x07fe,0x0402,0x0402,0x0800}, /* U+0429 Щ */
    {0x0000,0x000e,0x0402,0x0402,0x07fe,0x0422,0x0422,0x0420,0x0420,0x0240,0x0180,0x0000}, /* U+042A Ъ */
    {0x0402,0x0402,0x07fe,0x0422,0x0422,0x0420,0x03c2,0x0402,0x07fe,0x0402,0x0402,0x0000}, /* U+042B Ы */
    {0x0000,0x0402,0x0402,0x07fe,0x0422,0x0422,0x0420,0x0420,0x0240,0x0180,0x0000,0x0000}, /* U+042C Ь */
    {0x0000,0x0000,0x070e,0x0204,0x0442,0x0422,0x0422,0x0442,0x0244,0x01f8,0x0000,0x0000}, /* U+042D Э */
    {0x0402,0x0402,0x07fe,0x0422,0x0020,0x01f8,0x0204,0x0402,0x0402,0x0204,0x01f8,0x0000}, /* U+042E Ю */
    {0x0000,0x0400,0x0418,0x0224,0x0142,0x00c2,0x0042,0x0442,0x07fe,0x0402,0x0402,0x0000}, /* U+042F Я */
    {0x0000,0x0000,0x0000,0x0390,0x0488,0x0448,0x0448,0x0248,0x07f0,0x0400,0x0000,0x0000}, /* U+0430 а */
    {0x0000,0x0000,0x0000,0x01f8,0x0224,0x0412,0x0412,0x0221,0x01c0,0x0000,0x0000,0x0000}, /* U+0431 б */
    {0x0000,0x0000,0x0408,0x07f8,0x0448,0x0448,0x0448,0x02b0,0x0100,0x0000,0x0000,0x0000}, /* U+0432 в */
    {0x0000,0x0000,0x0000,0x0408,0x07f8,0x0408,0x0408,0x0008,0x0010,0x0020,0x0000,0x0000}, /* U+0433 г */
    {0x0000,0x0800,0x0408,0x0308,0x02f8,0x0208,0x0208,0x03f8,0x0208,0x0c00,0x0000,0x0000}, /* U+0434 д */
    {0x0000,0x0000,0x01e0,0x0250,0x0448,0x0448,0x0448,0x0450,0x0260,0x0000,0x0000,0x0000}, /* U+0435 е */
    {0x0000,0x0418,0x07a0,0x0060,0x0448,0x07f8,0x0448,0x0060,0x07a0,0x0418,0x0000,0x0000}, /* U+0436 ж */
    {0x0000,0x0000,0x0310,0x0208,0x0408,0x0448,0x0448,0x0448,0x03b0,0x0000,0x0000,0x0000}, /* U+0437 з */
    {0x0000,0x0000,0x0408,0x07f8,0x0608,0x0180,0x0060,0x0418,0x07f8,0x0408,0x0000,0x0000}, /* U+0438 и */
    {0x0000,0x0000,0x0408,0x07f8,0x0609,0x0182,0x0062,0x0419,0x07f8,0x0408,0x0000,0x0000}, /* U+0439 й */
    {0x0000,0x0000,0x0408,0x07f8,0x0488,0x0040,0x00b0,0x0508,0x0608,0x0410,0x0000,0x0000}, /* U+043A к */
    {0x0000,0x0000,0x0300,0x0408,0x0408,0x03f8,0x0008,0x0408,0x07f8,0x0408,0x0000,0x0000}, /* U+043B л */
    {0x0000,0x0408,0x07f8,0x0418,0x00e0,0x0300,0x00e0,0x0418,0x07f8,0x0408,0x0000,0x0000}, /* U+043C м */
    {0x0000,0x0000,0x0408,0x07f8,0x0448,0x0040,0x0040,0x0448,0x07f8,0x0408,0x0000,0x0000}, /* U+043D н */
    {0x0000,0x0000,0x01e0,0x0210,0x0408,0x0408,0x0408,0x0408,0x0210,0x01e0,0x0000,0x0000}, /* U+043E о */
    {0x0000,0x0000,0x0408,0x07f8,0x0408,0x0008,0x0008,0x0408,0x07f8,0x0408,0x0000,0x0000}, /* U+043F п */
    {0x0000,0x0000,0x0808,0x0ff8,0x0910,0x0208,0x0208,0x0208,0x0110,0x00e0,0x0000,0x0000}, /* U+0440 р */
    {0x0000,0x0000,0x01e0,0x0210,0x0408,0x0408,0x0408,0x0408,0x0230,0x0000,0x0000,0x0000}, /* U+0441 с */
    {0x0000,0x0020,0x0018,0x0008,0x0408,0x07f8,0x0408,0x0008,0x0018,0x0020,0x0000,0x0000}, /* U+0442 т */
    {0x0000,0x0000,0x0000,0x0608,0x0838,0x08c8,0x0700,0x00c8,0x0038,0x0008,0x0000,0x0000}, /* U+0443 у */
    {0x0000,0x00f0,0x0108,0x0108,0x0492,0x07fe,0x0490,0x0108,0x0108,0x00f0,0x0000,0x0000}, /* U+0444 ф */
    {0x0000,0x0000,0x0408,0x0618,0x0528,0x00c0,0x0528,0x0618,0x0408,0x0000,0x0000,0x0000}, /* U+0445 х */
    {0x0000,0x0000,0x0408,0x07f8,0x0408,0x0400,0x0408,0x07f8,0x0408,0x0800,0x0000,0x0000}, /* U+0446 ц */
    {0x0000,0x0000,0x0008,0x00f8,0x0108,0x0100,0x0488,0x07f8,0x0408,0x0000,0x0000,0x0000}, /* U+0447 ч */
    {0x0000,0x0408,0x07f8,0x0400,0x0408,0x07f8,0x0408,0x0400,0x07f8,0x0408,0x0000,0x0000}, /* U+0448 ш */
    {0x0000,0x0408,0x07f8,0x0400,0x0408,0x07f8,0x0408,0x0400,0x07f8,0x0408,0x0800,0x0000}, /* U+0449 щ */
    {0x0000,0x0000,0x0030,0x0408,0x0408,0x07f8,0x0448,0x0440,0x0440,0x0380,0x0000,0x0000}, /* U+044A ъ */
    {0x0000,0x0408,0x07f8,0x0448,0x0440,0x0440,0x0380,0x0408,0x07f8,0x0408,0x0000,0x0000}, /* U+044B ы */
    {0x0000,0x0000,0x0000,0x0408,0x07f8,0x0448,0x0440,0x0440,0x0380,0x0000,0x0000,0x0000}, /* U+044C ь */
    {0x0000,0x0000,0x0210,0x0488,0x0448,0x0448,0x0488,0x0290,0x01e0,0x0000,0x0000,0x0000}, /* U+044D э */
    {0x0000,0x0000,0x0408,0x07f8,0x0448,0x03f0,0x0408,0x0408,0x0408,0x03f0,0x0000,0x0000}, /* U+044E ю */
    {0x0000,0x0000,0x0430,0x0448,0x0348,0x00c8,0x0448,0x07f8,0x0408,0x0000,0x0000,0x0000}, /* U+044F я */
};

/* U+3005 .. U+3015, 17 glyphs */
#define MIZUKI_CJK_SYMBOLS_BASE 0x3005u
#define MIZUKI_CJK_SYMBOLS_COUNT 17
static const uint16_t MIZUKI_CJK_SYMBOLS_GLYPHS[MIZUKI_CJK_SYMBOLS_COUNT][12] = {
    {0x0000,0x0000,0x0060,0x001c,0x0110,0x0210,0x0510,0x0090,0x0070,0x0000,0x0000,0x0000}, /* U+3005 々 */
    {0x0000,0x07c0,0x0220,0x0110,0x0090,0x0050,0x0020,0x0050,0x0088,0x0104,0x0000,0x0000}, /* U+3006 〆 */
    {0x00e0,0x0110,0x0208,0x0208,0x0404,0x0404,0x0404,0x0208,0x0208,0x0110,0x00e0,0x0000}, /* U+3007 〇 */
    {0x0000,0x0000,0x0000,0x0000,0x0000,0x0000,0x0000,0x00e0,0x0318,0x0c06,0x0000,0x0000}, /* U+3008 〈 */
    {0x0000,0x0c06,0x0318,0x00e0,0x0000,0x0000,0x0000,0x0000,0x0000,0x0000,0x0000,0x0000}, /* U+3009 〉 */
    {0x0000,0x0000,0x0000,0x0000,0x0000,0x00e0,0x0318,0x0c06,0x00e0,0x0318,0x0c06,0x0000}, /* U+300A 《 */
    {0x0c06,0x0318,0x00e0,0x0c06,0x0318,0x00e0,0x0000,0x0000,0x0000,0x0000,0x0000,0x0000}, /* U+300B 》 */
    {0x0000,0x0000,0x0000,0x0000,0x0000,0x0000,0x00ff,0x0001,0x0001,0x0001,0x0000,0x0000}, /* U+300C 「 */
    {0x0000,0x1000,0x1000,0x1000,0x1fe0,0x0000,0x0000,0x0000,0x0000,0x0000,0x0000,0x0000}, /* U+300D 」 */
    {0x0000,0x0000,0x0000,0x0000,0x01ff,0x0101,0x01fd,0x0005,0x0005,0x0007,0x0000,0x0000}, /* U+300E 『 */
    {0x0000,0x1c00,0x1400,0x1400,0x17f0,0x1010,0x1ff0,0x0000,0x0000,0x0000,0x0000,0x0000}, /* U+300F 』 */
    {0x0000,0x0000,0x0000,0x0000,0x0000,0x0000,0x1fff,0x1e0f,0x1803,0x1001,0x0000,0x0000}, /* U+3010 【 */
    {0x0000,0x1001,0x1803,0x1e0f,0x1fff,0x0000,0x0000,0x0000,0x0000,0x0000,0x0000,0x0000}, /* U+3011 】 */
    {0x0000,0x0022,0x0022,0x0022,0x0022,0x07e2,0x0022,0x0022,0x0022,0x0022,0x0000,0x0000}, /* U+3012 〒 */
    {0x0000,0x03b8,0x03b8,0x03b8,0x03b8,0x03b8,0x03b8,0x03b8,0x03b8,0x03b8,0x0000,0x0000}, /* U+3013 〓 */
    {0x0000,0x0000,0x0000,0x0000,0x0000,0x0000,0x0000,0x07fc,0x0802,0x1001,0x0000,0x0000}, /* U+3014 〔 */
    {0x0000,0x1001,0x0802,0x07fc,0x0000,0x0000,0x0000,0x0000,0x0000,0x0000,0x0000,0x0000}, /* U+3015 〕 */
};

/* U+3041 .. U+3093, 83 glyphs */
#define MIZUKI_HIRAGANA_BASE 0x3041u
#define MIZUKI_HIRAGANA_COUNT 83
static const uint16_t MIZUKI_HIRAGANA_GLYPHS[MIZUKI_HIRAGANA_COUNT][12] = {
    {0x0000,0x0000,0x0620,0x0920,0x0fe0,0x04b0,0x03a0,0x08a0,0x0720,0x0000,0x0000,0x0000}, /* U+3041 ぁ */
    {0x0000,0x0308,0x0488,0x0448,0x03f8,0x062e,0x0128,0x08e8,0x0824,0x0444,0x0380,0x0000}, /* U+3042 あ */
    {0x0000,0x0000,0x03e0,0x0400,0x0400,0x0200,0x0000,0x0060,0x0380,0x0000,0x0000,0x0000}, /* U+3043 ぃ */
    {0x0000,0x01e0,0x0218,0x0400,0x0400,0x0200,0x0100,0x0000,0x0010,0x0060,0x0180,0x0000}, /* U+3044 い */
    {0x0000,0x0000,0x0000,0x0100,0x0110,0x0890,0x08a0,0x04a0,0x0300,0x0000,0x0000,0x0000}, /* U+3045 ぅ */
    {0x0000,0x0000,0x0020,0x0822,0x0812,0x0412,0x0414,0x0224,0x01c0,0x0000,0x0000,0x0000}, /* U+3046 う */
    {0x0000,0x0000,0x0000,0x0880,0x0490,0x0290,0x05a0,0x08a0,0x0800,0x0000,0x0000,0x0000}, /* U+3047 ぇ */
    {0x0000,0x0800,0x0410,0x0210,0x0112,0x0192,0x0654,0x0834,0x0800,0x0800,0x0000,0x0000}, /* U+3048 え */
    {0x0000,0x0000,0x0e40,0x0940,0x07f0,0x0140,0x0940,0x0900,0x0620,0x0040,0x0000,0x0000}, /* U+3049 ぉ */
    {0x0000,0x0608,0x0908,0x0888,0x07fe,0x0048,0x0048,0x0840,0x0844,0x0484,0x0308,0x0000}, /* U+304A お */
    {0x0000,0x0610,0x0190,0x087e,0x0810,0x0810,0x07e0,0x0000,0x000c,0x0030,0x00c0,0x0000}, /* U+304B か */
    {0x0000,0x0610,0x0190,0x087e,0x0810,0x0810,0x07e0,0x0004,0x0008,0x0062,0x0184,0x0000}, /* U+304C が */
    {0x0000,0x0028,0x0328,0x04a8,0x08a8,0x08ae,0x08b8,0x0954,0x0194,0x0010,0x0000,0x0000}, /* U+304D き */
    {0x0000,0x0028,0x0328,0x04a8,0x08a8,0x08ae,0x08b8,0x0952,0x0194,0x0011,0x0002,0x0000}, /* U+304E ぎ */
    {0x0000,0x0000,0x0000,0x00c0,0x0120,0x0110,0x0208,0x0404,0x0800,0x0000,0x0000,0x0000}, /* U+304F く */
    {0x0000,0x0000,0x00c0,0x0120,0x0110,0x0208,0x0404,0x0810,0x0020,0x0008,0x0010,0x0000}, /* U+3050 ぐ */
    {0x0000,0x03f0,0x0c0c,0x0000,0x0010,0x0810,0x0810,0x0410,0x03fe,0x0010,0x0010,0x0000}, /* U+3051 け */
    {0x03f0,0x0c0c,0x0000,0x0010,0x0810,0x0810,0x0410,0x03fe,0x0008,0x0012,0x0004,0x0000}, /* U+3052 げ */
    {0x0000,0x0000,0x0300,0x0484,0x0404,0x0404,0x0404,0x0404,0x0404,0x0200,0x0000,0x0000}, /* U+3053 こ */
    {0x0000,0x0300,0x0484,0x0404,0x0404,0x0404,0x0404,0x0404,0x0210,0x0024,0x0008,0x0000}, /* U+3054 ご */
    {0x0000,0x0010,0x0310,0x0490,0x0890,0x0890,0x089e,0x0970,0x0188,0x0008,0x0000,0x0000}, /* U+3055 さ */
    {0x0010,0x0310,0x0490,0x0890,0x089e,0x08a8,0x0948,0x0184,0x0008,0x0002,0x0004,0x0000}, /* U+3056 ざ */
    {0x0000,0x0000,0x0000,0x03e0,0x041c,0x0800,0x0800,0x0800,0x0400,0x0300,0x0000,0x0000}, /* U+3057 し */
    {0x0000,0x0000,0x03e0,0x041c,0x0800,0x0800,0x0808,0x0410,0x0304,0x0008,0x0000,0x0000}, /* U+3058 じ */
    {0x0008,0x0008,0x0008,0x08c8,0x0928,0x0528,0x03fe,0x0008,0x0008,0x0008,0x0008,0x0000}, /* U+3059 す */
    {0x0008,0x0008,0x0008,0x08c8,0x0928,0x0528,0x03fe,0x0008,0x0088,0x0128,0x0048,0x0000}, /* U+305A ず */
    {0x0000,0x0020,0x0020,0x07fc,0x0820,0x0820,0x0910,0x0910,0x09fe,0x0810,0x0010,0x0000}, /* U+305B せ */
    {0x0020,0x0020,0x07fc,0x0820,0x0820,0x0910,0x0910,0x09fe,0x0810,0x0024,0x0008,0x0000}, /* U+305C ぜ */
    {0x0000,0x0040,0x0040,0x0044,0x0744,0x08e4,0x0854,0x084c,0x0844,0x0040,0x0040,0x0000}, /* U+305D そ */
    {0x0040,0x0040,0x0044,0x0744,0x08e4,0x0854,0x084c,0x0848,0x0050,0x0044,0x0008,0x0000}, /* U+305E ぞ */
    {0x0000,0x0c08,0x0388,0x007e,0x0008,0x0308,0x04a8,0x0428,0x0428,0x0420,0x0400,0x0000}, /* U+305F た */
    {0x0000,0x0c08,0x0388,0x007e,0x0008,0x0308,0x04a8,0x042a,0x0424,0x0421,0x0402,0x0000}, /* U+3060 だ */
    {0x0000,0x0008,0x0008,0x00c8,0x08b8,0x084e,0x0848,0x0848,0x0488,0x0308,0x0008,0x0000}, /* U+3061 ち */
    {0x0008,0x0008,0x00c8,0x08b8,0x084e,0x0848,0x0848,0x048a,0x0304,0x0001,0x0002,0x0000}, /* U+3062 ぢ */
    {0x0000,0x0000,0x0080,0x0080,0x0840,0x0840,0x0840,0x0480,0x0300,0x0000,0x0000,0x0000}, /* U+3063 っ */
    {0x0000,0x0010,0x0010,0x0410,0x0408,0x0408,0x0208,0x0208,0x0110,0x00e0,0x0000,0x0000}, /* U+3064 つ */
    {0x0000,0x0010,0x0010,0x0410,0x0408,0x0408,0x0208,0x020a,0x0114,0x00e1,0x0002,0x0000}, /* U+3065 づ */
    {0x0010,0x0010,0x0010,0x0010,0x03c8,0x0428,0x0818,0x0808,0x0808,0x0008,0x0000,0x0000}, /* U+3066 て */
    {0x0010,0x0010,0x0010,0x0010,0x03c8,0x0428,0x0818,0x0848,0x0888,0x0028,0x0040,0x0000}, /* U+3067 で */
    {0x0000,0x0000,0x0300,0x0480,0x084e,0x0870,0x0820,0x0820,0x0820,0x0000,0x0000,0x0000}, /* U+3068 と */
    {0x0000,0x0300,0x0480,0x084e,0x0870,0x0820,0x0822,0x0824,0x0001,0x0002,0x0000,0x0000}, /* U+3069 ど */
    {0x0008,0x0308,0x00c8,0x0038,0x060e,0x0908,0x0908,0x0900,0x07e4,0x0204,0x0408,0x0000}, /* U+306A な */
    {0x0000,0x03f0,0x0c0c,0x0000,0x0000,0x0300,0x0488,0x0408,0x0408,0x0408,0x0400,0x0000}, /* U+306B に */
    {0x0000,0x0380,0x0478,0x05a0,0x0210,0x0190,0x067e,0x0910,0x0910,0x0620,0x0bc0,0x0000}, /* U+306C ぬ */
    {0x0000,0x0210,0x0110,0x0ffe,0x0040,0x0020,0x0610,0x0910,0x0910,0x0620,0x0bc0,0x0000}, /* U+306D ね */
    {0x0000,0x01c0,0x0220,0x0210,0x0188,0x0078,0x0008,0x0408,0x0408,0x0210,0x01e0,0x0000}, /* U+306E の */
    {0x0000,0x03f0,0x0c0c,0x0000,0x0610,0x0910,0x0910,0x0910,0x07fe,0x0210,0x0410,0x0000}, /* U+306F は */
    {0x03f0,0x0c0c,0x0000,0x0610,0x0910,0x0910,0x0910,0x07fe,0x0208,0x0412,0x0004,0x0000}, /* U+3070 ば */
    {0x03f0,0x0c0c,0x0000,0x0610,0x0910,0x0910,0x0910,0x07fc,0x0212,0x0412,0x000c,0x0000}, /* U+3071 ぱ */
    {0x0000,0x0384,0x0464,0x0814,0x080c,0x0800,0x0400,0x030c,0x00f0,0x0020,0x0040,0x0000}, /* U+3072 ひ */
    {0x0000,0x0384,0x0464,0x0814,0x080c,0x0800,0x0400,0x0304,0x00e8,0x0042,0x0084,0x0000}, /* U+3073 び */
    {0x0000,0x0384,0x0464,0x0814,0x080c,0x0800,0x0400,0x030c,0x00f2,0x0012,0x002c,0x0000}, /* U+3074 ぴ */
    {0x0000,0x0600,0x01c0,0x0004,0x0804,0x08e4,0x0714,0x000c,0x0000,0x00c0,0x0700,0x0000}, /* U+3075 ふ */
    {0x0000,0x0600,0x01c0,0x0004,0x0804,0x08e4,0x0714,0x000c,0x0008,0x0192,0x0604,0x0000}, /* U+3076 ぶ */
    {0x0000,0x0600,0x01c0,0x0004,0x0804,0x08e4,0x0714,0x000c,0x0012,0x0192,0x060c,0x0000}, /* U+3077 ぷ */
    {0x0080,0x0040,0x0020,0x0020,0x0020,0x0040,0x0080,0x0100,0x0100,0x0200,0x0200,0x0000}, /* U+3078 へ */
    {0x0080,0x0040,0x0020,0x0020,0x0020,0x0040,0x0088,0x0110,0x0104,0x0208,0x0200,0x0000}, /* U+3079 べ */
    {0x0080,0x0040,0x0020,0x0020,0x0020,0x0040,0x0098,0x0124,0x0124,0x0218,0x0200,0x0000}, /* U+307A ぺ */
    {0x0000,0x03f0,0x0c0c,0x0000,0x0624,0x0924,0x0924,0x0924,0x07fc,0x0224,0x0424,0x0000}, /* U+307B ほ */
    {0x03f0,0x0c0c,0x0000,0x0624,0x0924,0x0924,0x0924,0x07fc,0x0228,0x0422,0x0004,0x0000}, /* U+307C ぼ */
    {0x03f0,0x0c0c,0x0000,0x0624,0x0924,0x0924,0x0924,0x07fc,0x0212,0x0412,0x000c,0x0000}, /* U+307D ぽ */
    {0x0000,0x0008,0x0628,0x0928,0x0928,0x0928,0x07fe,0x0228,0x0228,0x0428,0x0000,0x0000}, /* U+307E ま */
    {0x0300,0x0484,0x0444,0x0244,0x01c4,0x087c,0x0840,0x0440,0x03f8,0x0080,0x0100,0x0000}, /* U+307F み */
    {0x0000,0x0188,0x0248,0x0248,0x07fe,0x0808,0x0808,0x0800,0x0808,0x0708,0x0010,0x0000}, /* U+3080 む */
    {0x0000,0x0380,0x0458,0x04e0,0x0310,0x0190,0x007e,0x0810,0x0810,0x0420,0x03c0,0x0000}, /* U+3081 め */
    {0x0000,0x0048,0x0048,0x03c8,0x047e,0x0848,0x0848,0x0848,0x0448,0x0300,0x0000,0x0000}, /* U+3082 も */
    {0x0000,0x0000,0x0080,0x00e0,0x0380,0x0c40,0x00f0,0x0240,0x0180,0x0000,0x0000,0x0000}, /* U+3083 ゃ */
    {0x0000,0x0040,0x0040,0x003c,0x0060,0x0390,0x0c10,0x003e,0x0088,0x0088,0x0070,0x0000}, /* U+3084 や */
    {0x0000,0x0000,0x01e0,0x0700,0x0080,0x0240,0x0a70,0x07c0,0x0240,0x0180,0x0000,0x0000}, /* U+3085 ゅ */
    {0x0000,0x0078,0x0380,0x0060,0x0010,0x0908,0x0908,0x07fe,0x0108,0x0108,0x00f0,0x0000}, /* U+3086 ゆ */
    {0x0000,0x0000,0x0000,0x0600,0x0900,0x0900,0x07f0,0x0240,0x0440,0x0000,0x0000,0x0000}, /* U+3087 ょ */
    {0x0000,0x0600,0x0900,0x0900,0x0900,0x07fe,0x0210,0x0210,0x0410,0x0000,0x0000,0x0000}, /* U+3088 よ */
    {0x0000,0x0000,0x00f0,0x0080,0x0882,0x0842,0x0844,0x0444,0x0480,0x0300,0x0000,0x0000}, /* U+3089 ら */
    {0x0000,0x0000,0x0000,0x00fc,0x0100,0x0880,0x0800,0x0400,0x03fc,0x0000,0x0000,0x0000}, /* U+308A り */
    {0x0000,0x0000,0x0080,0x0644,0x0944,0x0924,0x0e34,0x082c,0x0444,0x0380,0x0000,0x0000}, /* U+308B る */
    {0x0000,0x0210,0x0110,0x0ffe,0x0040,0x0020,0x0010,0x0010,0x0710,0x08e0,0x0800,0x0000}, /* U+308C れ */
    {0x0000,0x0000,0x0080,0x0044,0x0844,0x0824,0x0834,0x042c,0x0444,0x0380,0x0000,0x0000}, /* U+308D ろ */
    {0x0000,0x0000,0x0440,0x0240,0x0ff0,0x0080,0x0840,0x0840,0x0780,0x0000,0x0000,0x0000}, /* U+308E ゎ */
    {0x0000,0x0210,0x0110,0x0ffe,0x0040,0x0020,0x0010,0x0810,0x0810,0x0420,0x03c0,0x0000}, /* U+308F わ */
    {0x0000,0x0380,0x0444,0x0424,0x0324,0x00e4,0x001c,0x0610,0x0910,0x0920,0x07c0,0x0000}, /* U+3090 ゐ */
    {0x0000,0x0800,0x0422,0x05a2,0x0752,0x0952,0x095a,0x0596,0x0492,0x0462,0x0800,0x0000}, /* U+3091 ゑ */
    {0x0000,0x0188,0x0048,0x0638,0x092e,0x08a8,0x0bc8,0x0888,0x0848,0x0040,0x0000,0x0000}, /* U+3092 を */
    {0x0000,0x0c00,0x0300,0x00c0,0x00b0,0x004c,0x0040,0x0780,0x0800,0x0800,0x0600,0x0000}, /* U+3093 ん */
};

/* U+30A1 .. U+30F6, 86 glyphs */
#define MIZUKI_KATAKANA_BASE 0x30A1u
#define MIZUKI_KATAKANA_COUNT 86
static const uint16_t MIZUKI_KATAKANA_GLYPHS[MIZUKI_KATAKANA_COUNT][12] = {
    {0x0000,0x0000,0x0020,0x0820,0x0420,0x03a0,0x0020,0x0120,0x00e0,0x0000,0x0000,0x0000}, /* U+30A1 ァ */
    {0x0000,0x0004,0x0804,0x0804,0x0404,0x03e4,0x0004,0x0004,0x0024,0x0014,0x000c,0x0000}, /* U+30A2 ア */
    {0x0000,0x0000,0x0000,0x0100,0x0100,0x0080,0x0f80,0x0040,0x0020,0x0000,0x0000,0x0000}, /* U+30A3 ィ */
    {0x0000,0x0080,0x0080,0x0040,0x0040,0x0020,0x0fe0,0x0010,0x0008,0x0004,0x0000,0x0000}, /* U+30A4 イ */
    {0x0000,0x0000,0x01c0,0x0040,0x0840,0x0870,0x0840,0x0440,0x03c0,0x0000,0x0000,0x0000}, /* U+30A5 ゥ */
    {0x0000,0x0078,0x0008,0x0808,0x0808,0x040e,0x0408,0x0208,0x0188,0x0078,0x0000,0x0000}, /* U+30A6 ウ */
    {0x0000,0x0000,0x0420,0x0420,0x0420,0x07e0,0x0420,0x0420,0x0420,0x0000,0x0000,0x0000}, /* U+30A7 ェ */
    {0x0400,0x0408,0x0408,0x0408,0x0408,0x07f8,0x0408,0x0408,0x0408,0x0408,0x0400,0x0000}, /* U+30A8 エ */
    {0x0000,0x0000,0x0440,0x0440,0x0240,0x0940,0x0ff0,0x0040,0x0040,0x0000,0x0000,0x0000}, /* U+30A9 ォ */
    {0x0000,0x0210,0x0210,0x0110,0x0110,0x0890,0x0850,0x0ffe,0x0010,0x0010,0x0010,0x0000}, /* U+30AA オ */
    {0x0000,0x0810,0x0810,0x0410,0x0310,0x00fe,0x0010,0x0810,0x0810,0x0810,0x07f0,0x0000}, /* U+30AB カ */
    {0x0810,0x0810,0x0410,0x0310,0x00fe,0x0010,0x0810,0x0812,0x0814,0x07f1,0x0002,0x0000}, /* U+30AC ガ */
    {0x0000,0x0110,0x0110,0x0110,0x0110,0x01fe,0x0f10,0x0110,0x0110,0x0110,0x0100,0x0000}, /* U+30AD キ */
    {0x0110,0x0110,0x0110,0x0110,0x01fe,0x0f10,0x0110,0x0114,0x0108,0x0102,0x0004,0x0000}, /* U+30AE ギ */
    {0x0000,0x0000,0x0840,0x0820,0x0810,0x040e,0x0408,0x0208,0x0188,0x0078,0x0000,0x0000}, /* U+30AF ク */
    {0x0000,0x0840,0x0820,0x0810,0x040e,0x0408,0x0208,0x018a,0x007c,0x0001,0x0002,0x0000}, /* U+30B0 グ */
    {0x0000,0x0040,0x0820,0x081e,0x0410,0x0410,0x0310,0x00f0,0x0010,0x0010,0x0010,0x0000}, /* U+30B1 ケ */
    {0x0040,0x0820,0x081e,0x0410,0x0410,0x0310,0x00f0,0x0012,0x0014,0x0011,0x0002,0x0000}, /* U+30B2 ゲ */
    {0x0000,0x0408,0x0408,0x0408,0x0408,0x0408,0x0408,0x0408,0x0408,0x0ff8,0x0000,0x0000}, /* U+30B3 コ */
    {0x0000,0x0408,0x0408,0x0408,0x0408,0x0408,0x040a,0x040c,0x0408,0x0ff9,0x0002,0x0000}, /* U+30B4 ゴ */
    {0x0000,0x0010,0x0010,0x08fe,0x0810,0x0410,0x0410,0x0310,0x00fe,0x0010,0x0010,0x0000}, /* U+30B5 サ */
    {0x0010,0x0010,0x08fe,0x0810,0x0410,0x0410,0x0310,0x00fe,0x0008,0x0012,0x0004,0x0000}, /* U+30B6 ザ */
    {0x0000,0x0020,0x0824,0x0844,0x0848,0x0408,0x0400,0x0200,0x0100,0x00c0,0x0030,0x0000}, /* U+30B7 シ */
    {0x0000,0x0020,0x0824,0x0844,0x0848,0x0408,0x0400,0x0202,0x0104,0x00c1,0x0032,0x0000}, /* U+30B8 ジ */
    {0x0000,0x0800,0x0804,0x0404,0x0404,0x0204,0x0104,0x01c4,0x023c,0x0400,0x0800,0x0000}, /* U+30B9 ス */
    {0x0800,0x0804,0x0404,0x0404,0x0204,0x0104,0x01c5,0x023e,0x0400,0x0801,0x0002,0x0000}, /* U+30BA ズ */
    {0x0040,0x0040,0x0040,0x0020,0x07fe,0x0820,0x0810,0x0810,0x0888,0x0868,0x0818,0x0000}, /* U+30BB セ */
    {0x0040,0x0040,0x0040,0x0020,0x07fe,0x0820,0x0810,0x0812,0x088c,0x0869,0x081a,0x0000}, /* U+30BC ゼ */
    {0x0000,0x000c,0x0030,0x0800,0x0800,0x0400,0x0400,0x0200,0x0180,0x007c,0x0000,0x0000}, /* U+30BD ソ */
    {0x000c,0x0030,0x0800,0x0800,0x0400,0x0400,0x0200,0x0182,0x0074,0x0001,0x0002,0x0000}, /* U+30BE ゾ */
    {0x0000,0x0000,0x0840,0x0820,0x0810,0x044e,0x0448,0x0288,0x0188,0x0078,0x0000,0x0000}, /* U+30BF タ */
    {0x0000,0x0840,0x0820,0x0810,0x044e,0x0448,0x0288,0x018a,0x007c,0x0001,0x0002,0x0000}, /* U+30C0 ダ */
    {0x0040,0x0048,0x0848,0x0848,0x0448,0x03f8,0x0044,0x0044,0x0044,0x0044,0x0040,0x0000}, /* U+30C1 チ */
    {0x0040,0x0048,0x0848,0x0848,0x0448,0x03f8,0x0044,0x0044,0x0048,0x0042,0x0044,0x0000}, /* U+30C2 ヂ */
    {0x0000,0x0000,0x00e0,0x0800,0x0800,0x04e0,0x0400,0x0300,0x00e0,0x0000,0x0000,0x0000}, /* U+30C3 ッ */
    {0x0000,0x000c,0x0030,0x0800,0x080c,0x0430,0x0400,0x0200,0x0180,0x007c,0x0000,0x0000}, /* U+30C4 ツ */
    {0x000c,0x0030,0x0800,0x080c,0x0430,0x0400,0x0200,0x0182,0x0074,0x0001,0x0002,0x0000}, /* U+30C5 ヅ */
    {0x0000,0x0020,0x0024,0x0824,0x0824,0x0424,0x03e4,0x0024,0x0024,0x0024,0x0020,0x0000}, /* U+30C6 テ */
    {0x0020,0x0024,0x0824,0x0824,0x0424,0x03e4,0x0024,0x0022,0x0024,0x0021,0x0002,0x0000}, /* U+30C7 デ */
    {0x0000,0x0000,0x0000,0x0ffe,0x0020,0x0020,0x0040,0x0040,0x0080,0x0080,0x0000,0x0000}, /* U+30C8 ト */
    {0x0000,0x0000,0x0ffe,0x0020,0x0020,0x0040,0x0044,0x0088,0x0082,0x0004,0x0000,0x0000}, /* U+30C9 ド */
    {0x0000,0x0010,0x0810,0x0810,0x0410,0x0310,0x00fe,0x0010,0x0010,0x0010,0x0010,0x0000}, /* U+30CA ナ */
    {0x0000,0x0400,0x0408,0x0408,0x0408,0x0408,0x0408,0x0408,0x0408,0x0408,0x0400,0x0000}, /* U+30CB ニ */
    {0x0000,0x0800,0x0804,0x0804,0x0424,0x0444,0x0284,0x0184,0x0264,0x041c,0x0000,0x0000}, /* U+30CC ヌ */
    {0x0200,0x0208,0x0208,0x0108,0x0108,0x0f8e,0x00c8,0x0128,0x0118,0x0200,0x0200,0x0000}, /* U+30CD ネ */
    {0x0000,0x0000,0x0800,0x0800,0x0400,0x0400,0x0200,0x0180,0x007c,0x0000,0x0000,0x0000}, /* U+30CE ノ */
    {0x0000,0x0e00,0x01c0,0x003c,0x0000,0x0000,0x0000,0x0000,0x0018,0x00e0,0x0f00,0x0000}, /* U+30CF ハ */
    {0x0000,0x0c00,0x0380,0x0078,0x0000,0x0000,0x0000,0x0004,0x00c8,0x0302,0x0c04,0x0000}, /* U+30D0 バ */
    {0x0000,0x0c00,0x0380,0x0078,0x0000,0x0000,0x0000,0x000c,0x00d2,0x0312,0x0c0c,0x0000}, /* U+30D1 パ */
    {0x0000,0x0000,0x07fe,0x0820,0x0820,0x0820,0x0820,0x0810,0x0810,0x0810,0x0000,0x0000}, /* U+30D2 ヒ */
    {0x0000,0x0000,0x07fc,0x0840,0x0840,0x0840,0x0840,0x0824,0x0828,0x0822,0x0004,0x0000}, /* U+30D3 ビ */
    {0x0000,0x07fc,0x0840,0x0840,0x0840,0x0820,0x0820,0x080c,0x0812,0x0012,0x000c,0x0000}, /* U+30D4 ピ */
    {0x0000,0x0004,0x0804,0x0804,0x0804,0x0404,0x0404,0x0204,0x0184,0x007c,0x0000,0x0000}, /* U+30D5 フ */
    {0x0008,0x0008,0x0808,0x0808,0x0408,0x0408,0x020a,0x018c,0x0078,0x0001,0x0002,0x0000}, /* U+30D6 ブ */
    {0x0004,0x0004,0x0804,0x0804,0x0404,0x0404,0x0204,0x0186,0x0079,0x0009,0x0006,0x0000}, /* U+30D7 プ */
    {0x0080,0x0040,0x0020,0x0010,0x0010,0x0010,0x0020,0x0040,0x0080,0x0100,0x0200,0x0000}, /* U+30D8 ヘ */
    {0x0100,0x0080,0x0040,0x0020,0x0020,0x0020,0x0040,0x0084,0x0108,0x0202,0x0404,0x0000}, /* U+30D9 ベ */
    {0x0100,0x0080,0x0040,0x0020,0x0020,0x0020,0x0040,0x008c,0x0112,0x0212,0x040c,0x0000}, /* U+30DA ペ */
    {0x0210,0x0110,0x0090,0x0010,0x0810,0x0ffe,0x0010,0x0010,0x0090,0x0110,0x0210,0x0000}, /* U+30DB ホ */
    {0x0210,0x0110,0x0090,0x0010,0x0810,0x0ffe,0x0010,0x0012,0x0094,0x0111,0x0212,0x0000}, /* U+30DC ボ */
    {0x0210,0x0110,0x0090,0x0010,0x0810,0x0ffe,0x0010,0x001c,0x0092,0x0112,0x020c,0x0000}, /* U+30DD ポ */
    {0x0000,0x0008,0x0008,0x0088,0x0108,0x0208,0x0508,0x0888,0x0048,0x0028,0x0018,0x0000}, /* U+30DE マ */
    {0x0000,0x0000,0x0400,0x0444,0x0444,0x0444,0x0888,0x0888,0x0808,0x0000,0x0000,0x0000}, /* U+30DF ミ */
    {0x0400,0x0400,0x0700,0x04e0,0x041e,0x0200,0x0200,0x0200,0x01c0,0x0e00,0x0000,0x0000}, /* U+30E0 ム */
    {0x0000,0x0800,0x0820,0x0420,0x0440,0x0240,0x01c0,0x00be,0x0080,0x0100,0x0100,0x0000}, /* U+30E1 メ */
    {0x0040,0x0044,0x0044,0x0044,0x07fc,0x0844,0x0844,0x0844,0x0844,0x0040,0x0040,0x0000}, /* U+30E2 モ */
    {0x0000,0x0000,0x0080,0x0080,0x01f0,0x0e80,0x0040,0x0340,0x00c0,0x0000,0x0000,0x0000}, /* U+30E3 ャ */
    {0x0020,0x0020,0x0020,0x001e,0x01f0,0x0e10,0x0010,0x0008,0x00c8,0x0038,0x0000,0x0000}, /* U+30E4 ヤ */
    {0x0000,0x0400,0x0420,0x0420,0x0420,0x0420,0x07e0,0x0400,0x0400,0x0000,0x0000,0x0000}, /* U+30E5 ュ */
    {0x0400,0x0400,0x0408,0x0408,0x0408,0x0408,0x0408,0x07f8,0x0400,0x0400,0x0400,0x0000}, /* U+30E6 ユ */
    {0x0000,0x0000,0x0000,0x0920,0x0920,0x0920,0x0920,0x0920,0x0fe0,0x0000,0x0000,0x0000}, /* U+30E7 ョ */
    {0x0000,0x0000,0x0444,0x0444,0x0444,0x0444,0x0444,0x0444,0x0444,0x0ffc,0x0000,0x0000}, /* U+30E8 ヨ */
    {0x0000,0x0020,0x0024,0x0824,0x0824,0x0424,0x0424,0x0224,0x0124,0x00e0,0x0000,0x0000}, /* U+30E9 ラ */
    {0x0000,0x0000,0x007e,0x0000,0x0800,0x0800,0x0400,0x0300,0x00fe,0x0000,0x0000,0x0000}, /* U+30EA リ */
    {0x0000,0x0c00,0x0300,0x00fc,0x0000,0x0000,0x0ffe,0x0800,0x0400,0x0300,0x00c0,0x0000}, /* U+30EB ル */
    {0x0000,0x0000,0x0ffc,0x0800,0x0800,0x0400,0x0400,0x0200,0x0100,0x0080,0x0000,0x0000}, /* U+30EC レ */
    {0x0000,0x0ff8,0x0408,0x0408,0x0408,0x0408,0x0408,0x0408,0x0408,0x0ff8,0x0000,0x0000}, /* U+30ED ロ */
    {0x0000,0x0000,0x00e0,0x0020,0x0820,0x0820,0x0820,0x0420,0x03e0,0x0000,0x0000,0x0000}, /* U+30EE ヮ */
    {0x0000,0x003c,0x0004,0x0804,0x0804,0x0404,0x0404,0x0204,0x0184,0x007c,0x0000,0x0000}, /* U+30EF ワ */
    {0x0000,0x0100,0x0110,0x01f0,0x0110,0x0110,0x0110,0x0ffe,0x0110,0x0110,0x0100,0x0000}, /* U+30F0 ヰ */
    {0x0000,0x0400,0x0408,0x0408,0x0408,0x07c8,0x0448,0x0428,0x0418,0x0408,0x0400,0x0000}, /* U+30F1 ヱ */
    {0x0000,0x0000,0x0024,0x0824,0x0824,0x0424,0x0424,0x0224,0x01a4,0x007c,0x0000,0x0000}, /* U+30F2 ヲ */
    {0x0000,0x0000,0x0804,0x0804,0x0808,0x0408,0x0400,0x0200,0x0100,0x00c0,0x0030,0x0000}, /* U+30F3 ン */
    {0x0000,0x0078,0x0008,0x0808,0x0808,0x040e,0x0408,0x020a,0x018c,0x0079,0x0002,0x0000}, /* U+30F4 ヴ */
    {0x0000,0x0000,0x0040,0x0c40,0x03f0,0x0040,0x0840,0x0840,0x07c0,0x0000,0x0000,0x0000}, /* U+30F5 ヵ */
    {0x0000,0x0000,0x0180,0x0870,0x0840,0x0440,0x03c0,0x0040,0x0040,0x0000,0x0000,0x0000}, /* U+30F6 ヶ */
};

/* U+51B0 .. U+51B7, 8 glyphs */
#define MIZUKI_CJK_UNIFIED_IDEOGRAPHS_0_BASE 0x51B0u
#define MIZUKI_CJK_UNIFIED_IDEOGRAPHS_0_COUNT 8
static const uint16_t MIZUKI_CJK_UNIFIED_IDEOGRAPHS_0_GLYPHS[MIZUKI_CJK_UNIFIED_IDEOGRAPHS_0_COUNT][12] = {
    {0x0c04,0x0308,0x0000,0x0608,0x0188,0x0078,0x0800,0x0fff,0x0060,0x0190,0x0608,0x0000}, /* U+51B0 冰 */
    {0x0c04,0x0308,0x0010,0x0802,0x0802,0x09e2,0x089e,0x0892,0x0892,0x0ff2,0x0802,0x0000}, /* U+51B1 冱 */
    {0x0c04,0x0308,0x0000,0x0000,0x00f8,0x0088,0x0088,0x0fff,0x0088,0x0088,0x00f8,0x0000}, /* U+51B2 冲 */
    {0x0c04,0x0308,0x0000,0x0840,0x0844,0x0444,0x0244,0x01ff,0x0244,0x0444,0x087c,0x0000}, /* U+51B3 决 */
    {0x0c04,0x0308,0x0000,0x0222,0x0222,0x023e,0x0122,0x0922,0x08a2,0x0ffe,0x0022,0x0000}, /* U+51B4 冴 */
    {0x0c04,0x0308,0x0000,0x0800,0x083e,0x0422,0x03e2,0x0022,0x0fe2,0x0822,0x0e3e,0x0000}, /* U+51B5 况 */
    {0x0804,0x0408,0x0210,0x0000,0x0f98,0x0894,0x0893,0x0890,0x0890,0x0890,0x0f9c,0x0000}, /* U+51B6 冶 */
    {0x0604,0x0188,0x0000,0x0088,0x0094,0x0092,0x0f92,0x0092,0x0492,0x0494,0x0388,0x0000}, /* U+51B7 冷 */
};

/* U+53E8 .. U+53F3, 12 glyphs */
#define MIZUKI_CJK_UNIFIED_IDEOGRAPHS_1_BASE 0x53E8u
#define MIZUKI_CJK_UNIFIED_IDEOGRAPHS_1_COUNT 12
static const uint16_t MIZUKI_CJK_UNIFIED_IDEOGRAPHS_1_GLYPHS[MIZUKI_CJK_UNIFIED_IDEOGRAPHS_1_COUNT][12] = {
    {0x07fc,0x0404,0x0404,0x07fc,0x0002,0x0302,0x00c2,0x083e,0x0802,0x0402,0x03fe,0x0000}, /* U+53E8 叨 */
    {0x03fe,0x0202,0x0202,0x03fe,0x0000,0x0ffe,0x0002,0x0002,0x0202,0x0202,0x03fe,0x0000}, /* U+53E9 叩 */
    {0x0800,0x04fe,0x0282,0x0082,0x0082,0x0082,0x0082,0x0082,0x0282,0x04fe,0x0800,0x0000}, /* U+53EA 只 */
    {0x07fc,0x0404,0x0404,0x07fc,0x0200,0x0200,0x01fc,0x0100,0x0100,0x0ffe,0x0080,0x0000}, /* U+53EB 叫 */
    {0x0000,0x0022,0x0fa2,0x0892,0x0892,0x088a,0x0886,0x0882,0x08a2,0x0fa2,0x001e,0x0000}, /* U+53EC 召 */
    {0x07fc,0x0404,0x0404,0x07fc,0x0c00,0x0300,0x00f2,0x0002,0x0002,0x00fe,0x0f00,0x0000}, /* U+53ED 叭 */
    {0x07fc,0x0404,0x0404,0x07fc,0x0002,0x0002,0x0002,0x0802,0x0802,0x0ffe,0x0002,0x0000}, /* U+53EE 叮 */
    {0x0002,0x01f2,0x0112,0x0112,0x01f2,0x0002,0x0802,0x0802,0x0ffe,0x0002,0x0002,0x0000}, /* U+53EF 可 */
    {0x0010,0x0010,0x0f9c,0x0893,0x0890,0x0890,0x0890,0x0890,0x0f96,0x0018,0x0060,0x0000}, /* U+53F0 台 */
    {0x07fc,0x0404,0x0404,0x07fc,0x0020,0x0020,0x0fff,0x0810,0x0810,0x0808,0x0e08,0x0000}, /* U+53F1 叱 */
    {0x0800,0x087c,0x0544,0x0544,0x0244,0x03ff,0x0444,0x0444,0x0844,0x087c,0x0800,0x0000}, /* U+53F2 史 */
    {0x0104,0x0104,0x0084,0x0fc4,0x0864,0x085f,0x0844,0x0844,0x0844,0x0fc4,0x0004,0x0000}, /* U+53F3 右 */
};

/* U+5408 .. U+5411, 10 glyphs */
#define MIZUKI_CJK_UNIFIED_IDEOGRAPHS_2_BASE 0x5408u
#define MIZUKI_CJK_UNIFIED_IDEOGRAPHS_2_COUNT 10
static const uint16_t MIZUKI_CJK_UNIFIED_IDEOGRAPHS_2_GLYPHS[MIZUKI_CJK_UNIFIED_IDEOGRAPHS_2_COUNT][12] = {
    {0x0020,0x0010,0x0f28,0x0924,0x0922,0x0922,0x0922,0x0924,0x0f28,0x0010,0x0020,0x0000}, /* U+5408 合 */
    {0x0004,0x0024,0x0f24,0x0924,0x0924,0x093f,0x0924,0x0924,0x0f24,0x0024,0x0004,0x0000}, /* U+5409 吉 */
    {0x0780,0x0080,0x009e,0x0092,0x0092,0x0ff2,0x0092,0x0092,0x009e,0x0480,0x0780,0x0000}, /* U+540A 吊 */
    {0x07fc,0x0404,0x0404,0x07fc,0x0008,0x0048,0x0088,0x0808,0x0808,0x0fff,0x0008,0x0000}, /* U+540B 吋 */
    {0x0ffe,0x0002,0x0012,0x0792,0x0492,0x0492,0x0492,0x0792,0x0012,0x0802,0x0ffe,0x0000}, /* U+540C 同 */
    {0x0200,0x0210,0x0110,0x0108,0x0f94,0x08a7,0x08c4,0x08a4,0x0894,0x088c,0x0f80,0x0000}, /* U+540D 名 */
    {0x0600,0x01fc,0x0024,0x0f24,0x0924,0x0924,0x0924,0x0922,0x0922,0x0f22,0x0020,0x0000}, /* U+540E 后 */
    {0x0804,0x08f4,0x0894,0x0494,0x0294,0x03ff,0x0494,0x0494,0x0894,0x08f4,0x0804,0x0000}, /* U+540F 吏 */
    {0x07fc,0x0404,0x0404,0x07fc,0x0810,0x0810,0x0810,0x0fff,0x0810,0x0810,0x0810,0x0000}, /* U+5410 吐 */
    {0x0ff8,0x0008,0x0008,0x03c8,0x024c,0x024a,0x0249,0x03c8,0x0808,0x0808,0x0ff8,0x0000}, /* U+5411 向 */
};

/* U+5C04 .. U+5C0B, 8 glyphs */
#define MIZUKI_CJK_UNIFIED_IDEOGRAPHS_3_BASE 0x5C04u
#define MIZUKI_CJK_UNIFIED_IDEOGRAPHS_3_COUNT 8
static const uint16_t MIZUKI_CJK_UNIFIED_IDEOGRAPHS_3_GLYPHS[MIZUKI_CJK_UNIFIED_IDEOGRAPHS_3_COUNT][12] = {
    {0x09fc,0x0556,0x0355,0x0954,0x0ffc,0x0008,0x0048,0x0088,0x0808,0x0fff,0x0008,0x0000}, /* U+5C04 射 */
    {0x0cf4,0x0394,0x009f,0x0794,0x08f4,0x0800,0x0828,0x0848,0x0908,0x09ff,0x0c08,0x0000}, /* U+5C05 尅 */
    {0x0208,0x0110,0x0ffe,0x0000,0x0090,0x02a2,0x048a,0x0092,0x0882,0x0fda,0x0086,0x0000}, /* U+5C06 将 */
    {0x0c9e,0x0390,0x0090,0x0ffe,0x0040,0x02d4,0x04a4,0x00aa,0x0892,0x0fea,0x0086,0x0000}, /* U+5C07 將 */
    {0x0104,0x0144,0x057c,0x0954,0x0154,0x01ff,0x0954,0x0954,0x0f7c,0x0184,0x0104,0x0000}, /* U+5C08 專 */
    {0x0600,0x01fe,0x06aa,0x08aa,0x0faa,0x00aa,0x06ae,0x0048,0x0088,0x0808,0x0fff,0x0000}, /* U+5C09 尉 */
    {0x0104,0x01f4,0x0554,0x0957,0x013c,0x0114,0x017c,0x0956,0x0f55,0x01f4,0x0104,0x0000}, /* U+5C0A 尊 */
    {0x02a0,0x02a0,0x06ea,0x0aaa,0x02aa,0x020a,0x02ea,0x0aaa,0x0fbe,0x02a0,0x02e0,0x0000}, /* U+5C0B 尋 */
};

/* U+5C38 .. U+5C41, 10 glyphs */
#define MIZUKI_CJK_UNIFIED_IDEOGRAPHS_4_BASE 0x5C38u
#define MIZUKI_CJK_UNIFIED_IDEOGRAPHS_4_COUNT 10
static const uint16_t MIZUKI_CJK_UNIFIED_IDEOGRAPHS_4_GLYPHS[MIZUKI_CJK_UNIFIED_IDEOGRAPHS_4_COUNT][12] = {
    {0x0c00,0x0300,0x00fe,0x0022,0x0022,0x0022,0x0022,0x0022,0x0022,0x0022,0x003e,0x0000}, /* U+5C38 尸 */
    {0x0010,0x0892,0x0892,0x0892,0x0492,0x03fe,0x0092,0x0092,0x0092,0x00fe,0x0010,0x0000}, /* U+5C39 尹 */
    {0x0c00,0x0300,0x00fe,0x0022,0x0022,0x0022,0x00e2,0x0322,0x0422,0x083e,0x0800,0x0000}, /* U+5C3A 尺 */
    {0x0600,0x01fe,0x0812,0x0892,0x0492,0x03f2,0x0092,0x0092,0x0092,0x0f92,0x081e,0x0000}, /* U+5C3B 尻 */
    {0x0600,0x01fe,0x0012,0x0012,0x0fd2,0x0912,0x0912,0x0912,0x0892,0x089e,0x0c00,0x0000}, /* U+5C3C 尼 */
    {0x0600,0x0180,0x007e,0x0412,0x0492,0x0492,0x0912,0x0912,0x0872,0x019e,0x0600,0x0000}, /* U+5C3D 尽 */
    {0x0c00,0x03fe,0x0112,0x0152,0x0152,0x0ff2,0x0952,0x0952,0x0952,0x091e,0x0c00,0x0000}, /* U+5C3E 尾 */
    {0x0600,0x01fe,0x0412,0x0452,0x0252,0x01d2,0x0812,0x0ff2,0x0112,0x0292,0x045e,0x0000}, /* U+5C3F 尿 */
    {0x0c00,0x03fe,0x002a,0x07aa,0x04aa,0x04aa,0x04aa,0x07aa,0x082a,0x082e,0x07e0,0x0000}, /* U+5C40 局 */
    {0x0600,0x01fe,0x0812,0x0ff2,0x0892,0x0892,0x0012,0x07f2,0x0912,0x0892,0x0c5e,0x0000}, /* U+5C41 屁 */
};

/* U+5D14 .. U+5D1B, 8 glyphs */
#define MIZUKI_CJK_UNIFIED_IDEOGRAPHS_5_BASE 0x5D14u
#define MIZUKI_CJK_UNIFIED_IDEOGRAPHS_5_COUNT 8
static const uint16_t MIZUKI_CJK_UNIFIED_IDEOGRAPHS_5_GLYPHS[MIZUKI_CJK_UNIFIED_IDEOGRAPHS_5_COUNT][12] = {
    {0x0106,0x0084,0x0fe4,0x0abc,0x0aa4,0x0aa7,0x0fe4,0x0ab4,0x0aac,0x0aa4,0x0826,0x0000}, /* U+5D14 崔 */
    {0x07f0,0x0400,0x07fe,0x0c00,0x03fe,0x0842,0x094a,0x094a,0x0ffe,0x094a,0x094a,0x0000}, /* U+5D15 崕 */
    {0x0600,0x01f6,0x0814,0x0954,0x0954,0x0957,0x0ff4,0x0954,0x0954,0x0954,0x0816,0x0000}, /* U+5D16 崖 */
    {0x0ff6,0x0094,0x0694,0x04f4,0x0494,0x0797,0x04d4,0x04b4,0x0694,0x0894,0x0ff6,0x0000}, /* U+5D17 崗 */
    {0x07f0,0x0400,0x07fe,0x0410,0x0fc8,0x0254,0x0fd2,0x0252,0x0fd2,0x0254,0x0fd8,0x0000}, /* U+5D18 崘 */
    {0x0046,0x0fa4,0x02b4,0x02ac,0x0fa4,0x02a7,0x0fa4,0x02ac,0x0ab4,0x0fa4,0x0046,0x0000}, /* U+5D19 崙 */
    {0x07f0,0x0400,0x07fe,0x0c00,0x0954,0x0b54,0x04b4,0x049f,0x06b4,0x09d4,0x0854,0x0000}, /* U+5D1A 崚 */
    {0x07f0,0x0400,0x07fe,0x0c00,0x03fe,0x0e0a,0x08ea,0x088a,0x0ffa,0x088a,0x0eee,0x0000}, /* U+5D1B 崛 */
};

/* U+5E78 .. U+5E7F, 8 glyphs */
#define MIZUKI_CJK_UNIFIED_IDEOGRAPHS_6_BASE 0x5E78u
#define MIZUKI_CJK_UNIFIED_IDEOGRAPHS_6_COUNT 8
static const uint16_t MIZUKI_CJK_UNIFIED_IDEOGRAPHS_6_GLYPHS[MIZUKI_CJK_UNIFIED_IDEOGRAPHS_6_COUNT][12] = {
    {0x0090,0x0294,0x0294,0x02f4,0x0294,0x0f9f,0x0294,0x02f4,0x0294,0x0294,0x0090,0x0000}, /* U+5E78 幸 */
    {0x05f4,0x0554,0x0f5e,0x0554,0x05f4,0x0008,0x0114,0x0112,0x0ff2,0x0112,0x0114,0x0000}, /* U+5E79 幹 */
    {0x0000,0x0c10,0x0a28,0x0944,0x0882,0x0840,0x0820,0x0410,0x0388,0x0c00,0x0000,0x0000}, /* U+5E7A 幺 */
    {0x0c18,0x0b26,0x08c0,0x0830,0x0e02,0x0002,0x0802,0x0802,0x0802,0x0402,0x03fe,0x0000}, /* U+5E7B 幻 */
    {0x0c18,0x0b26,0x08c0,0x0e30,0x0008,0x0308,0x00c8,0x083f,0x0808,0x0408,0x03f8,0x0000}, /* U+5E7C 幼 */
    {0x0ffc,0x0910,0x09a8,0x0944,0x0920,0x0fff,0x0910,0x09a8,0x0944,0x0920,0x0ffc,0x0000}, /* U+5E7D 幽 */
    {0x0080,0x0cb4,0x03aa,0x04a4,0x08a0,0x08ff,0x0b80,0x04b4,0x04aa,0x0aa4,0x09b0,0x0000}, /* U+5E7E 幾 */
    {0x0c00,0x03fc,0x0004,0x0004,0x0004,0x0004,0x0007,0x0004,0x0004,0x0004,0x0004,0x0000}, /* U+5E7F 广 */
};

/* U+61C6 .. U+61CD, 8 glyphs */
#define MIZUKI_CJK_UNIFIED_IDEOGRAPHS_7_BASE 0x61C6u
#define MIZUKI_CJK_UNIFIED_IDEOGRAPHS_7_COUNT 8
static const uint16_t MIZUKI_CJK_UNIFIED_IDEOGRAPHS_7_GLYPHS[MIZUKI_CJK_UNIFIED_IDEOGRAPHS_7_COUNT][12] = {
    {0x01f0,0x0000,0x0ffe,0x0800,0x0978,0x054e,0x037a,0x0f8a,0x017a,0x054e,0x0978,0x0000}, /* U+61C6 懆 */
    {0x08aa,0x045e,0x00aa,0x069e,0x086a,0x0908,0x0afe,0x08aa,0x08aa,0x026a,0x04be,0x0000}, /* U+61C7 懇 */
    {0x01f0,0x0000,0x0ffe,0x0254,0x03f2,0x0a5a,0x0ff6,0x0252,0x024e,0x0ff2,0x025e,0x0000}, /* U+61C8 懈 */
    {0x0300,0x08fc,0x0424,0x01f4,0x060c,0x09f4,0x095f,0x0b54,0x01f4,0x055c,0x0954,0x0000}, /* U+61C9 應 */
    {0x01f0,0x0000,0x0ffe,0x0200,0x0afc,0x0aac,0x0656,0x03fd,0x0254,0x06ac,0x0afc,0x0000}, /* U+61CA 懊 */
    {0x0848,0x0428,0x00fe,0x0648,0x082a,0x091a,0x0afe,0x080a,0x08fe,0x0228,0x0448,0x0000}, /* U+61CB 懋 */
    {0x01f0,0x0000,0x0ffe,0x0100,0x055e,0x05d2,0x055e,0x0f72,0x055e,0x05d2,0x055e,0x0000}, /* U+61CC 懌 */
    {0x01f0,0x0000,0x0ffe,0x0804,0x097c,0x0544,0x035c,0x0fd7,0x015c,0x0544,0x097c,0x0000}, /* U+61CD 懍 */
};

/* U+6291 .. U+6298, 8 glyphs */
#define MIZUKI_CJK_UNIFIED_IDEOGRAPHS_8_BASE 0x6291u
#define MIZUKI_CJK_UNIFIED_IDEOGRAPHS_8_COUNT 8
static const uint16_t MIZUKI_CJK_UNIFIED_IDEOGRAPHS_8_GLYPHS[MIZUKI_CJK_UNIFIED_IDEOGRAPHS_8_COUNT][12] = {
    {0x0908,0x0ffe,0x0088,0x0200,0x03fc,0x0204,0x0102,0x0ffa,0x0004,0x0404,0x07fc,0x0000}, /* U+6291 抑 */
    {0x0908,0x0ffe,0x0088,0x0008,0x0022,0x0022,0x082a,0x0ff2,0x002a,0x0126,0x00e0,0x0000}, /* U+6292 抒 */
    {0x0908,0x0ffe,0x0088,0x0c08,0x03fe,0x0002,0x07fe,0x0002,0x003e,0x01c2,0x0e02,0x0000}, /* U+6293 抓 */
    {0x0908,0x0ffe,0x0088,0x0008,0x0102,0x0082,0x0042,0x0ff2,0x000e,0x00c2,0x0302,0x0000}, /* U+6294 抔 */
    {0x0908,0x0ffe,0x0088,0x0800,0x08a0,0x0b9e,0x0482,0x0482,0x06be,0x09a0,0x0830,0x0000}, /* U+6295 投 */
    {0x0908,0x0ffe,0x0088,0x0008,0x0200,0x0220,0x0244,0x0108,0x0100,0x0ffe,0x0080,0x0000}, /* U+6296 抖 */
    {0x0908,0x0ffe,0x0088,0x0000,0x0c04,0x03e4,0x0024,0x0027,0x0024,0x0fe4,0x0804,0x0000}, /* U+6297 抗 */
    {0x0108,0x0908,0x0ffe,0x0088,0x0600,0x01fc,0x0024,0x0024,0x0022,0x0fe2,0x0020,0x0000}, /* U+6298 折 */
};

/* U+675E .. U+6765, 8 glyphs */
#define MIZUKI_CJK_UNIFIED_IDEOGRAPHS_9_BASE 0x675Eu
#define MIZUKI_CJK_UNIFIED_IDEOGRAPHS_9_COUNT 8
static const uint16_t MIZUKI_CJK_UNIFIED_IDEOGRAPHS_9_GLYPHS[MIZUKI_CJK_UNIFIED_IDEOGRAPHS_9_COUNT][12] = {
    {0x0308,0x00c8,0x0ffe,0x0108,0x0000,0x07e2,0x0822,0x0822,0x0822,0x0822,0x0e3e,0x0000}, /* U+675E 杞 */
    {0x0804,0x08f4,0x0494,0x0294,0x0194,0x0fff,0x0094,0x0294,0x0494,0x08f4,0x0804,0x0000}, /* U+675F 束 */
    {0x0308,0x00c8,0x0ffe,0x0088,0x0108,0x0802,0x0802,0x0802,0x0ffe,0x0802,0x0802,0x0000}, /* U+6760 杠 */
    {0x0840,0x0944,0x0544,0x0522,0x032a,0x0fd2,0x0112,0x032a,0x0526,0x0940,0x0840,0x0000}, /* U+6761 条 */
    {0x0844,0x0944,0x0924,0x0924,0x0914,0x0f7f,0x0904,0x0914,0x0924,0x0944,0x0844,0x0000}, /* U+6762 杢 */
    {0x0308,0x00c8,0x0ffe,0x0008,0x0ff0,0x0800,0x0800,0x0fff,0x0800,0x0800,0x0ff0,0x0000}, /* U+6763 杣 */
    {0x0308,0x00c8,0x0ffe,0x0088,0x0302,0x00c2,0x003e,0x0822,0x0822,0x0422,0x03e2,0x0000}, /* U+6764 杤 */
    {0x0480,0x0484,0x0294,0x02a4,0x0184,0x0fff,0x0084,0x01a4,0x0294,0x0484,0x0480,0x0000}, /* U+6765 来 */
};

/* U+6CB8 .. U+6CBF, 8 glyphs */
#define MIZUKI_CJK_UNIFIED_IDEOGRAPHS_10_BASE 0x6CB8u
#define MIZUKI_CJK_UNIFIED_IDEOGRAPHS_10_COUNT 8
static const uint16_t MIZUKI_CJK_UNIFIED_IDEOGRAPHS_10_GLYPHS[MIZUKI_CJK_UNIFIED_IDEOGRAPHS_10_COUNT][12] = {
    {0x0c24,0x0348,0x0800,0x08f4,0x0494,0x03ff,0x0094,0x0fff,0x0894,0x089c,0x0780,0x0000}, /* U+6CB8 沸 */
    {0x0824,0x0448,0x0200,0x0000,0x0ff8,0x0888,0x0888,0x0fff,0x0888,0x0888,0x0ff8,0x0000}, /* U+6CB9 油 */
    {0x0824,0x0448,0x0200,0x0000,0x0ffe,0x0842,0x0842,0x0ffe,0x0842,0x0842,0x0ffe,0x0000}, /* U+6CBA 沺 */
    {0x0824,0x0448,0x0200,0x0000,0x0f98,0x0894,0x0893,0x0890,0x0890,0x0890,0x0f9c,0x0000}, /* U+6CBB 治 */
    {0x0824,0x0448,0x0200,0x0000,0x0022,0x0f92,0x088e,0x0882,0x08a2,0x08a2,0x0f9e,0x0000}, /* U+6CBC 沼 */
    {0x0824,0x0448,0x0200,0x0000,0x0f88,0x0888,0x0888,0x08ff,0x0888,0x0888,0x0f88,0x0000}, /* U+6CBD 沽 */
    {0x0824,0x0448,0x0200,0x0000,0x0f80,0x0880,0x08ff,0x0888,0x0888,0x0888,0x0f88,0x0000}, /* U+6CBE 沾 */
    {0x0824,0x0448,0x0200,0x0000,0x0060,0x0f98,0x0882,0x0882,0x0882,0x088e,0x0fb0,0x0000}, /* U+6CBF 沿 */
};

/* U+7DAB .. U+7DB2, 8 glyphs */
#define MIZUKI_CJK_UNIFIED_IDEOGRAPHS_11_BASE 0x7DABu
#define MIZUKI_CJK_UNIFIED_IDEOGRAPHS_11_COUNT 8
static const uint16_t MIZUKI_CJK_UNIFIED_IDEOGRAPHS_11_GLYPHS[MIZUKI_CJK_UNIFIED_IDEOGRAPHS_11_COUNT][12] = {
    {0x0698,0x00d4,0x0fb2,0x0890,0x08a4,0x09e4,0x06af,0x0494,0x0ad4,0x09ac,0x0cb6,0x0000}, /* U+7DAB 綫 */
    {0x0698,0x00d4,0x0fb2,0x0280,0x086a,0x0bb2,0x04a6,0x04aa,0x06a2,0x09b8,0x0866,0x0000}, /* U+7DAC 綬 */
    {0x0698,0x00d4,0x0fb2,0x0290,0x0020,0x0ff8,0x092f,0x0928,0x0ff8,0x092e,0x0928,0x0000}, /* U+7DAD 維 */
    {0x0ac2,0x0a3a,0x072a,0x02aa,0x023a,0x0e48,0x035f,0x02a4,0x0624,0x0b5c,0x0a44,0x0000}, /* U+7DAE 綮 */
    {0x0698,0x00d4,0x0fb2,0x0080,0x0358,0x0257,0x03f4,0x0254,0x0b54,0x0804,0x07fc,0x0000}, /* U+7DAF 綯 */
    {0x0698,0x00d4,0x0fb2,0x0290,0x000c,0x0ff4,0x0954,0x0957,0x0954,0x0974,0x0f0c,0x0000}, /* U+7DB0 綰 */
    {0x0698,0x00d4,0x0fb2,0x0080,0x0ffe,0x022a,0x03e2,0x0232,0x032e,0x0822,0x0ffe,0x0000}, /* U+7DB1 綱 */
    {0x0698,0x00d4,0x0fb2,0x0080,0x0ffe,0x00a2,0x07ba,0x04e2,0x04ba,0x08a2,0x0ffe,0x0000}, /* U+7DB2 網 */
};

/* U+8CA7 .. U+8CB0, 10 glyphs */
#define MIZUKI_CJK_UNIFIED_IDEOGRAPHS_12_BASE 0x8CA7u
#define MIZUKI_CJK_UNIFIED_IDEOGRAPHS_12_COUNT 10
static const uint16_t MIZUKI_CJK_UNIFIED_IDEOGRAPHS_12_GLYPHS[MIZUKI_CJK_UNIFIED_IDEOGRAPHS_12_COUNT][12] = {
    {0x0810,0x0808,0x07cc,0x056a,0x0558,0x054a,0x054a,0x056a,0x07dc,0x0808,0x0810,0x0000}, /* U+8CA7 貧 */
    {0x0808,0x0808,0x07fc,0x0552,0x0550,0x0550,0x055f,0x0554,0x07f4,0x0812,0x081a,0x0000}, /* U+8CA8 貨 */
    {0x09fe,0x052a,0x012a,0x05fe,0x0800,0x09fe,0x0412,0x0592,0x0212,0x05f2,0x0802,0x0000}, /* U+8CA9 販 */
    {0x0808,0x0808,0x07c4,0x054c,0x054a,0x054a,0x056a,0x055c,0x07c4,0x0808,0x0808,0x0000}, /* U+8CAA 貪 */
    {0x0808,0x083e,0x07ea,0x02aa,0x02aa,0x02be,0x02aa,0x02aa,0x07ea,0x083e,0x0808,0x0000}, /* U+8CAB 貫 */
    {0x0844,0x0844,0x07d4,0x0554,0x0554,0x057f,0x0554,0x0554,0x07d4,0x0844,0x0844,0x0000}, /* U+8CAC 責 */
    {0x0600,0x01fe,0x080a,0x0bea,0x06aa,0x02aa,0x02aa,0x02be,0x02aa,0x06aa,0x0bea,0x0000}, /* U+8CAD 貭 */
    {0x0808,0x0bea,0x06aa,0x02aa,0x02aa,0x06aa,0x0bea,0x0808,0x007f,0x0388,0x0c0e,0x0000}, /* U+8CAE 貮 */
    {0x09fe,0x052a,0x012a,0x05fe,0x0800,0x005c,0x0844,0x0847,0x0fc4,0x0044,0x005c,0x0000}, /* U+8CAF 貯 */
    {0x0804,0x081e,0x07d4,0x0554,0x055f,0x0554,0x0554,0x055f,0x07d4,0x0814,0x0804,0x0000}, /* U+8CB0 貰 */
};

/* U+904D .. U+9056, 10 glyphs */
#define MIZUKI_CJK_UNIFIED_IDEOGRAPHS_13_BASE 0x904Du
#define MIZUKI_CJK_UNIFIED_IDEOGRAPHS_13_COUNT 10
static const uint16_t MIZUKI_CJK_UNIFIED_IDEOGRAPHS_13_GLYPHS[MIZUKI_CJK_UNIFIED_IDEOGRAPHS_13_COUNT][12] = {
    {0x0840,0x0444,0x03c8,0x0422,0x0bfe,0x08aa,0x0bea,0x08aa,0x0bea,0x08aa,0x0bee,0x0000}, /* U+904D 遍 */
    {0x0840,0x0444,0x03c8,0x0400,0x0be0,0x083e,0x0ba2,0x0aba,0x0baa,0x083e,0x0be0,0x0000}, /* U+904E 過 */
    {0x0890,0x04a2,0x0384,0x0440,0x09c0,0x093e,0x096a,0x09aa,0x0a2a,0x0a3e,0x09e0,0x0000}, /* U+904F 遏 */
    {0x0890,0x04a2,0x0384,0x0400,0x0bfe,0x0952,0x095e,0x0a20,0x0aea,0x092a,0x0aee,0x0000}, /* U+9050 遐 */
    {0x0890,0x04a2,0x0384,0x0400,0x0840,0x097c,0x0954,0x0956,0x0fd5,0x0954,0x097c,0x0000}, /* U+9051 遑 */
    {0x0890,0x04a2,0x0384,0x0400,0x0bec,0x0aaa,0x0a78,0x0a2a,0x0afa,0x0aaa,0x0bec,0x0000}, /* U+9052 遒 */
    {0x0844,0x0448,0x03c0,0x0404,0x0804,0x0bf7,0x0a54,0x0a5c,0x0a56,0x0bf5,0x0804,0x0000}, /* U+9053 道 */
    {0x0840,0x0444,0x03c8,0x0400,0x0a94,0x0a94,0x0af4,0x0f9f,0x0a94,0x0af4,0x0a94,0x0000}, /* U+9054 達 */
    {0x0840,0x0444,0x03c8,0x0400,0x0914,0x09f4,0x0954,0x095f,0x0bd4,0x0974,0x095c,0x0000}, /* U+9055 違 */
    {0x0890,0x04a2,0x0384,0x0400,0x0bf4,0x0954,0x0974,0x0bdf,0x0974,0x0954,0x0bf4,0x0000}, /* U+9056 遖 */
};

/* U+FF0E .. U+FF3B, 46 glyphs */
#define MIZUKI_FULLWIDTH_ASCII_0_BASE 0xFF0Eu
#define MIZUKI_FULLWIDTH_ASCII_0_COUNT 46
static const uint16_t MIZUKI_FULLWIDTH_ASCII_0_GLYPHS[MIZUKI_FULLWIDTH_ASCII_0_COUNT][12] = {
    {0x0000,0x0000,0x0600,0x0600,0x0000,0x0000,0x0000,0x0000,0x0000,0x0000,0x0000,0x0000}, /* U+FF0E ． */
    {0x0800,0x0400,0x0200,0x0100,0x0080,0x0040,0x0020,0x0010,0x0008,0x0004,0x0002,0x0000}, /* U+FF0F ／ */
    {0x0000,0x0000,0x01f8,0x0204,0x0402,0x0402,0x0402,0x0204,0x01f8,0x0000,0x0000,0x0000}, /* U+FF10 ０ */
    {0x0000,0x0000,0x0010,0x0008,0x0004,0x07fe,0x0000,0x0000,0x0000,0x0000,0x0000,0x0000}, /* U+FF11 １ */
    {0x0000,0x0000,0x0408,0x0604,0x0502,0x0482,0x0442,0x0424,0x0418,0x0000,0x0000,0x0000}, /* U+FF12 ２ */
    {0x0000,0x0000,0x0102,0x0202,0x0422,0x0432,0x042a,0x0246,0x0182,0x0000,0x0000,0x0000}, /* U+FF13 ３ */
    {0x0000,0x0100,0x01c0,0x0130,0x010c,0x0102,0x07fe,0x0100,0x0100,0x0000,0x0000,0x0000}, /* U+FF14 ４ */
    {0x0000,0x0000,0x023e,0x0422,0x0412,0x0412,0x0412,0x0222,0x01c2,0x0000,0x0000,0x0000}, /* U+FF15 ５ */
    {0x0000,0x0000,0x01f8,0x0224,0x0412,0x0412,0x0412,0x0222,0x01c0,0x0000,0x0000,0x0000}, /* U+FF16 ６ */
    {0x0000,0x0000,0x0002,0x0002,0x0602,0x0182,0x0062,0x001a,0x0006,0x0000,0x0000,0x0000}, /* U+FF17 ７ */
    {0x0000,0x0000,0x0188,0x0254,0x0422,0x0422,0x0422,0x0254,0x0188,0x0000,0x0000,0x0000}, /* U+FF18 ８ */
    {0x0000,0x0000,0x0038,0x0444,0x0482,0x0482,0x0482,0x0244,0x01f8,0x0000,0x0000,0x0000}, /* U+FF19 ９ */
    {0x0000,0x0000,0x0000,0x0000,0x0330,0x0330,0x0000,0x0000,0x0000,0x0000,0x0000,0x0000}, /* U+FF1A ： */
    {0x0000,0x0000,0x0000,0x0400,0x0730,0x0330,0x0000,0x0000,0x0000,0x0000,0x0000,0x0000}, /* U+FF1B ； */
    {0x0040,0x0040,0x00a0,0x00a0,0x0110,0x0110,0x0208,0x0208,0x0404,0x0404,0x0000,0x0000}, /* U+FF1C ＜ */
    {0x0000,0x0120,0x0120,0x0120,0x0120,0x0120,0x0120,0x0120,0x0120,0x0120,0x0000,0x0000}, /* U+FF1D ＝ */
    {0x0000,0x0404,0x0404,0x0208,0x0208,0x0110,0x0110,0x00a0,0x00a0,0x0040,0x0040,0x0000}, /* U+FF1E ＞ */
    {0x0000,0x0000,0x0008,0x0004,0x0002,0x0582,0x0042,0x0024,0x0018,0x0000,0x0000,0x0000}, /* U+FF1F ？ */
    {0x0000,0x00f0,0x030c,0x0204,0x04f2,0x050a,0x050a,0x01f2,0x0104,0x00f8,0x0000,0x0000}, /* U+FF20 ＠ */
    {0x0000,0x0600,0x0180,0x00e0,0x0098,0x0086,0x0098,0x00e0,0x0180,0x0600,0x0000,0x0000}, /* U+FF21 Ａ */
    {0x0000,0x0000,0x07fe,0x0422,0x0422,0x0422,0x0422,0x0422,0x025c,0x0180,0x0000,0x0000}, /* U+FF22 Ｂ */
    {0x0000,0x0000,0x01f8,0x0204,0x0402,0x0402,0x0402,0x0402,0x0402,0x0204,0x0000,0x0000}, /* U+FF23 Ｃ */
    {0x0000,0x0000,0x07fe,0x0402,0x0402,0x0402,0x0402,0x0204,0x030c,0x00f0,0x0000,0x0000}, /* U+FF24 Ｄ */
    {0x0000,0x0000,0x07fe,0x0422,0x0422,0x0422,0x0422,0x0422,0x0402,0x0000,0x0000,0x0000}, /* U+FF25 Ｅ */
    {0x0000,0x0000,0x07fe,0x0022,0x0022,0x0022,0x0022,0x0022,0x0002,0x0000,0x0000,0x0000}, /* U+FF26 Ｆ */
    {0x0000,0x0000,0x01f8,0x0204,0x0402,0x0402,0x0422,0x0422,0x0222,0x07e4,0x0000,0x0000}, /* U+FF27 Ｇ */
    {0x0000,0x0000,0x07fe,0x0020,0x0020,0x0020,0x0020,0x0020,0x0020,0x07fe,0x0000,0x0000}, /* U+FF28 Ｈ */
    {0x0000,0x0000,0x0000,0x0000,0x0000,0x07fe,0x0000,0x0000,0x0000,0x0000,0x0000,0x0000}, /* U+FF29 Ｉ */
    {0x0000,0x01c0,0x0200,0x0400,0x0400,0x0400,0x0200,0x01fe,0x0000,0x0000,0x0000,0x0000}, /* U+FF2A Ｊ */
    {0x0000,0x0000,0x07fe,0x0040,0x0020,0x0050,0x0088,0x0104,0x0202,0x0400,0x0000,0x0000}, /* U+FF2B Ｋ */
    {0x0000,0x0000,0x07fe,0x0400,0x0400,0x0400,0x0400,0x0400,0x0400,0x0000,0x0000,0x0000}, /* U+FF2C Ｌ */
    {0x0000,0x07fe,0x0004,0x0008,0x0010,0x0020,0x0010,0x0008,0x0004,0x07fe,0x0000,0x0000}, /* U+FF2D Ｍ */
    {0x0000,0x0000,0x07fe,0x0004,0x0008,0x0010,0x0020,0x0040,0x07fe,0x0000,0x0000,0x0000}, /* U+FF2E Ｎ */
    {0x0000,0x0000,0x01f8,0x0204,0x0402,0x0402,0x0402,0x0402,0x0204,0x01f8,0x0000,0x0000}, /* U+FF2F Ｏ */
    {0x0000,0x0000,0x07fe,0x0042,0x0042,0x0042,0x0042,0x0024,0x0018,0x0000,0x0000,0x0000}, /* U+FF30 Ｐ */
    {0x0000,0x0000,0x01f8,0x0204,0x0402,0x0402,0x0c02,0x1402,0x1204,0x11f8,0x0000,0x0000}, /* U+FF31 Ｑ */
    {0x0000,0x0000,0x07fe,0x0042,0x0042,0x0042,0x0042,0x01a4,0x0618,0x0000,0x0000,0x0000}, /* U+FF32 Ｒ */
    {0x0000,0x0000,0x0108,0x0214,0x0422,0x0422,0x0422,0x0422,0x0244,0x0188,0x0000,0x0000}, /* U+FF33 Ｓ */
    {0x0000,0x0002,0x0002,0x0002,0x0002,0x07fe,0x0002,0x0002,0x0002,0x0002,0x0000,0x0000}, /* U+FF34 Ｔ */
    {0x0000,0x0000,0x01fe,0x0200,0x0400,0x0400,0x0400,0x0200,0x01fe,0x0000,0x0000,0x0000}, /* U+FF35 Ｕ */
    {0x0000,0x0000,0x000e,0x0070,0x0180,0x0600,0x0180,0x0070,0x000e,0x0000,0x0000,0x0000}, /* U+FF36 Ｖ */
    {0x0000,0x001e,0x00e0,0x0700,0x00e0,0x001e,0x00e0,0x0700,0x00e0,0x001e,0x0000,0x0000}, /* U+FF37 Ｗ */
    {0x0000,0x0000,0x0606,0x0108,0x0090,0x0060,0x0090,0x0108,0x0606,0x0000,0x0000,0x0000}, /* U+FF38 Ｘ */
    {0x0000,0x0000,0x0006,0x0018,0x0060,0x0780,0x0060,0x0018,0x0006,0x0000,0x0000,0x0000}, /* U+FF39 Ｙ */
    {0x0000,0x0000,0x0702,0x0482,0x0442,0x0422,0x0412,0x040a,0x0406,0x0000,0x0000,0x0000}, /* U+FF3A Ｚ */
    {0x0000,0x0000,0x0000,0x0000,0x0000,0x0000,0x1fff,0x1001,0x1001,0x1001,0x0000,0x0000}, /* U+FF3B ［ */
};

/* U+FF3D .. U+FF5D, 33 glyphs */
#define MIZUKI_FULLWIDTH_ASCII_1_BASE 0xFF3Du
#define MIZUKI_FULLWIDTH_ASCII_1_COUNT 33
static const uint16_t MIZUKI_FULLWIDTH_ASCII_1_GLYPHS[MIZUKI_FULLWIDTH_ASCII_1_COUNT][12] = {
    {0x0000,0x1001,0x1001,0x1001,0x1fff,0x0000,0x0000,0x0000,0x0000,0x0000,0x0000,0x0000}, /* U+FF3D ］ */
    {0x0000,0x0000,0x0000,0x0004,0x0002,0x0001,0x0002,0x0004,0x0000,0x0000,0x0000,0x0000}, /* U+FF3E ＾ */
    {0x0800,0x0800,0x0800,0x0800,0x0800,0x0800,0x0800,0x0800,0x0800,0x0800,0x0800,0x0800}, /* U+FF3F ＿ */
    {0x0000,0x0000,0x0000,0x0000,0x0001,0x0002,0x0000,0x0000,0x0000,0x0000,0x0000,0x0000}, /* U+FF40 ｀ */
    {0x0000,0x0000,0x0000,0x0380,0x0490,0x0450,0x0450,0x0250,0x07e0,0x0000,0x0000,0x0000}, /* U+FF41 ａ */
    {0x0000,0x0000,0x0000,0x07fe,0x0220,0x0410,0x0410,0x0220,0x01c0,0x0000,0x0000,0x0000}, /* U+FF42 ｂ */
    {0x0000,0x0000,0x0000,0x01c0,0x0220,0x0410,0x0410,0x0410,0x0220,0x0000,0x0000,0x0000}, /* U+FF43 ｃ */
    {0x0000,0x0000,0x0000,0x01c0,0x0220,0x0410,0x0410,0x0220,0x07fe,0x0000,0x0000,0x0000}, /* U+FF44 ｄ */
    {0x0000,0x0000,0x0000,0x01c0,0x02a0,0x0490,0x0490,0x04a0,0x02c0,0x0000,0x0000,0x0000}, /* U+FF45 ｅ */
    {0x0000,0x0000,0x0000,0x0020,0x0020,0x07fc,0x0022,0x0022,0x0022,0x0000,0x0000,0x0000}, /* U+FF46 ｆ */
    {0x0000,0x0000,0x0000,0x00c0,0x1120,0x1210,0x1210,0x0920,0x07f0,0x0000,0x0000,0x0000}, /* U+FF47 ｇ */
    {0x0000,0x0000,0x0000,0x07fe,0x0020,0x0010,0x0010,0x0020,0x07c0,0x0000,0x0000,0x0000}, /* U+FF48 ｈ */
    {0x0000,0x0000,0x0000,0x0000,0x0000,0x07e6,0x0000,0x0000,0x0000,0x0000,0x0000,0x0000}, /* U+FF49 ｉ */
    {0x0000,0x0000,0x1000,0x1000,0x1000,0x0800,0x07e6,0x0000,0x0000,0x0000,0x0000,0x0000}, /* U+FF4A ｊ */
    {0x0000,0x0000,0x0000,0x07fe,0x0000,0x0080,0x0140,0x0220,0x0410,0x0000,0x0000,0x0000}, /* U+FF4B ｋ */
    {0x0000,0x0000,0x0000,0x0000,0x0000,0x07fe,0x0000,0x0000,0x0000,0x0000,0x0000,0x0000}, /* U+FF4C ｌ */
    {0x0000,0x07f0,0x0020,0x0010,0x0010,0x07e0,0x0020,0x0010,0x0010,0x07e0,0x0000,0x0000}, /* U+FF4D ｍ */
    {0x0000,0x0000,0x0000,0x07f0,0x0020,0x0010,0x0010,0x0010,0x07e0,0x0000,0x0000,0x0000}, /* U+FF4E ｎ */
    {0x0000,0x0000,0x01c0,0x0220,0x0410,0x0410,0x0410,0x0220,0x01c0,0x0000,0x0000,0x0000}, /* U+FF4F ｏ */
    {0x0000,0x0000,0x0000,0x1ff0,0x0220,0x0410,0x0410,0x0220,0x01c0,0x0000,0x0000,0x0000}, /* U+FF50 ｐ */
    {0x0000,0x0000,0x0000,0x01c0,0x0220,0x0410,0x0410,0x0220,0x1ff0,0x0000,0x0000,0x0000}, /* U+FF51 ｑ */
    {0x0000,0x0000,0x0000,0x07f0,0x0020,0x0010,0x0010,0x0020,0x0000,0x0000,0x0000,0x0000}, /* U+FF52 ｒ */
    {0x0000,0x0000,0x0000,0x0260,0x0490,0x0490,0x0490,0x0490,0x0320,0x0000,0x0000,0x0000}, /* U+FF53 ｓ */
    {0x0000,0x0000,0x0010,0x0010,0x03fe,0x0410,0x0410,0x0410,0x0200,0x0000,0x0000,0x0000}, /* U+FF54 ｔ */
    {0x0000,0x0000,0x0000,0x03f0,0x0400,0x0400,0x0400,0x0200,0x07f0,0x0000,0x0000,0x0000}, /* U+FF55 ｕ */
    {0x0000,0x0000,0x0030,0x00c0,0x0300,0x0400,0x0300,0x00c0,0x0030,0x0000,0x0000,0x0000}, /* U+FF56 ｖ */
    {0x0000,0x0070,0x0180,0x0600,0x0180,0x0070,0x0180,0x0600,0x0180,0x0070,0x0000,0x0000}, /* U+FF57 ｗ */
    {0x0000,0x0000,0x0410,0x0220,0x0140,0x0080,0x0140,0x0220,0x0410,0x0000,0x0000,0x0000}, /* U+FF58 ｘ */
    {0x0000,0x0000,0x0000,0x1030,0x10c0,0x0900,0x0600,0x0180,0x0070,0x0000,0x0000,0x0000}, /* U+FF59 ｙ */
    {0x0000,0x0000,0x0000,0x0610,0x0510,0x0490,0x0450,0x0430,0x0410,0x0000,0x0000,0x0000}, /* U+FF5A ｚ */
    {0x0000,0x0000,0x0000,0x0000,0x0000,0x0040,0x0040,0x0fbe,0x1001,0x1001,0x0000,0x0000}, /* U+FF5B ｛ */
    {0x0000,0x0000,0x0000,0x0000,0x0000,0x1fff,0x0000,0x0000,0x0000,0x0000,0x0000,0x0000}, /* U+FF5C ｜ */
    {0x0000,0x1001,0x1001,0x0fbe,0x0040,0x0040,0x0000,0x0000,0x0000,0x0000,0x0000,0x0000}, /* U+FF5D ｝ */
};

/* 6392 non-contiguous glyphs, sorted by codepoint for binary search */
typedef struct { uint32_t codepoint; uint16_t glyph[12]; } MizukiWideSparseEntry;
#define MIZUKIWIDESPARSE_COUNT 6392
static const MizukiWideSparseEntry MIZUKIWIDESPARSE[MIZUKIWIDESPARSE_COUNT] = {
    { 0x005cu, {0x0002,0x0004,0x0008,0x0010,0x0020,0x0040,0x0080,0x0100,0x0200,0x0400,0x0800,0x0000} }, /* U+005C \ */
    { 0x00a2u, {0x0000,0x0000,0x0000,0x00e0,0x0d10,0x0308,0x02e8,0x0218,0x0116,0x0000,0x0000,0x0000} }, /* U+00A2 ¢ */
    { 0x00a3u, {0x0000,0x0320,0x04a0,0x04a0,0x03fc,0x0222,0x0422,0x0422,0x0404,0x0200,0x0000,0x0000} }, /* U+00A3 £ */
    { 0x00a7u, {0x0000,0x0000,0x0000,0x0666,0x0899,0x0891,0x0991,0x0666,0x0000,0x0000,0x0000,0x0000} }, /* U+00A7 § */
    { 0x00a8u, {0x0000,0x0000,0x0000,0x0003,0x0003,0x0000,0x0000,0x0003,0x0003,0x0000,0x0000,0x0000} }, /* U+00A8 ¨ */
    { 0x00acu, {0x0000,0x0040,0x0040,0x0040,0x0040,0x0040,0x0040,0x0040,0x0040,0x01c0,0x0000,0x0000} }, /* U+00AC ¬ */
    { 0x00b0u, {0x0000,0x000c,0x0012,0x0012,0x000c,0x0000,0x0000,0x0000,0x0000,0x0000,0x0000,0x0000} }, /* U+00B0 ° */
    { 0x00b1u, {0x0000,0x0000,0x0420,0x0420,0x0420,0x05fc,0x0420,0x0420,0x0420,0x0000,0x0000,0x0000} }, /* U+00B1 ± */
    { 0x00b4u, {0x0000,0x0000,0x0000,0x0000,0x0002,0x0001,0x0000,0x0000,0x0000,0x0000,0x0000,0x0000} }, /* U+00B4 ´ */
    { 0x00b6u, {0x0000,0x0000,0x0018,0x003c,0x007e,0x07fe,0x0002,0x07fe,0x0000,0x0000,0x0000,0x0000} }, /* U+00B6 ¶ */
    { 0x00d7u, {0x0000,0x0000,0x0208,0x0110,0x00a0,0x0040,0x00a0,0x0110,0x0208,0x0000,0x0000,0x0000} }, /* U+00D7 × */
    { 0x00f7u, {0x0000,0x0040,0x0040,0x0040,0x0248,0x075c,0x0248,0x0040,0x0040,0x0040,0x0000,0x0000} }, /* U+00F7 ÷ */
    { 0x03a3u, {0x0000,0x0000,0x0602,0x0506,0x048a,0x0452,0x0422,0x0402,0x0f0f,0x0000,0x0000,0x0000} }, /* U+03A3 Σ */
    { 0x03a4u, {0x0000,0x000e,0x0002,0x0402,0x0402,0x07fe,0x0402,0x0402,0x0002,0x000e,0x0000,0x0000} }, /* U+03A4 Τ */
    { 0x03a5u, {0x0008,0x0004,0x0002,0x0402,0x0404,0x07f8,0x0404,0x0402,0x0002,0x0004,0x0008,0x0000} }, /* U+03A5 Υ */
    { 0x03a6u, {0x0000,0x0060,0x0090,0x050a,0x050a,0x07fe,0x050a,0x050a,0x0090,0x0060,0x0000,0x0000} }, /* U+03A6 Φ */
    { 0x03a7u, {0x0000,0x0402,0x0402,0x070e,0x0492,0x0060,0x0492,0x070e,0x0402,0x0402,0x0000,0x0000} }, /* U+03A7 Χ */
    { 0x03a8u, {0x0010,0x0008,0x0070,0x0482,0x0482,0x07fe,0x0482,0x0482,0x0070,0x0008,0x0010,0x0000} }, /* U+03A8 Ψ */
    { 0x03a9u, {0x0000,0x0000,0x0678,0x0484,0x0702,0x0002,0x0002,0x0702,0x0484,0x0678,0x0000,0x0000} }, /* U+03A9 Ω */
    { 0x03c3u, {0x0000,0x03c0,0x0430,0x0410,0x0408,0x0208,0x0308,0x00f8,0x0008,0x0008,0x0004,0x0000} }, /* U+03C3 σ */
    { 0x03c4u, {0x0000,0x0000,0x0010,0x0010,0x0390,0x0470,0x0410,0x0410,0x0210,0x0108,0x0000,0x0000} }, /* U+03C4 τ */
    { 0x03c5u, {0x0000,0x0000,0x0300,0x04c0,0x0438,0x0400,0x0200,0x0100,0x00c8,0x0030,0x0000,0x0000} }, /* U+03C5 υ */
    { 0x03c6u, {0x0000,0x0000,0x01e0,0x0210,0x0e08,0x03f8,0x020e,0x0108,0x00f0,0x0000,0x0000,0x0000} }, /* U+03C6 φ */
    { 0x03c7u, {0x0000,0x0000,0x0800,0x0410,0x0208,0x0108,0x07f0,0x0820,0x0810,0x0408,0x0200,0x0000} }, /* U+03C7 χ */
    { 0x03c8u, {0x0000,0x0010,0x0190,0x0260,0x0e00,0x03c0,0x0238,0x0206,0x0180,0x0060,0x0010,0x0000} }, /* U+03C8 ψ */
    { 0x03c9u, {0x0000,0x0000,0x03c0,0x0420,0x0400,0x0380,0x0400,0x0400,0x0200,0x01e0,0x0000,0x0000} }, /* U+03C9 ω */
    { 0x0401u, {0x0000,0x0404,0x0405,0x07fd,0x0444,0x0444,0x04e4,0x0405,0x040d,0x0610,0x0100,0x0000} }, /* U+0401 Ё */
    { 0x0451u, {0x0000,0x0000,0x01e1,0x0251,0x0448,0x0448,0x0448,0x0451,0x0261,0x0000,0x0000,0x0000} }, /* U+0451 ё */
    { 0x2010u, {0x0000,0x0000,0x0000,0x0000,0x0040,0x0040,0x0040,0x0000,0x0000,0x0000,0x0000,0x0000} }, /* U+2010 ‐ */
    { 0x2015u, {0x0040,0x0040,0x0040,0x0040,0x0040,0x0040,0x0040,0x0040,0x0040,0x0040,0x0040,0x0040} }, /* U+2015 ― */
    { 0x2016u, {0x0000,0x0000,0x0000,0x0000,0x1fff,0x0000,0x1fff,0x0000,0x0000,0x0000,0x0000,0x0000} }, /* U+2016 ‖ */
    { 0x2018u, {0x0000,0x0000,0x0000,0x0000,0x0000,0x0000,0x0000,0x0006,0x0007,0x0001,0x0000,0x0000} }, /* U+2018 ‘ */
    { 0x2019u, {0x0000,0x0004,0x0007,0x0003,0x0000,0x0000,0x0000,0x0000,0x0000,0x0000,0x0000,0x0000} }, /* U+2019 ’ */
    { 0x201cu, {0x0000,0x0000,0x0000,0x0000,0x0006,0x0007,0x0001,0x0006,0x0007,0x0001,0x0000,0x0000} }, /* U+201C “ */
    { 0x201du, {0x0000,0x0004,0x0007,0x0003,0x0004,0x0007,0x0003,0x0000,0x0000,0x0000,0x0000,0x0000} }, /* U+201D ” */
    { 0x2020u, {0x0000,0x0000,0x0000,0x0004,0x00e4,0x0fff,0x00e4,0x0004,0x0000,0x0000,0x0000,0x0000} }, /* U+2020 † */
    { 0x2021u, {0x0000,0x0000,0x0000,0x0204,0x0294,0x0fff,0x0294,0x0204,0x0000,0x0000,0x0000,0x0000} }, /* U+2021 ‡ */
    { 0x2025u, {0x0000,0x0000,0x00c0,0x00c0,0x0000,0x0000,0x0000,0x00c0,0x00c0,0x0000,0x0000,0x0000} }, /* U+2025 ‥ */
    { 0x2026u, {0x0000,0x00c0,0x00c0,0x0000,0x0000,0x00c0,0x00c0,0x0000,0x0000,0x00c0,0x00c0,0x0000} }, /* U+2026 … */
    { 0x2030u, {0x001c,0x0022,0x0622,0x019c,0x03e0,0x0458,0x0446,0x0380,0x0440,0x0440,0x0380,0x0000} }, /* U+2030 ‰ */
    { 0x2032u, {0x0000,0x0008,0x0004,0x0002,0x0000,0x0000,0x0000,0x0000,0x0000,0x0000,0x0000,0x0000} }, /* U+2032 ′ */
    { 0x2033u, {0x0000,0x0008,0x0004,0x0002,0x0008,0x0004,0x0002,0x0000,0x0000,0x0000,0x0000,0x0000} }, /* U+2033 ″ */
    { 0x203bu, {0x0040,0x04e4,0x0248,0x0110,0x04a4,0x0e4e,0x04a4,0x0110,0x0248,0x04e4,0x0040,0x0000} }, /* U+203B ※ */
    { 0x2103u, {0x0000,0x0006,0x0009,0x0009,0x01e6,0x0210,0x0408,0x0408,0x0408,0x0210,0x0000,0x0000} }, /* U+2103 ℃ */
    { 0x212bu, {0x0000,0x0000,0x0600,0x0180,0x0166,0x0119,0x0169,0x0186,0x0600,0x0000,0x0000,0x0000} }, /* U+212B Å */
    { 0x2190u, {0x0040,0x00e0,0x0150,0x0248,0x0444,0x0040,0x0040,0x0040,0x0040,0x0040,0x0040,0x0000} }, /* U+2190 ← */
    { 0x2191u, {0x0000,0x0020,0x0010,0x0008,0x0004,0x0ffe,0x0004,0x0008,0x0010,0x0020,0x0000,0x0000} }, /* U+2191 ↑ */
    { 0x2192u, {0x0040,0x0040,0x0040,0x0040,0x0040,0x0040,0x0444,0x0248,0x0150,0x00e0,0x0040,0x0000} }, /* U+2192 → */
    { 0x2193u, {0x0000,0x0080,0x0100,0x0200,0x0400,0x0ffe,0x0400,0x0200,0x0100,0x0080,0x0000,0x0000} }, /* U+2193 ↓ */
    { 0x21d2u, {0x00a0,0x00a0,0x00a0,0x00a0,0x00a0,0x00a0,0x00a0,0x02a8,0x01b0,0x00a0,0x0040,0x0000} }, /* U+21D2 ⇒ */
    { 0x21d4u, {0x0040,0x00a0,0x01b0,0x02a8,0x00a0,0x00a0,0x00a0,0x02a8,0x01b0,0x00a0,0x0040,0x0000} }, /* U+21D4 ⇔ */
    { 0x2200u, {0x0000,0x0006,0x0018,0x0070,0x0190,0x0610,0x0190,0x0070,0x0018,0x0006,0x0000,0x0000} }, /* U+2200 ∀ */
    { 0x2202u, {0x0000,0x0000,0x0300,0x0480,0x0448,0x0444,0x0244,0x0184,0x0078,0x0000,0x0000,0x0000} }, /* U+2202 ∂ */
    { 0x2203u, {0x0000,0x0000,0x0422,0x0422,0x0422,0x0422,0x0422,0x0422,0x07fe,0x0000,0x0000,0x0000} }, /* U+2203 ∃ */
    { 0x2207u, {0x0000,0x000c,0x003c,0x00fc,0x03cc,0x060c,0x030c,0x00cc,0x003c,0x000c,0x0000,0x0000} }, /* U+2207 ∇ */
    { 0x2208u, {0x0000,0x00e0,0x0150,0x0248,0x0248,0x0248,0x0248,0x0248,0x0248,0x0248,0x0000,0x0000} }, /* U+2208 ∈ */
    { 0x220bu, {0x0000,0x0248,0x0248,0x0248,0x0248,0x0248,0x0248,0x0248,0x0150,0x00e0,0x0000,0x0000} }, /* U+220B ∋ */
    { 0x2212u, {0x0000,0x0040,0x0040,0x0040,0x0040,0x0040,0x0040,0x0040,0x0040,0x0040,0x0000,0x0000} }, /* U+2212 − */
    { 0x221au, {0x0180,0x0060,0x0180,0x0600,0x01c0,0x0038,0x0007,0x0001,0x0001,0x0001,0x0001,0x0000} }, /* U+221A √ */
    { 0x221du, {0x0060,0x0090,0x0108,0x0108,0x0090,0x0060,0x0090,0x0108,0x0108,0x0090,0x0000,0x0000} }, /* U+221D ∝ */
    { 0x221eu, {0x00c0,0x0120,0x0210,0x0210,0x0120,0x00c0,0x0120,0x0210,0x0210,0x0120,0x00c0,0x0000} }, /* U+221E ∞ */
    { 0x2220u, {0x0000,0x0200,0x0300,0x0280,0x0240,0x0220,0x0210,0x0208,0x0204,0x0200,0x0000,0x0000} }, /* U+2220 ∠ */
    { 0x2227u, {0x0000,0x0600,0x0180,0x0060,0x0018,0x0006,0x0018,0x0060,0x0180,0x0600,0x0000,0x0000} }, /* U+2227 ∧ */
    { 0x2228u, {0x0000,0x0006,0x0018,0x0060,0x0180,0x0600,0x0180,0x0060,0x0018,0x0006,0x0000,0x0000} }, /* U+2228 ∨ */
    { 0x2229u, {0x0000,0x0000,0x07f0,0x0008,0x0004,0x0004,0x0004,0x0008,0x07f0,0x0000,0x0000,0x0000} }, /* U+2229 ∩ */
    { 0x222au, {0x0000,0x0000,0x01fc,0x0200,0x0400,0x0400,0x0400,0x0200,0x01fc,0x0000,0x0000,0x0000} }, /* U+222A ∪ */
    { 0x222bu, {0x0000,0x0000,0x0000,0x0000,0x0c1e,0x0861,0x0783,0x0000,0x0000,0x0000,0x0000,0x0000} }, /* U+222B ∫ */
    { 0x222cu, {0x0000,0x0000,0x0c1e,0x0861,0x0783,0x0000,0x0c1e,0x0861,0x0783,0x0000,0x0000,0x0000} }, /* U+222C ∬ */
    { 0x2234u, {0x0000,0x0100,0x0380,0x0100,0x0008,0x001c,0x0008,0x0100,0x0380,0x0100,0x0000,0x0000} }, /* U+2234 ∴ */
    { 0x2235u, {0x0000,0x0008,0x001c,0x0008,0x0100,0x0380,0x0100,0x0008,0x001c,0x0008,0x0000,0x0000} }, /* U+2235 ∵ */
    { 0x223du, {0x0060,0x0090,0x0108,0x0100,0x0080,0x0060,0x0010,0x0008,0x0108,0x0090,0x0060,0x0000} }, /* U+223D ∽ */
    { 0x2252u, {0x0000,0x00a0,0x00ac,0x00ac,0x00a0,0x00a0,0x00a0,0x06a0,0x06a0,0x00a0,0x0000,0x0000} }, /* U+2252 ≒ */
    { 0x2260u, {0x0000,0x0520,0x0320,0x0120,0x01a0,0x0160,0x0120,0x0130,0x0128,0x0120,0x0000,0x0000} }, /* U+2260 ≠ */
    { 0x2261u, {0x0000,0x0248,0x0248,0x0248,0x0248,0x0248,0x0248,0x0248,0x0248,0x0248,0x0000,0x0000} }, /* U+2261 ≡ */
    { 0x2266u, {0x0000,0x0510,0x0510,0x0510,0x0528,0x0528,0x0528,0x0544,0x0544,0x0544,0x0000,0x0000} }, /* U+2266 ≦ */
    { 0x2267u, {0x0000,0x0544,0x0544,0x0544,0x0528,0x0528,0x0528,0x0510,0x0510,0x0510,0x0000,0x0000} }, /* U+2267 ≧ */
    { 0x226au, {0x0000,0x0040,0x00a0,0x0110,0x0208,0x0444,0x00a0,0x0110,0x0208,0x0404,0x0000,0x0000} }, /* U+226A ≪ */
    { 0x226bu, {0x0404,0x0208,0x0110,0x00a0,0x0444,0x0208,0x0110,0x00a0,0x0040,0x0000,0x0000,0x0000} }, /* U+226B ≫ */
    { 0x2282u, {0x0000,0x00e0,0x0110,0x0208,0x0208,0x0208,0x0208,0x0208,0x0208,0x0208,0x0000,0x0000} }, /* U+2282 ⊂ */
    { 0x2283u, {0x0000,0x0208,0x0208,0x0208,0x0208,0x0208,0x0208,0x0208,0x0110,0x00e0,0x0000,0x0000} }, /* U+2283 ⊃ */
    { 0x2286u, {0x0000,0x0430,0x0448,0x0484,0x0484,0x0484,0x0484,0x0484,0x0484,0x0484,0x0000,0x0000} }, /* U+2286 ⊆ */
    { 0x2287u, {0x0000,0x0484,0x0484,0x0484,0x0484,0x0484,0x0484,0x0484,0x0448,0x0430,0x0000,0x0000} }, /* U+2287 ⊇ */
    { 0x22a5u, {0x0000,0x0200,0x0200,0x0200,0x0200,0x03fc,0x0200,0x0200,0x0200,0x0200,0x0000,0x0000} }, /* U+22A5 ⊥ */
    { 0x2312u, {0x0004,0x0002,0x0002,0x0001,0x0001,0x0001,0x0001,0x0001,0x0002,0x0002,0x0004,0x0000} }, /* U+2312 ⌒ */
    { 0x2500u, {0x0040,0x0040,0x0040,0x0040,0x0040,0x0040,0x0040,0x0040,0x0040,0x0040,0x0040,0x0040} }, /* U+2500 ─ */
    { 0x2501u, {0x0060,0x0060,0x0060,0x0060,0x0060,0x0060,0x0060,0x0060,0x0060,0x0060,0x0060,0x0060} }, /* U+2501 ━ */
    { 0x2502u, {0x0000,0x0000,0x0000,0x0000,0x0000,0x1fff,0x0000,0x0000,0x0000,0x0000,0x0000,0x0000} }, /* U+2502 │ */
    { 0x2503u, {0x0000,0x0000,0x0000,0x0000,0x0000,0x1fff,0x1fff,0x0000,0x0000,0x0000,0x0000,0x0000} }, /* U+2503 ┃ */
    { 0x250cu, {0x0000,0x0000,0x0000,0x0000,0x0000,0x1fc0,0x0040,0x0040,0x0040,0x0040,0x0040,0x0040} }, /* U+250C ┌ */
    { 0x250fu, {0x0000,0x0000,0x0000,0x0000,0x0000,0x1fe0,0x1fe0,0x0060,0x0060,0x0060,0x0060,0x0060} }, /* U+250F ┏ */
    { 0x2510u, {0x0040,0x0040,0x0040,0x0040,0x0040,0x1fc0,0x0000,0x0000,0x0000,0x0000,0x0000,0x0000} }, /* U+2510 ┐ */
    { 0x2513u, {0x0060,0x0060,0x0060,0x0060,0x0060,0x1fe0,0x1fe0,0x0000,0x0000,0x0000,0x0000,0x0000} }, /* U+2513 ┓ */
    { 0x2514u, {0x0000,0x0000,0x0000,0x0000,0x0000,0x007f,0x0040,0x0040,0x0040,0x0040,0x0040,0x0040} }, /* U+2514 └ */
    { 0x2517u, {0x0000,0x0000,0x0000,0x0000,0x0000,0x007f,0x007f,0x0060,0x0060,0x0060,0x0060,0x0060} }, /* U+2517 ┗ */
    { 0x2518u, {0x0040,0x0040,0x0040,0x0040,0x0040,0x007f,0x0000,0x0000,0x0000,0x0000,0x0000,0x0000} }, /* U+2518 ┘ */
    { 0x251bu, {0x0060,0x0060,0x0060,0x0060,0x0060,0x007f,0x007f,0x0000,0x0000,0x0000,0x0000,0x0000} }, /* U+251B ┛ */
    { 0x251cu, {0x0000,0x0000,0x0000,0x0000,0x0000,0x1fff,0x0040,0x0040,0x0040,0x0040,0x0040,0x0040} }, /* U+251C ├ */
    { 0x251du, {0x0000,0x0000,0x0000,0x0000,0x0000,0x1fff,0x0060,0x0060,0x0060,0x0060,0x0060,0x0060} }, /* U+251D ┝ */
    { 0x2520u, {0x0000,0x0000,0x0000,0x0000,0x0000,0x1fff,0x1fff,0x0040,0x0040,0x0040,0x0040,0x0040} }, /* U+2520 ┠ */
    { 0x2523u, {0x0000,0x0000,0x0000,0x0000,0x0000,0x1fff,0x1fff,0x0060,0x0060,0x0060,0x0060,0x0060} }, /* U+2523 ┣ */
    { 0x2524u, {0x0040,0x0040,0x0040,0x0040,0x0040,0x1fff,0x0000,0x0000,0x0000,0x0000,0x0000,0x0000} }, /* U+2524 ┤ */
    { 0x2525u, {0x0060,0x0060,0x0060,0x0060,0x0060,0x1fff,0x0000,0x0000,0x0000,0x0000,0x0000,0x0000} }, /* U+2525 ┥ */
    { 0x2528u, {0x0040,0x0040,0x0040,0x0040,0x0040,0x1fff,0x1fff,0x0000,0x0000,0x0000,0x0000,0x0000} }, /* U+2528 ┨ */
    { 0x252bu, {0x0060,0x0060,0x0060,0x0060,0x0060,0x1fff,0x1fff,0x0000,0x0000,0x0000,0x0000,0x0000} }, /* U+252B ┫ */
    { 0x252cu, {0x0040,0x0040,0x0040,0x0040,0x0040,0x1fc0,0x0040,0x0040,0x0040,0x0040,0x0040,0x0040} }, /* U+252C ┬ */
    { 0x252fu, {0x0060,0x0060,0x0060,0x0060,0x0060,0x1fe0,0x0060,0x0060,0x0060,0x0060,0x0060,0x0060} }, /* U+252F ┯ */
    { 0x2530u, {0x0040,0x0040,0x0040,0x0040,0x0040,0x1fc0,0x1fc0,0x0040,0x0040,0x0040,0x0040,0x0040} }, /* U+2530 ┰ */
    { 0x2533u, {0x0060,0x0060,0x0060,0x0060,0x0060,0x1fe0,0x1fe0,0x0060,0x0060,0x0060,0x0060,0x0060} }, /* U+2533 ┳ */
    { 0x2534u, {0x0040,0x0040,0x0040,0x0040,0x0040,0x007f,0x0040,0x0040,0x0040,0x0040,0x0040,0x0040} }, /* U+2534 ┴ */
    { 0x2537u, {0x0060,0x0060,0x0060,0x0060,0x0060,0x007f,0x0060,0x0060,0x0060,0x0060,0x0060,0x0060} }, /* U+2537 ┷ */
    { 0x2538u, {0x0040,0x0040,0x0040,0x0040,0x0040,0x007f,0x007f,0x0040,0x0040,0x0040,0x0040,0x0040} }, /* U+2538 ┸ */
    { 0x253bu, {0x0060,0x0060,0x0060,0x0060,0x0060,0x007f,0x007f,0x0060,0x0060,0x0060,0x0060,0x0060} }, /* U+253B ┻ */
    { 0x253cu, {0x0040,0x0040,0x0040,0x0040,0x0040,0x1fff,0x0040,0x0040,0x0040,0x0040,0x0040,0x0040} }, /* U+253C ┼ */
    { 0x253fu, {0x0060,0x0060,0x0060,0x0060,0x0060,0x1fff,0x0060,0x0060,0x0060,0x0060,0x0060,0x0060} }, /* U+253F ┿ */
    { 0x2542u, {0x0040,0x0040,0x0040,0x0040,0x0040,0x1fff,0x1fff,0x0040,0x0040,0x0040,0x0040,0x0040} }, /* U+2542 ╂ */
    { 0x254bu, {0x0060,0x0060,0x0060,0x0060,0x0060,0x1fff,0x1fff,0x0060,0x0060,0x0060,0x0060,0x0060} }, /* U+254B ╋ */
    { 0x25a0u, {0x0000,0x07fc,0x07fc,0x07fc,0x07fc,0x07fc,0x07fc,0x07fc,0x07fc,0x07fc,0x0000,0x0000} }, /* U+25A0 ■ */
    { 0x25a1u, {0x0000,0x07fc,0x0404,0x0404,0x0404,0x0404,0x0404,0x0404,0x0404,0x07fc,0x0000,0x0000} }, /* U+25A1 □ */
    { 0x25b2u, {0x0000,0x0600,0x0780,0x07e0,0x07f8,0x07fc,0x07f8,0x07e0,0x0780,0x0600,0x0000,0x0000} }, /* U+25B2 ▲ */
    { 0x25b3u, {0x0000,0x0600,0x0580,0x0460,0x0418,0x0404,0x0418,0x0460,0x0580,0x0600,0x0000,0x0000} }, /* U+25B3 △ */
    { 0x25bcu, {0x0000,0x000c,0x003c,0x00fc,0x03fc,0x07fc,0x03fc,0x00fc,0x003c,0x000c,0x0000,0x0000} }, /* U+25BC ▼ */
    { 0x25bdu, {0x0000,0x000c,0x0034,0x00c4,0x0304,0x0404,0x0304,0x00c4,0x0034,0x000c,0x0000,0x0000} }, /* U+25BD ▽ */
    { 0x25c6u, {0x0040,0x00e0,0x01f0,0x03f8,0x07fc,0x0ffe,0x07fc,0x03f8,0x01f0,0x00e0,0x0040,0x0000} }, /* U+25C6 ◆ */
    { 0x25c7u, {0x0040,0x00a0,0x0110,0x0208,0x0404,0x0802,0x0404,0x0208,0x0110,0x00a0,0x0040,0x0000} }, /* U+25C7 ◇ */
    { 0x25cbu, {0x0000,0x0060,0x0198,0x0204,0x0204,0x0402,0x0402,0x0204,0x0204,0x0198,0x0060,0x0000} }, /* U+25CB ○ */
    { 0x25ceu, {0x0000,0x0060,0x0198,0x0204,0x0264,0x0492,0x0492,0x0264,0x0204,0x0198,0x0060,0x0000} }, /* U+25CE ◎ */
    { 0x25cfu, {0x0000,0x0060,0x01f8,0x03fc,0x03fc,0x07fe,0x07fe,0x03fc,0x03fc,0x01f8,0x0060,0x0000} }, /* U+25CF ● */
    { 0x25efu, {0x00e0,0x0318,0x0404,0x0404,0x0802,0x0802,0x0802,0x0404,0x0404,0x0318,0x00e0,0x0000} }, /* U+25EF ◯ */
    { 0x2605u, {0x0010,0x0410,0x0330,0x03f0,0x01fc,0x00ff,0x01fc,0x03f0,0x0330,0x0410,0x0010,0x0000} }, /* U+2605 ★ */
    { 0x2606u, {0x0010,0x0410,0x0330,0x02d0,0x011c,0x0083,0x011c,0x02d0,0x0330,0x0410,0x0010,0x0000} }, /* U+2606 ☆ */
    { 0x2640u, {0x0000,0x0000,0x0100,0x011c,0x0122,0x07e2,0x0122,0x011c,0x0100,0x0000,0x0000,0x0000} }, /* U+2640 ♀ */
    { 0x2642u, {0x0000,0x0380,0x0440,0x0440,0x0440,0x03c4,0x0024,0x0014,0x000c,0x007c,0x0000,0x0000} }, /* U+2642 ♂ */
    { 0x266au, {0x0000,0x0000,0x0600,0x0700,0x0700,0x03fe,0x0004,0x0048,0x0030,0x0000,0x0000,0x0000} }, /* U+266A ♪ */
    { 0x266du, {0x0000,0x0000,0x0000,0x07fe,0x0420,0x0210,0x0110,0x00e0,0x0000,0x0000,0x0000,0x0000} }, /* U+266D ♭ */
    { 0x266fu, {0x0000,0x0000,0x0120,0x0120,0x07fe,0x0090,0x0090,0x07fe,0x0048,0x0048,0x0000,0x0000} }, /* U+266F ♯ */
    { 0x3000u, {0x0000,0x0000,0x0000,0x0000,0x0000,0x0000,0x0000,0x0000,0x0000,0x0000,0x0000,0x0000} }, /* U+3000 */
    { 0x3001u, {0x0000,0x0400,0x0800,0x0000,0x0000,0x0000,0x0000,0x0000,0x0000,0x0000,0x0000,0x0000} }, /* U+3001 、 */
    { 0x3002u, {0x0000,0x0600,0x0900,0x0900,0x0600,0x0000,0x0000,0x0000,0x0000,0x0000,0x0000,0x0000} }, /* U+3002 。 */
    { 0x3003u, {0x0000,0x0000,0x0000,0x01c0,0x0038,0x0000,0x01c0,0x0038,0x0000,0x0000,0x0000,0x0000} }, /* U+3003 〃 */
    { 0x301cu, {0x0000,0x0040,0x0020,0x0020,0x0020,0x0040,0x0080,0x0080,0x0080,0x0040,0x0000,0x0000} }, /* U+301C 〜 */
    { 0x309bu, {0x0000,0x0002,0x0004,0x0001,0x0002,0x0000,0x0000,0x0000,0x0000,0x0000,0x0000,0x0000} }, /* U+309B ゛ */
    { 0x309cu, {0x0000,0x0006,0x0009,0x0009,0x0006,0x0000,0x0000,0x0000,0x0000,0x0000,0x0000,0x0000} }, /* U+309C ゜ */
    { 0x309du, {0x0000,0x0000,0x0000,0x0000,0x0108,0x0110,0x0160,0x0180,0x0000,0x0000,0x0000,0x0000} }, /* U+309D ゝ */
    { 0x309eu, {0x0000,0x0000,0x0000,0x0108,0x0110,0x0160,0x0184,0x0008,0x0002,0x0004,0x0000,0x0000} }, /* U+309E ゞ */
    { 0x30fbu, {0x0000,0x0000,0x0000,0x0000,0x00c0,0x00c0,0x0000,0x0000,0x0000,0x0000,0x0000,0x0000} }, /* U+30FB ・ */
    { 0x30fcu, {0x0000,0x0020,0x0040,0x0040,0x0040,0x0040,0x0040,0x0040,0x0040,0x0040,0x0000,0x0000} }, /* U+30FC ー */
    { 0x30fdu, {0x0000,0x0000,0x0000,0x0008,0x0010,0x0060,0x0180,0x0000,0x0000,0x0000,0x0000,0x0000} }, /* U+30FD ヽ */
    { 0x30feu, {0x0000,0x0000,0x0008,0x0010,0x0060,0x0180,0x0004,0x0008,0x0002,0x0004,0x0000,0x0000} }, /* U+30FE ヾ */
    { 0x4e00u, {0x0040,0x0040,0x0040,0x0040,0x0040,0x0040,0x0040,0x0040,0x0040,0x0040,0x0060,0x0000} }, /* U+4E00 一 */
    { 0x4e01u, {0x0002,0x0002,0x0002,0x0802,0x0802,0x0802,0x0ffe,0x0002,0x0002,0x0002,0x0002,0x0000} }, /* U+4E01 丁 */
    { 0x4e03u, {0x0020,0x0020,0x0020,0x07ff,0x0810,0x0810,0x0810,0x0810,0x0808,0x0e08,0x0008,0x0000} }, /* U+4E03 七 */
    { 0x4e07u, {0x0002,0x0002,0x0602,0x0182,0x007e,0x0822,0x0822,0x0822,0x0422,0x03e2,0x0002,0x0000} }, /* U+4E07 万 */
    { 0x4e08u, {0x0808,0x0808,0x0408,0x0448,0x0288,0x0108,0x02ff,0x0408,0x0408,0x0808,0x0808,0x0000} }, /* U+4E08 丈 */
    { 0x4e09u, {0x0800,0x0804,0x0844,0x0844,0x0844,0x0844,0x0844,0x0844,0x0844,0x0804,0x0c00,0x0000} }, /* U+4E09 三 */
    { 0x4e0au, {0x0800,0x0800,0x0800,0x0800,0x0800,0x0fff,0x0810,0x0810,0x0810,0x0810,0x0800,0x0000} }, /* U+4E0A 上 */
    { 0x4e0bu, {0x0002,0x0002,0x0002,0x0002,0x0002,0x0ffe,0x0022,0x0022,0x0042,0x0042,0x0002,0x0000} }, /* U+4E0B 下 */
    { 0x4e0du, {0x0082,0x0082,0x0042,0x0042,0x0022,0x0ff2,0x000a,0x0026,0x0042,0x0082,0x0102,0x0000} }, /* U+4E0D 不 */
    { 0x4e0eu, {0x0080,0x0080,0x0080,0x00bf,0x08a4,0x08a4,0x08a4,0x04a4,0x03e4,0x0084,0x0080,0x0000} }, /* U+4E0E 与 */
    { 0x4e10u, {0x0302,0x00f2,0x0082,0x0082,0x0082,0x00fe,0x0892,0x0892,0x0892,0x0492,0x0382,0x0000} }, /* U+4E10 丐 */
    { 0x4e11u, {0x0840,0x0842,0x0842,0x0fc2,0x087e,0x0842,0x0842,0x0fc2,0x087e,0x0840,0x0840,0x0000} }, /* U+4E11 丑 */
    { 0x4e14u, {0x0800,0x0800,0x0ffe,0x0892,0x0892,0x0892,0x0892,0x0892,0x0ffe,0x0800,0x0800,0x0000} }, /* U+4E14 且 */
    { 0x4e15u, {0x0882,0x0882,0x0842,0x0842,0x0822,0x0bf2,0x080a,0x0806,0x0822,0x0842,0x0882,0x0000} }, /* U+4E15 丕 */
    { 0x4e16u, {0x0010,0x0010,0x0ffe,0x0810,0x0810,0x09ff,0x0910,0x0910,0x09fe,0x0810,0x0010,0x0000} }, /* U+4E16 世 */
    { 0x4e17u, {0x0020,0x0ffe,0x0820,0x0820,0x0820,0x0ffe,0x0820,0x0820,0x0820,0x0ffe,0x0020,0x0000} }, /* U+4E17 丗 */
    { 0x4e18u, {0x0800,0x0800,0x0ffc,0x0824,0x0824,0x0824,0x0824,0x0fe2,0x0822,0x0820,0x0800,0x0000} }, /* U+4E18 丘 */
    { 0x4e19u, {0x0ff2,0x0012,0x0212,0x0112,0x0092,0x007e,0x0092,0x0112,0x0212,0x0812,0x0ff2,0x0000} }, /* U+4E19 丙 */
    { 0x4e1eu, {0x0910,0x0890,0x0852,0x0a32,0x0a02,0x0bf2,0x080a,0x0836,0x0842,0x08a0,0x0910,0x0000} }, /* U+4E1E 丞 */
    { 0x4e21u, {0x0ff2,0x0012,0x03d2,0x0212,0x0212,0x03fe,0x0212,0x0212,0x03d2,0x0812,0x0ff2,0x0000} }, /* U+4E21 両 */
    { 0x4e26u, {0x0000,0x0848,0x0888,0x0809,0x0ffa,0x0808,0x0808,0x0ffc,0x080b,0x0888,0x0848,0x0000} }, /* U+4E26 並 */
    { 0x4e2au, {0x0010,0x0008,0x0004,0x0002,0x0001,0x0ff9,0x0001,0x0002,0x0004,0x0008,0x0010,0x0000} }, /* U+4E2A 个 */
    { 0x4e2du, {0x00f8,0x0088,0x0088,0x0088,0x0088,0x0fff,0x0088,0x0088,0x0088,0x0088,0x00f8,0x0000} }, /* U+4E2D 中 */
    { 0x4e31u, {0x01fc,0x0880,0x0880,0x0480,0x03fe,0x0000,0x0000,0x0fff,0x0080,0x0080,0x01fc,0x0000} }, /* U+4E31 丱 */
    { 0x4e32u, {0x0380,0x02bc,0x02a4,0x02a4,0x02a4,0x0fff,0x02a4,0x02a4,0x02a4,0x02bc,0x0380,0x0000} }, /* U+4E32 串 */
    { 0x4e36u, {0x0000,0x0000,0x0000,0x0020,0x0020,0x0040,0x0040,0x0080,0x0000,0x0000,0x0000,0x0000} }, /* U+4E36 丶 */
    { 0x4e38u, {0x0808,0x0448,0x0288,0x01ff,0x0208,0x0408,0x0008,0x0ff8,0x0800,0x0800,0x0e00,0x0000} }, /* U+4E38 丸 */
    { 0x4e39u, {0x0040,0x0c40,0x03fe,0x0042,0x0042,0x004a,0x0052,0x0842,0x0842,0x0ffe,0x0040,0x0000} }, /* U+4E39 丹 */
    { 0x4e3bu, {0x0808,0x0888,0x0888,0x0888,0x0889,0x0ffa,0x0888,0x0888,0x0888,0x0888,0x0808,0x0000} }, /* U+4E3B 主 */
    { 0x4e3cu, {0x0108,0x0d08,0x0308,0x01ff,0x0128,0x0148,0x0108,0x0fff,0x0108,0x0108,0x0108,0x0000} }, /* U+4E3C 丼 */
    { 0x4e3fu, {0x0000,0x0800,0x0800,0x0400,0x0400,0x0300,0x00fe,0x0000,0x0000,0x0000,0x0000,0x0000} }, /* U+4E3F 丿 */
    { 0x4e42u, {0x0800,0x0800,0x040c,0x0430,0x02c0,0x0100,0x02c0,0x0430,0x040e,0x0800,0x0800,0x0000} }, /* U+4E42 乂 */
    { 0x4e43u, {0x0000,0x0c02,0x0302,0x00c2,0x003e,0x0002,0x0802,0x0802,0x083e,0x0420,0x03e0,0x0000} }, /* U+4E43 乃 */
    { 0x4e45u, {0x0800,0x0800,0x0430,0x040f,0x0204,0x0104,0x0084,0x0164,0x021c,0x0400,0x0800,0x0000} }, /* U+4E45 久 */
    { 0x4e4bu, {0x0c00,0x0208,0x0188,0x0208,0x0208,0x050f,0x0488,0x0848,0x0828,0x0818,0x0800,0x0000} }, /* U+4E4B 之 */
    { 0x4e4du, {0x00c0,0x0030,0x000f,0x0004,0x0004,0x0ffc,0x0124,0x0124,0x0124,0x0124,0x0104,0x0000} }, /* U+4E4D 乍 */
    { 0x4e4eu, {0x0080,0x0094,0x00a4,0x0884,0x0884,0x0ffc,0x0082,0x0082,0x00a2,0x0092,0x0080,0x0000} }, /* U+4E4E 乎 */
    { 0x4e4fu, {0x0820,0x0424,0x0324,0x0424,0x0424,0x0a3c,0x0922,0x08a2,0x0862,0x0822,0x0800,0x0000} }, /* U+4E4F 乏 */
    { 0x4e55u, {0x0600,0x01fe,0x002a,0x07aa,0x00aa,0x00aa,0x0ffe,0x00aa,0x00aa,0x04aa,0x07aa,0x0000} }, /* U+4E55 乕 */
    { 0x4e56u, {0x0448,0x044a,0x024a,0x07ea,0x000a,0x0ffe,0x000a,0x03ea,0x048a,0x044a,0x0628,0x0000} }, /* U+4E56 乖 */
    { 0x4e57u, {0x0820,0x092a,0x05fa,0x052a,0x032a,0x0ffe,0x012a,0x032a,0x05fa,0x092a,0x0820,0x0000} }, /* U+4E57 乗 */
    { 0x4e58u, {0x0928,0x092a,0x04aa,0x05fa,0x020a,0x0ffe,0x020a,0x04fa,0x054a,0x092a,0x09a8,0x0000} }, /* U+4E58 乘 */
    { 0x4e59u, {0x0000,0x0602,0x0902,0x0882,0x0842,0x0822,0x0812,0x080a,0x0806,0x0700,0x0000,0x0000} }, /* U+4E59 乙 */
    { 0x4e5du, {0x0808,0x0808,0x0408,0x0308,0x00ff,0x0008,0x0008,0x07f8,0x0800,0x0800,0x0e00,0x0000} }, /* U+4E5D 九 */
    { 0x4e5eu, {0x0030,0x060f,0x0904,0x0914,0x0894,0x0894,0x0854,0x0854,0x0834,0x0804,0x0704,0x0000} }, /* U+4E5E 乞 */
    { 0x4e5fu, {0x0020,0x0020,0x07fc,0x0810,0x0810,0x0bff,0x0808,0x0808,0x0884,0x08fc,0x0e00,0x0000} }, /* U+4E5F 也 */
    { 0x4e62u, {0x07f0,0x0400,0x07fe,0x0400,0x07f0,0x0000,0x07ff,0x0800,0x0800,0x0800,0x0f00,0x0000} }, /* U+4E62 乢 */
    { 0x4e71u, {0x0f24,0x0924,0x09fc,0x0924,0x0922,0x0f22,0x0000,0x07fe,0x0800,0x0800,0x0e00,0x0000} }, /* U+4E71 乱 */
    { 0x4e73u, {0x020a,0x0252,0x0a46,0x0f4a,0x02c2,0x0218,0x0206,0x0000,0x0ffe,0x0800,0x0e00,0x0000} }, /* U+4E73 乳 */
    { 0x4e7eu, {0x05f4,0x0554,0x0f5e,0x0554,0x05f4,0x0c10,0x0a2f,0x0924,0x08a4,0x0864,0x0e24,0x0000} }, /* U+4E7E 乾 */
    { 0x4e80u, {0x0788,0x02fc,0x02aa,0x02aa,0x07fa,0x0aaa,0x0aae,0x0aaa,0x0ab8,0x0be0,0x0c00,0x0000} }, /* U+4E80 亀 */
    { 0x4e82u, {0x0fce,0x0152,0x0bd6,0x055a,0x0b72,0x0956,0x0fca,0x0000,0x0ffe,0x0800,0x0e00,0x0000} }, /* U+4E82 亂 */
    { 0x4e85u, {0x0000,0x0000,0x0800,0x0800,0x0800,0x0ffe,0x0000,0x0000,0x0000,0x0000,0x0000,0x0000} }, /* U+4E85 亅 */
    { 0x4e86u, {0x0002,0x0002,0x0002,0x0802,0x0802,0x0fe2,0x0012,0x000a,0x0006,0x0002,0x0000,0x0000} }, /* U+4E86 了 */
    { 0x4e88u, {0x0020,0x0022,0x0022,0x0822,0x0822,0x0ff2,0x002a,0x0026,0x00a2,0x0060,0x0020,0x0000} }, /* U+4E88 予 */
    { 0x4e89u, {0x0040,0x0158,0x0154,0x0952,0x0952,0x0ff2,0x015a,0x0156,0x0152,0x01f0,0x0040,0x0000} }, /* U+4E89 争 */
    { 0x4e8au, {0x0084,0x02a4,0x02ac,0x0ab4,0x0aa4,0x0fff,0x02a4,0x02b4,0x02ac,0x03e4,0x0084,0x0000} }, /* U+4E8A 亊 */
    { 0x4e8bu, {0x0084,0x02a4,0x02bc,0x0aa4,0x0aa4,0x0fff,0x02a4,0x02a4,0x02bc,0x03e4,0x0084,0x0000} }, /* U+4E8B 事 */
    { 0x4e8cu, {0x0400,0x0408,0x0408,0x0408,0x0408,0x0408,0x0408,0x0408,0x0408,0x0408,0x0600,0x0000} }, /* U+4E8C 二 */
    { 0x4e8eu, {0x0040,0x0042,0x0042,0x0842,0x0842,0x0ffe,0x0042,0x0042,0x0042,0x0042,0x0040,0x0000} }, /* U+4E8E 于 */
    { 0x4e91u, {0x0020,0x0c22,0x0b22,0x08e2,0x0822,0x0822,0x0422,0x0422,0x03a2,0x0c22,0x0020,0x0000} }, /* U+4E91 云 */
    { 0x4e92u, {0x0802,0x0802,0x0982,0x0962,0x091a,0x0d16,0x0b12,0x08d2,0x0832,0x0802,0x0802,0x0000} }, /* U+4E92 互 */
    { 0x4e94u, {0x0800,0x0802,0x0822,0x0f22,0x08e2,0x083e,0x0822,0x0822,0x0fe2,0x0802,0x0800,0x0000} }, /* U+4E94 五 */
    { 0x4e95u, {0x0088,0x0c88,0x0388,0x00ff,0x0088,0x0088,0x0088,0x0fff,0x0088,0x0088,0x0088,0x0000} }, /* U+4E95 井 */
    { 0x4e98u, {0x0802,0x0802,0x09fa,0x092a,0x092a,0x092a,0x092a,0x092a,0x09fa,0x0802,0x0802,0x0000} }, /* U+4E98 亘 */
    { 0x4e99u, {0x0802,0x0802,0x0982,0x0862,0x089e,0x0932,0x0e52,0x0992,0x0872,0x0802,0x0802,0x0000} }, /* U+4E99 亙 */
    { 0x4e9bu, {0x087c,0x0840,0x097e,0x0924,0x0924,0x0920,0x097f,0x0944,0x0944,0x0842,0x0872,0x0000} }, /* U+4E9B 些 */
    { 0x4e9cu, {0x0802,0x09f2,0x0912,0x0912,0x0ffe,0x0912,0x0ffe,0x0912,0x0912,0x09f2,0x0802,0x0000} }, /* U+4E9C 亜 */
    { 0x4e9eu, {0x0802,0x08f2,0x0892,0x0892,0x0f9e,0x0802,0x0f9e,0x0892,0x0892,0x08f2,0x0802,0x0000} }, /* U+4E9E 亞 */
    { 0x4e9fu, {0x09e2,0x0922,0x0922,0x09fa,0x0c16,0x0bf2,0x0a02,0x0ad2,0x0912,0x0992,0x0a72,0x0000} }, /* U+4E9F 亟 */
    { 0x4ea0u, {0x0040,0x0040,0x0040,0x0040,0x0040,0x007c,0x0040,0x0040,0x0040,0x0040,0x0040,0x0000} }, /* U+4EA0 亠 */
    { 0x4ea1u, {0x0008,0x0008,0x07f8,0x0808,0x0808,0x080f,0x0808,0x0808,0x0808,0x0808,0x0808,0x0000} }, /* U+4EA1 亡 */
    { 0x4ea2u, {0x0804,0x0804,0x0404,0x03e4,0x0024,0x0027,0x0024,0x07e4,0x0804,0x0804,0x0e04,0x0000} }, /* U+4EA2 亢 */
    { 0x4ea4u, {0x0804,0x0824,0x0414,0x044c,0x0284,0x0107,0x0284,0x044c,0x0414,0x0824,0x0804,0x0000} }, /* U+4EA4 交 */
    { 0x4ea5u, {0x0804,0x0884,0x0894,0x04ac,0x0444,0x0247,0x0224,0x0514,0x048c,0x0844,0x0804,0x0000} }, /* U+4EA5 亥 */
    { 0x4ea6u, {0x0308,0x08c8,0x0808,0x0608,0x01f8,0x000f,0x0808,0x0ff8,0x0008,0x00c8,0x0308,0x0000} }, /* U+4EA6 亦 */
    { 0x4ea8u, {0x0084,0x0084,0x0084,0x08bc,0x08a4,0x0ea7,0x01a4,0x00bc,0x0084,0x0084,0x0084,0x0000} }, /* U+4EA8 亨 */
    { 0x4eabu, {0x0104,0x0104,0x0124,0x093c,0x0924,0x0f27,0x01a4,0x017c,0x0124,0x0104,0x0104,0x0000} }, /* U+4EAB 享 */
    { 0x4eacu, {0x0404,0x0204,0x00f4,0x0894,0x0894,0x0f97,0x0094,0x0094,0x00f4,0x0204,0x0404,0x0000} }, /* U+4EAC 京 */
    { 0x4eadu, {0x01c4,0x0044,0x015c,0x0954,0x0954,0x0f57,0x0154,0x0154,0x015c,0x0044,0x01c4,0x0000} }, /* U+4EAD 亭 */
    { 0x4eaeu, {0x0984,0x0884,0x04bc,0x03a4,0x00a4,0x00a7,0x0fa4,0x08a4,0x08bc,0x0884,0x0d84,0x0000} }, /* U+4EAE 亮 */
    { 0x4eb0u, {0x0804,0x0404,0x01f4,0x0154,0x0954,0x0f57,0x0154,0x0154,0x01f4,0x0404,0x0804,0x0000} }, /* U+4EB0 亰 */
    { 0x4eb3u, {0x01c4,0x0444,0x0544,0x055c,0x0554,0x0f57,0x0ad4,0x0a5c,0x0a44,0x0a44,0x0cc4,0x0000} }, /* U+4EB3 亳 */
    { 0x4eb6u, {0x0804,0x087c,0x0fc4,0x095c,0x0954,0x0957,0x0954,0x095c,0x0fc4,0x087c,0x0804,0x0000} }, /* U+4EB6 亶 */
    { 0x4ebau, {0x0800,0x0400,0x0200,0x0180,0x0060,0x001e,0x0060,0x0180,0x0200,0x0400,0x0800,0x0000} }, /* U+4EBA 人 */
    { 0x4ec0u, {0x0020,0x0ff8,0x0006,0x0000,0x0010,0x0010,0x0010,0x0010,0x0fff,0x0010,0x0010,0x0010} }, /* U+4EC0 什 */
    { 0x4ec1u, {0x0020,0x0ff8,0x0006,0x0000,0x0404,0x0404,0x0404,0x0404,0x0404,0x0404,0x0404,0x0000} }, /* U+4EC1 仁 */
    { 0x4ec2u, {0x0020,0x0ff8,0x0006,0x0000,0x0608,0x0188,0x007f,0x0808,0x0808,0x0408,0x03f8,0x0000} }, /* U+4EC2 仂 */
    { 0x4ec4u, {0x0600,0x01fe,0x0002,0x0802,0x0802,0x0402,0x0302,0x00fa,0x0302,0x0402,0x0802,0x0000} }, /* U+4EC4 仄 */
    { 0x4ec6u, {0x0040,0x0020,0x0ff8,0x0006,0x0000,0x0000,0x0000,0x0fff,0x0020,0x0020,0x0040,0x0040} }, /* U+4EC6 仆 */
    { 0x4ec7u, {0x0020,0x0ff8,0x0806,0x0808,0x0408,0x0308,0x00ff,0x0008,0x0008,0x03f8,0x0c00,0x0000} }, /* U+4EC7 仇 */
    { 0x4ecau, {0x0020,0x0010,0x0088,0x0094,0x0892,0x0892,0x0892,0x0492,0x0494,0x0388,0x0010,0x0000} }, /* U+4ECA 今 */
    { 0x4ecbu, {0x0020,0x0c10,0x0308,0x00f4,0x0002,0x0002,0x0002,0x0ff4,0x0008,0x0010,0x0020,0x0000} }, /* U+4ECB 介 */
    { 0x4ecdu, {0x0020,0x0ff8,0x0006,0x0c02,0x0302,0x00fe,0x0002,0x0802,0x083e,0x0420,0x03e0,0x0000} }, /* U+4ECD 仍 */
    { 0x4eceu, {0x0e00,0x01c0,0x003e,0x01c0,0x0c00,0x0300,0x00c0,0x003e,0x00c0,0x0300,0x0c00,0x0000} }, /* U+4ECE 从 */
    { 0x4ecfu, {0x0020,0x0ff8,0x0006,0x0000,0x0e00,0x09c0,0x083e,0x0800,0x0400,0x0380,0x0c00,0x0000} }, /* U+4ECF 仏 */
    { 0x4ed4u, {0x0020,0x0ff8,0x0006,0x0000,0x0040,0x0042,0x0842,0x0842,0x0ff2,0x004a,0x0046,0x0000} }, /* U+4ED4 仔 */
    { 0x4ed5u, {0x0020,0x0ff8,0x0006,0x0000,0x0810,0x0810,0x0810,0x0fff,0x0810,0x0810,0x0810,0x0000} }, /* U+4ED5 仕 */
    { 0x4ed6u, {0x0020,0x0ff8,0x0006,0x0020,0x0ffc,0x0810,0x0bff,0x0808,0x0884,0x08fc,0x0e00,0x0000} }, /* U+4ED6 他 */
    { 0x4ed7u, {0x0020,0x0ff8,0x0006,0x0000,0x0808,0x0848,0x0488,0x0508,0x03ff,0x0408,0x0808,0x0000} }, /* U+4ED7 仗 */
    { 0x4ed8u, {0x0020,0x0ff8,0x0006,0x0000,0x0008,0x0048,0x0088,0x0808,0x0808,0x0fff,0x0008,0x0000} }, /* U+4ED8 付 */
    { 0x4ed9u, {0x0020,0x0ff8,0x0006,0x0000,0x0ff0,0x0800,0x0800,0x0fff,0x0800,0x0800,0x0ff0,0x0000} }, /* U+4ED9 仙 */
    { 0x4eddu, {0x0020,0x0810,0x0848,0x0844,0x0842,0x0fc2,0x0842,0x0844,0x0848,0x0810,0x0020,0x0000} }, /* U+4EDD 仝 */
    { 0x4edeu, {0x0020,0x0ff8,0x0006,0x0000,0x0612,0x01a2,0x007e,0x0982,0x0802,0x0402,0x03fe,0x0000} }, /* U+4EDE 仞 */
    { 0x4edfu, {0x0020,0x0ff8,0x0006,0x0040,0x0044,0x0044,0x0044,0x0ffc,0x0042,0x0042,0x0042,0x0000} }, /* U+4EDF 仟 */
    { 0x4ee3u, {0x0020,0x0ff8,0x0006,0x0010,0x0010,0x0010,0x001f,0x00f0,0x0310,0x0c12,0x0014,0x0000} }, /* U+4EE3 代 */
    { 0x4ee4u, {0x0020,0x0090,0x0098,0x0094,0x0092,0x0f92,0x0092,0x0492,0x0494,0x0388,0x0010,0x0000} }, /* U+4EE4 令 */
    { 0x4ee5u, {0x0200,0x0200,0x01fe,0x0900,0x0900,0x040c,0x0430,0x0200,0x0180,0x027e,0x0c00,0x0000} }, /* U+4EE5 以 */
    { 0x4eedu, {0x0020,0x0ff8,0x0006,0x0000,0x060a,0x0192,0x007e,0x0842,0x0882,0x0502,0x03fe,0x0000} }, /* U+4EED 仭 */
    { 0x4eeeu, {0x0020,0x0ff8,0x0006,0x0300,0x08fe,0x0812,0x0452,0x0492,0x0312,0x04f2,0x0802,0x0000} }, /* U+4EEE 仮 */
    { 0x4ef0u, {0x0020,0x0ff8,0x0006,0x0400,0x07fc,0x0404,0x0202,0x0ffa,0x0004,0x0404,0x07fc,0x0000} }, /* U+4EF0 仰 */
    { 0x4ef2u, {0x0020,0x0ff8,0x0006,0x00f8,0x0088,0x0088,0x0088,0x0fff,0x0088,0x0088,0x00f8,0x0000} }, /* U+4EF2 仲 */
    { 0x4ef6u, {0x0020,0x0ff8,0x0006,0x0080,0x00b0,0x008e,0x0088,0x0088,0x0fff,0x0088,0x0088,0x0000} }, /* U+4EF6 件 */
    { 0x4ef7u, {0x0020,0x0ff8,0x0006,0x0010,0x0c08,0x03e4,0x0002,0x0002,0x0002,0x0fe4,0x0008,0x0000} }, /* U+4EF7 价 */
    { 0x4efbu, {0x0020,0x0ff8,0x0006,0x0040,0x0844,0x0844,0x0844,0x0ffc,0x0842,0x0842,0x0840,0x0000} }, /* U+4EFB 任 */
    { 0x4f01u, {0x0820,0x0810,0x0f88,0x0804,0x0802,0x0ff2,0x0882,0x0884,0x0888,0x0810,0x0820,0x0000} }, /* U+4F01 企 */
    { 0x4f09u, {0x0020,0x0ff8,0x0006,0x0000,0x0c04,0x03e4,0x0024,0x0027,0x0024,0x0fe4,0x0804,0x0000} }, /* U+4F09 伉 */
    { 0x4f0au, {0x0020,0x0ff8,0x0006,0x0010,0x0892,0x0892,0x0492,0x03fe,0x0092,0x0092,0x00fe,0x0000} }, /* U+4F0A 伊 */
    { 0x4f0du, {0x0020,0x0ff8,0x0006,0x0800,0x0822,0x0f22,0x08e2,0x083e,0x0822,0x0fe2,0x0802,0x0000} }, /* U+4F0D 伍 */
    { 0x4f0eu, {0x0020,0x0ff8,0x0006,0x0804,0x0824,0x09a4,0x0624,0x043f,0x0624,0x09e4,0x0804,0x0000} }, /* U+4F0E 伎 */
    { 0x4f0fu, {0x0020,0x0ff8,0x0006,0x0810,0x0810,0x0410,0x0310,0x00ff,0x0310,0x0412,0x0814,0x0000} }, /* U+4F0F 伏 */
    { 0x4f10u, {0x0020,0x0ff8,0x0006,0x0810,0x0810,0x0410,0x041f,0x02f0,0x0310,0x0492,0x0854,0x0000} }, /* U+4F10 伐 */
    { 0x4f11u, {0x0020,0x0ff8,0x0006,0x0208,0x0108,0x0088,0x0048,0x0fff,0x0088,0x0108,0x0208,0x0000} }, /* U+4F11 休 */
    { 0x4f1au, {0x00a0,0x0090,0x0c88,0x0b94,0x0892,0x0892,0x0492,0x0494,0x0388,0x0c90,0x00a0,0x0000} }, /* U+4F1A 会 */
    { 0x4f1cu, {0x0020,0x0ff8,0x0006,0x0100,0x0104,0x0164,0x011f,0x0fc4,0x0104,0x013c,0x0120,0x0000} }, /* U+4F1C 伜 */
    { 0x4f1du, {0x0020,0x0ff8,0x0006,0x0000,0x0c20,0x0b22,0x08e2,0x0822,0x0422,0x0322,0x0c20,0x0000} }, /* U+4F1D 伝 */
    { 0x4f2fu, {0x0020,0x0ff8,0x0006,0x0000,0x0ff8,0x0888,0x088c,0x088b,0x0888,0x0888,0x0ff8,0x0000} }, /* U+4F2F 伯 */
    { 0x4f30u, {0x0020,0x0ff8,0x0006,0x0000,0x0f88,0x0888,0x0888,0x08ff,0x0888,0x0888,0x0f88,0x0000} }, /* U+4F30 估 */
    { 0x4f34u, {0x0020,0x0ff8,0x0006,0x0000,0x0124,0x0128,0x0120,0x0fff,0x0120,0x0128,0x0124,0x0000} }, /* U+4F34 伴 */
    { 0x4f36u, {0x0020,0x0ff8,0x0006,0x0080,0x0098,0x0094,0x0f92,0x0092,0x0492,0x0494,0x0388,0x0000} }, /* U+4F36 伶 */
    { 0x4f38u, {0x0020,0x0ff8,0x0006,0x0000,0x01fc,0x0124,0x0124,0x0fff,0x0124,0x0124,0x01fc,0x0000} }, /* U+4F38 伸 */
    { 0x4f3au, {0x0020,0x0ff8,0x0006,0x0000,0x03d2,0x0252,0x0252,0x03d2,0x0002,0x0802,0x0ffe,0x0000} }, /* U+4F3A 伺 */
    { 0x4f3cu, {0x0020,0x0ff8,0x0206,0x0200,0x09fe,0x0900,0x0408,0x0210,0x0180,0x027e,0x0c00,0x0000} }, /* U+4F3C 似 */
    { 0x4f3du, {0x0020,0x0ff8,0x0006,0x0308,0x08ff,0x0808,0x07f8,0x0000,0x0ffc,0x0804,0x0ffc,0x0000} }, /* U+4F3D 伽 */
    { 0x4f43u, {0x0020,0x0ff8,0x0006,0x0000,0x0ffe,0x0842,0x0842,0x0ffe,0x0842,0x0842,0x0ffe,0x0000} }, /* U+4F43 佃 */
    { 0x4f46u, {0x0020,0x0ff8,0x0006,0x0000,0x0800,0x09fe,0x0912,0x0912,0x0912,0x0912,0x09fe,0x0000} }, /* U+4F46 但 */
    { 0x4f47u, {0x0020,0x0ff8,0x0006,0x0000,0x005c,0x0044,0x0844,0x0847,0x0fc4,0x0044,0x005c,0x0000} }, /* U+4F47 佇 */
    { 0x4f4du, {0x0020,0x0ff8,0x0006,0x0808,0x0808,0x0be8,0x0808,0x080f,0x0e08,0x09e8,0x0808,0x0000} }, /* U+4F4D 位 */
    { 0x4f4eu, {0x0020,0x0ff8,0x0006,0x0800,0x0bfc,0x0a24,0x0a24,0x0824,0x083c,0x08e2,0x0b22,0x0000} }, /* U+4F4E 低 */
    { 0x4f4fu, {0x0020,0x0ff8,0x0006,0x0808,0x0888,0x0888,0x0889,0x0ffa,0x0888,0x0888,0x0888,0x0000} }, /* U+4F4F 住 */
    { 0x4f50u, {0x0020,0x0ff8,0x0006,0x0304,0x08c4,0x087c,0x0847,0x0844,0x0fc4,0x0844,0x0844,0x0000} }, /* U+4F50 佐 */
    { 0x4f51u, {0x0020,0x0ff8,0x0106,0x0100,0x0084,0x0fc4,0x0864,0x085f,0x0844,0x0844,0x0fc4,0x0000} }, /* U+4F51 佑 */
    { 0x4f53u, {0x0020,0x0ff8,0x0006,0x0108,0x0288,0x0248,0x0228,0x0fff,0x0248,0x0288,0x0108,0x0000} }, /* U+4F53 体 */
    { 0x4f55u, {0x0020,0x0ff8,0x0006,0x0000,0x01f2,0x0112,0x01f2,0x0802,0x0802,0x0ffe,0x0002,0x0000} }, /* U+4F55 何 */
    { 0x4f57u, {0x0020,0x0ff8,0x0006,0x0000,0x001c,0x07e4,0x0884,0x0887,0x0844,0x0844,0x0c1c,0x0000} }, /* U+4F57 佗 */
    { 0x4f59u, {0x0420,0x0290,0x0088,0x0894,0x0892,0x0ff2,0x0092,0x0094,0x0088,0x0290,0x0420,0x0000} }, /* U+4F59 余 */
    { 0x4f5au, {0x0020,0x0ff8,0x0006,0x0830,0x084e,0x0448,0x0248,0x01ff,0x0248,0x0448,0x0848,0x0000} }, /* U+4F5A 佚 */
    { 0x4f5bu, {0x0020,0x0ff8,0x0006,0x0804,0x08f4,0x0494,0x03ff,0x0094,0x0fff,0x0494,0x039c,0x0000} }, /* U+4F5B 佛 */
    { 0x4f5cu, {0x0020,0x0ff8,0x0006,0x0000,0x0030,0x000f,0x0004,0x0ffc,0x0124,0x0124,0x0124,0x0000} }, /* U+4F5C 作 */
    { 0x4f5du, {0x0020,0x0ff8,0x0006,0x0000,0x0018,0x01e7,0x0124,0x09e4,0x0804,0x0404,0x03fc,0x0000} }, /* U+4F5D 佝 */
    { 0x4f5eu, {0x0020,0x0ff8,0x0006,0x0890,0x0a92,0x0b92,0x04f2,0x0492,0x0692,0x0992,0x0890,0x0000} }, /* U+4F5E 佞 */
    { 0x4f69u, {0x0010,0x0ff8,0x0404,0x03fe,0x004a,0x0ffa,0x004a,0x07ca,0x0002,0x01fe,0x0e00,0x0000} }, /* U+4F69 佩 */
    { 0x4f6fu, {0x0020,0x0ff8,0x0006,0x0200,0x0248,0x0249,0x024a,0x0ff8,0x024c,0x024b,0x0248,0x0000} }, /* U+4F6F 佯 */
    { 0x4f70u, {0x0020,0x0ff8,0x0006,0x0000,0x0002,0x0ff2,0x0892,0x089a,0x0896,0x0892,0x0ff2,0x0000} }, /* U+4F70 佰 */
    { 0x4f73u, {0x0020,0x0ff8,0x0006,0x0820,0x0924,0x0924,0x0924,0x0fff,0x0924,0x0924,0x0924,0x0000} }, /* U+4F73 佳 */
    { 0x4f75u, {0x0020,0x0ff8,0x0006,0x0088,0x0c89,0x03fa,0x0088,0x0088,0x008c,0x0ffb,0x0088,0x0000} }, /* U+4F75 併 */
    { 0x4f76u, {0x0020,0x0ff8,0x0006,0x0000,0x0004,0x0f24,0x0924,0x0924,0x093f,0x0924,0x0f24,0x0000} }, /* U+4F76 佶 */
    { 0x4f7bu, {0x0020,0x0ff8,0x0806,0x0908,0x0490,0x03fe,0x0000,0x07ff,0x0840,0x0888,0x0d04,0x0000} }, /* U+4F7B 佻 */
    { 0x4f7cu, {0x0020,0x0ff8,0x0006,0x0800,0x0824,0x0494,0x0504,0x0207,0x0304,0x0494,0x0824,0x0000} }, /* U+4F7C 佼 */
    { 0x4f7fu, {0x0020,0x0ff8,0x0006,0x0800,0x08f4,0x0494,0x0294,0x03ff,0x0494,0x0894,0x08f4,0x0000} }, /* U+4F7F 使 */
    { 0x4f83u, {0x0020,0x0ff8,0x0006,0x0800,0x043e,0x03a2,0x0022,0x0fa2,0x0022,0x0fa2,0x083e,0x0000} }, /* U+4F83 侃 */
    { 0x4f86u, {0x0484,0x0444,0x0234,0x0244,0x0104,0x0fff,0x0104,0x0244,0x0234,0x0444,0x0484,0x0000} }, /* U+4F86 來 */
    { 0x4f88u, {0x0020,0x0ff8,0x0006,0x0800,0x0948,0x0948,0x0ad4,0x04a7,0x04a4,0x0294,0x018c,0x0000} }, /* U+4F88 侈 */
    { 0x4f8bu, {0x0020,0x0ff8,0x0806,0x0862,0x049e,0x0312,0x00f2,0x0002,0x01fc,0x0800,0x0ffe,0x0000} }, /* U+4F8B 例 */
    { 0x4f8du, {0x0020,0x0ff8,0x0006,0x00a0,0x00a4,0x02a4,0x04a4,0x00bf,0x08a4,0x0fe4,0x00a4,0x0000} }, /* U+4F8D 侍 */
    { 0x4f8fu, {0x0020,0x0ff8,0x0006,0x0430,0x044e,0x0248,0x0148,0x0fff,0x0148,0x0248,0x0448,0x0000} }, /* U+4F8F 侏 */
    { 0x4f91u, {0x0020,0x0ff8,0x0006,0x0100,0x0084,0x0fe4,0x02bc,0x02a7,0x02a4,0x0aa4,0x0fe4,0x0000} }, /* U+4F91 侑 */
    { 0x4f96u, {0x0010,0x0fe8,0x012c,0x012a,0x0fea,0x012a,0x0fea,0x012a,0x092c,0x0fe8,0x0010,0x0000} }, /* U+4F96 侖 */
    { 0x4f98u, {0x0020,0x0ff8,0x0006,0x011c,0x0124,0x0124,0x0fe7,0x0894,0x0894,0x0884,0x0c9c,0x0000} }, /* U+4F98 侘 */
    { 0x4f9bu, {0x0020,0x0ff8,0x0006,0x0888,0x0488,0x02ff,0x0088,0x0088,0x02ff,0x0488,0x0888,0x0000} }, /* U+4F9B 供 */
    { 0x4f9du, {0x0020,0x0ff8,0x0106,0x0884,0x0fc4,0x0824,0x041c,0x04e7,0x0304,0x0484,0x0864,0x0000} }, /* U+4F9D 依 */
    { 0x4fa0u, {0x0020,0x0ff8,0x0006,0x0880,0x0894,0x04a4,0x0284,0x01ff,0x0284,0x04a4,0x0894,0x0000} }, /* U+4FA0 侠 */
    { 0x4fa1u, {0x0020,0x0ff8,0x0006,0x0000,0x0ff2,0x0812,0x0ffe,0x0812,0x0ffe,0x0812,0x0ff2,0x0000} }, /* U+4FA1 価 */
    { 0x4fabu, {0x0020,0x0ff8,0x0006,0x0884,0x0a9c,0x0ba4,0x04e4,0x04a7,0x06a4,0x09a4,0x0884,0x0000} }, /* U+4FAB 侫 */
    { 0x4fadu, {0x0020,0x0ff8,0x0006,0x0380,0x007e,0x0412,0x0492,0x0912,0x0812,0x08f2,0x031e,0x0000} }, /* U+4FAD 侭 */
    { 0x4faeu, {0x0020,0x0ff8,0x0006,0x0080,0x0798,0x04f7,0x0794,0x04f4,0x0c94,0x07f4,0x0484,0x0000} }, /* U+4FAE 侮 */
    { 0x4fafu, {0x0020,0x0ff8,0x0006,0x0910,0x0992,0x0572,0x0352,0x01d2,0x0352,0x055e,0x0950,0x0000} }, /* U+4FAF 侯 */
    { 0x4fb5u, {0x0020,0x0ff8,0x0006,0x0860,0x08aa,0x0baa,0x04aa,0x04aa,0x06aa,0x09be,0x0860,0x0000} }, /* U+4FB5 侵 */
    { 0x4fb6u, {0x0020,0x0ff8,0x0006,0x0000,0x0f9e,0x0892,0x08d2,0x08b2,0x0892,0x0892,0x0f9e,0x0000} }, /* U+4FB6 侶 */
    { 0x4fbfu, {0x0020,0x0ff8,0x0006,0x0800,0x08fa,0x05aa,0x02aa,0x03fe,0x04aa,0x08aa,0x08fa,0x0000} }, /* U+4FBF 便 */
    { 0x4fc2u, {0x0020,0x0ff8,0x0006,0x0480,0x0292,0x00aa,0x00c6,0x0fa2,0x0092,0x028a,0x04c2,0x0000} }, /* U+4FC2 係 */
    { 0x4fc3u, {0x0020,0x0ff8,0x0806,0x0800,0x079e,0x0412,0x0412,0x07f2,0x0892,0x0892,0x089e,0x0000} }, /* U+4FC3 促 */
    { 0x4fc4u, {0x0020,0x0ff8,0x0126,0x0924,0x0ffc,0x08a2,0x0892,0x0410,0x04ff,0x0310,0x0cd6,0x0000} }, /* U+4FC4 俄 */
    { 0x4fcau, {0x0020,0x0ff8,0x0006,0x0848,0x0948,0x0b2c,0x049b,0x0488,0x06b8,0x09ce,0x0868,0x0000} }, /* U+4FCA 俊 */
    { 0x4fceu, {0x0840,0x0420,0x039e,0x0210,0x0420,0x0800,0x0ffe,0x0892,0x0892,0x0892,0x0ffe,0x0000} }, /* U+4FCE 俎 */
    { 0x4fd0u, {0x0020,0x0ff8,0x0006,0x0624,0x01a4,0x0ffc,0x0122,0x0222,0x00fc,0x0800,0x0ffe,0x0000} }, /* U+4FD0 俐 */
    { 0x4fd1u, {0x0020,0x0ff8,0x0006,0x0000,0x0ff2,0x0152,0x0152,0x0ffa,0x0156,0x0952,0x0ff0,0x0000} }, /* U+4FD1 俑 */
    { 0x4fd4u, {0x0020,0x0ff8,0x0006,0x0800,0x08fe,0x04aa,0x03aa,0x00aa,0x0faa,0x08aa,0x0cfe,0x0000} }, /* U+4FD4 俔 */
    { 0x4fd7u, {0x0020,0x0ff8,0x0006,0x0000,0x0084,0x0f42,0x0920,0x0910,0x0910,0x0922,0x0f44,0x0000} }, /* U+4FD7 俗 */
    { 0x4fd8u, {0x0020,0x0ff8,0x0006,0x0000,0x0218,0x0206,0x0242,0x0a5a,0x0f42,0x02ca,0x0252,0x0000} }, /* U+4FD8 俘 */
    { 0x4fdau, {0x0020,0x0ff8,0x0006,0x0000,0x097e,0x094a,0x094a,0x0ffe,0x094a,0x094a,0x097e,0x0000} }, /* U+4FDA 俚 */
    { 0x4fdbu, {0x0020,0x0ff8,0x0006,0x0808,0x08f4,0x0492,0x0392,0x00fa,0x0f96,0x0890,0x0cf0,0x0000} }, /* U+4FDB 俛 */
    { 0x4fddu, {0x0020,0x0ff8,0x0006,0x0400,0x045e,0x0252,0x0152,0x0ff2,0x0152,0x0252,0x045e,0x0000} }, /* U+4FDD 保 */
    { 0x4fdfu, {0x0020,0x0ff8,0x0006,0x0908,0x09c8,0x053c,0x032b,0x01e8,0x032a,0x052c,0x0928,0x0000} }, /* U+4FDF 俟 */
    { 0x4fe1u, {0x0020,0x0ff8,0x0006,0x0000,0x0008,0x0f2a,0x092a,0x092a,0x092a,0x092a,0x0f2a,0x0000} }, /* U+4FE1 信 */
    { 0x4fe3u, {0x0020,0x0ff8,0x0006,0x0800,0x095e,0x0552,0x0552,0x03d2,0x0552,0x0952,0x095e,0x0000} }, /* U+4FE3 俣 */
    { 0x4fe4u, {0x0020,0x0ff8,0x0006,0x04e8,0x02a9,0x01aa,0x0ff8,0x00ac,0x04ab,0x04b8,0x0380,0x0000} }, /* U+4FE4 俤 */
    { 0x4fe5u, {0x0020,0x0ff8,0x0006,0x0000,0x05f4,0x0554,0x0554,0x0fff,0x0554,0x0554,0x05f4,0x0000} }, /* U+4FE5 俥 */
    { 0x4feeu, {0x0020,0x0ff8,0x0006,0x03c0,0x0818,0x0a87,0x0a94,0x0a64,0x0924,0x055c,0x0444,0x0000} }, /* U+4FEE 修 */
    { 0x4fefu, {0x0020,0x0ff8,0x0406,0x03fc,0x0044,0x0fe4,0x003f,0x00a4,0x0924,0x0ffc,0x0024,0x0000} }, /* U+4FEF 俯 */
    { 0x4ff3u, {0x0020,0x0ff8,0x0006,0x0904,0x0924,0x0524,0x03fe,0x0000,0x0fff,0x0224,0x0224,0x0000} }, /* U+4FF3 俳 */
    { 0x4ff5u, {0x0020,0x0ff8,0x0006,0x0244,0x0a54,0x0f54,0x08d4,0x097f,0x0254,0x0554,0x08d4,0x0000} }, /* U+4FF5 俵 */
    { 0x4ff6u, {0x0020,0x0ff8,0x0006,0x0320,0x0820,0x0fff,0x0024,0x0b24,0x0472,0x0382,0x0c7e,0x0000} }, /* U+4FF6 俶 */
    { 0x4ff8u, {0x0020,0x0ff8,0x0006,0x0140,0x04d4,0x0574,0x055c,0x0fd7,0x0574,0x05d4,0x0554,0x0000} }, /* U+4FF8 俸 */
    { 0x4ffau, {0x0020,0x0ff8,0x0046,0x0024,0x03f4,0x02ac,0x02a4,0x0ff7,0x0aa4,0x0aac,0x0bf4,0x0000} }, /* U+4FFA 俺 */
    { 0x4ffeu, {0x0020,0x0ff8,0x0006,0x0400,0x04fc,0x0694,0x0596,0x04fd,0x0f94,0x0494,0x04fc,0x0000} }, /* U+4FFE 俾 */
    { 0x5005u, {0x0020,0x0ff8,0x0006,0x0200,0x0244,0x0234,0x0244,0x0f87,0x0244,0x0234,0x0244,0x0000} }, /* U+5005 倅 */
    { 0x5006u, {0x0020,0x0ff8,0x0006,0x0ff2,0x0192,0x0212,0x0ffe,0x0252,0x01d2,0x0a12,0x0ff2,0x0000} }, /* U+5006 倆 */
    { 0x5009u, {0x0020,0x0610,0x01f8,0x0eac,0x0aaa,0x0aaa,0x0aaa,0x0aaa,0x0aac,0x0ef8,0x0010,0x0000} }, /* U+5009 倉 */
    { 0x500bu, {0x0020,0x0ff8,0x0006,0x0000,0x0ffe,0x0812,0x0bd2,0x0a7e,0x0bd2,0x0812,0x0ffe,0x0000} }, /* U+500B 個 */
    { 0x500du, {0x0020,0x0020,0x0ff8,0x0006,0x0024,0x0f24,0x093c,0x0927,0x0924,0x093c,0x0f24,0x0000} }, /* U+500D 倍 */
    { 0x500fu, {0x0020,0x0ff8,0x0006,0x0bf8,0x0950,0x0548,0x0537,0x03e4,0x0524,0x09dc,0x0944,0x0000} }, /* U+500F 倏 */
    { 0x5011u, {0x0020,0x0ff8,0x0006,0x0000,0x0ffe,0x004a,0x007e,0x0000,0x007e,0x084a,0x0ffe,0x0000} }, /* U+5011 們 */
    { 0x5012u, {0x0020,0x0ff8,0x0006,0x0932,0x092a,0x0fe6,0x0922,0x0822,0x01fc,0x0800,0x0ffe,0x0000} }, /* U+5012 倒 */
    { 0x5014u, {0x0020,0x0ff8,0x0006,0x0600,0x01fe,0x0e0a,0x08ea,0x088a,0x0ffa,0x088a,0x0eee,0x0000} }, /* U+5014 倔 */
    { 0x5016u, {0x0020,0x0ff8,0x0006,0x0090,0x0294,0x02f4,0x0294,0x0f9f,0x0294,0x02f4,0x0294,0x0000} }, /* U+5016 倖 */
    { 0x5019u, {0x0020,0x0ff8,0x0006,0x07f8,0x0010,0x0992,0x0972,0x0552,0x03d2,0x055e,0x0950,0x0000} }, /* U+5019 候 */
    { 0x501au, {0x0020,0x0ff8,0x0006,0x0040,0x0064,0x0754,0x054c,0x0747,0x004c,0x0854,0x0fe4,0x0000} }, /* U+501A 倚 */
    { 0x501fu, {0x0020,0x0ff8,0x0006,0x0000,0x0024,0x0fa4,0x0abf,0x0aa4,0x0aa4,0x0abf,0x0fa4,0x0000} }, /* U+501F 借 */
    { 0x5021u, {0x0020,0x0ff8,0x0006,0x0000,0x0f80,0x0abe,0x0aaa,0x0aaa,0x0aaa,0x0abe,0x0f80,0x0000} }, /* U+5021 倡 */
    { 0x5023u, {0x0020,0x0ff8,0x0006,0x0308,0x08ff,0x0848,0x07c8,0x081f,0x04c4,0x0304,0x0cfc,0x0000} }, /* U+5023 倣 */
    { 0x5024u, {0x0020,0x0ff8,0x0006,0x0000,0x0fe4,0x0804,0x0bf4,0x0a54,0x0a5f,0x0a54,0x0bf4,0x0000} }, /* U+5024 値 */
    { 0x5025u, {0x0020,0x0ff8,0x0006,0x081c,0x0844,0x0944,0x093c,0x0f07,0x097c,0x0944,0x086c,0x0000} }, /* U+5025 倥 */
    { 0x5026u, {0x0020,0x0ff8,0x0106,0x0128,0x0eaa,0x0afc,0x0aa9,0x0aaa,0x0ab8,0x0bec,0x0caa,0x0000} }, /* U+5026 倦 */
    { 0x5028u, {0x0020,0x0ff8,0x0006,0x0600,0x01fe,0x0f2a,0x092a,0x092a,0x09fa,0x092a,0x0f2e,0x0000} }, /* U+5028 倨 */
    { 0x5029u, {0x0020,0x0ff8,0x0006,0x0040,0x0fd4,0x0254,0x0254,0x03ff,0x0254,0x0a54,0x0fd4,0x0000} }, /* U+5029 倩 */
    { 0x502au, {0x0020,0x0ff8,0x0006,0x0800,0x08fc,0x0494,0x0392,0x0081,0x0f94,0x0894,0x0cfc,0x0000} }, /* U+502A 倪 */
    { 0x502bu, {0x0020,0x0ff8,0x0006,0x0010,0x0fc8,0x0254,0x0fd2,0x0252,0x0fd2,0x0254,0x0fd8,0x0000} }, /* U+502B 倫 */
    { 0x502cu, {0x0020,0x0ff8,0x0006,0x0400,0x05f0,0x0550,0x055f,0x0f54,0x0554,0x0554,0x05f4,0x0000} }, /* U+502C 倬 */
    { 0x502du, {0x0020,0x0ff8,0x0006,0x0888,0x08ca,0x0baa,0x049a,0x04fe,0x068a,0x09aa,0x08ca,0x0000} }, /* U+502D 倭 */
    { 0x5036u, {0x0020,0x0ff8,0x0006,0x0900,0x05fe,0x012a,0x012a,0x012a,0x012a,0x05fe,0x0900,0x0000} }, /* U+5036 倶 */
    { 0x5039u, {0x0020,0x0ff8,0x0006,0x0810,0x09e8,0x052c,0x052a,0x03fa,0x052a,0x092c,0x09e8,0x0000} }, /* U+5039 倹 */
    { 0x5043u, {0x0020,0x0ff8,0x0006,0x0000,0x0ffe,0x0882,0x0cbe,0x0baa,0x0aea,0x0baa,0x0cbe,0x0000} }, /* U+5043 偃 */
    { 0x5047u, {0x0020,0x0ff8,0x0006,0x0000,0x0ffe,0x0292,0x0a92,0x085e,0x0742,0x0452,0x0bde,0x0000} }, /* U+5047 假 */
    { 0x5048u, {0x0020,0x0ff8,0x0006,0x0100,0x07be,0x04ea,0x06aa,0x05aa,0x0aaa,0x08be,0x0780,0x0000} }, /* U+5048 偈 */
    { 0x5049u, {0x0020,0x0ff8,0x0006,0x0410,0x0774,0x0554,0x055c,0x0fd7,0x0554,0x0574,0x051c,0x0000} }, /* U+5049 偉 */
    { 0x504fu, {0x0020,0x0ff8,0x0106,0x0080,0x0ffa,0x02aa,0x0faa,0x02aa,0x0faa,0x02aa,0x0fba,0x0000} }, /* U+504F 偏 */
    { 0x5050u, {0x0020,0x0ff8,0x0006,0x0600,0x01c4,0x086c,0x0ad4,0x0a57,0x0954,0x056c,0x04c4,0x0000} }, /* U+5050 偐 */
    { 0x5055u, {0x0020,0x0ff8,0x0006,0x0000,0x0fbe,0x0aa4,0x0aa4,0x0ac0,0x0a9f,0x0aa4,0x0fa4,0x0000} }, /* U+5055 偕 */
    { 0x5056u, {0x0020,0x0ff8,0x0006,0x0220,0x0124,0x0fa4,0x0ae4,0x0abf,0x0aa4,0x0af4,0x0fac,0x0000} }, /* U+5056 偖 */
    { 0x505au, {0x0020,0x0ff8,0x0006,0x0f88,0x08ff,0x0888,0x0f88,0x081f,0x04c4,0x0304,0x0cfc,0x0000} }, /* U+505A 做 */
    { 0x505cu, {0x0020,0x0ff8,0x0006,0x00c4,0x015c,0x0954,0x0957,0x0f54,0x0154,0x015c,0x01c4,0x0000} }, /* U+505C 停 */
    { 0x5065u, {0x0020,0x0ff8,0x0906,0x0664,0x05dc,0x0910,0x0954,0x0954,0x0bff,0x0954,0x097c,0x0000} }, /* U+5065 健 */
    { 0x506cu, {0x0020,0x0ff8,0x0406,0x0048,0x0634,0x0817,0x096c,0x0a24,0x085c,0x0284,0x047c,0x0000} }, /* U+506C 偬 */
    { 0x5072u, {0x0020,0x0ff8,0x0406,0x0200,0x007e,0x064a,0x08ca,0x097e,0x084a,0x094a,0x027e,0x0000} }, /* U+5072 偲 */
    { 0x5074u, {0x0010,0x0ff8,0x0804,0x05fe,0x012a,0x012a,0x05fe,0x0800,0x01fc,0x0800,0x0ffe,0x0000} }, /* U+5074 側 */
    { 0x5075u, {0x0020,0x0ff8,0x0006,0x0800,0x09f0,0x0550,0x015f,0x0154,0x0154,0x0554,0x09f4,0x0000} }, /* U+5075 偵 */
    { 0x5076u, {0x0020,0x0ff8,0x0006,0x0000,0x0fbe,0x04aa,0x07aa,0x04fe,0x06aa,0x08aa,0x0fbe,0x0000} }, /* U+5076 偶 */
    { 0x5078u, {0x0020,0x0ff8,0x0006,0x0fd0,0x054a,0x0556,0x0fd2,0x0312,0x0cd2,0x0314,0x0cd8,0x0000} }, /* U+5078 偸 */
    { 0x507du, {0x0020,0x0ff8,0x0086,0x06c8,0x00a9,0x06ba,0x00a8,0x06ac,0x08bb,0x08e0,0x0780,0x0000} }, /* U+507D 偽 */
    { 0x5080u, {0x0020,0x0ff8,0x0006,0x0000,0x0cfc,0x0394,0x0096,0x07fd,0x0894,0x0b94,0x0cfc,0x0000} }, /* U+5080 傀 */
    { 0x5085u, {0x0020,0x0ff8,0x0006,0x0200,0x02f4,0x0654,0x0a54,0x02ff,0x0a54,0x0f54,0x02f6,0x0000} }, /* U+5085 傅 */
    { 0x508du, {0x0020,0x0ff8,0x0006,0x0064,0x0ca4,0x03bc,0x02e4,0x02a7,0x0abc,0x0aa4,0x06e4,0x0000} }, /* U+508D 傍 */
    { 0x5091u, {0x0020,0x0ff8,0x0006,0x0948,0x094e,0x0532,0x031e,0x0fd4,0x0114,0x057f,0x0914,0x0000} }, /* U+5091 傑 */
    { 0x5098u, {0x0310,0x02a8,0x0254,0x02aa,0x0202,0x0ffa,0x0202,0x02aa,0x0254,0x02a8,0x0310,0x0000} }, /* U+5098 傘 */
    { 0x5099u, {0x0020,0x0ff8,0x0106,0x0084,0x0ff4,0x055f,0x0554,0x0fd4,0x055f,0x0554,0x0fd4,0x0000} }, /* U+5099 備 */
    { 0x509au, {0x0020,0x0ff8,0x0006,0x0824,0x0514,0x0207,0x0514,0x08a4,0x041f,0x0384,0x0c7c,0x0000} }, /* U+509A 傚 */
    { 0x50acu, {0x0020,0x0ff8,0x0086,0x0040,0x0fee,0x0ab8,0x0aa8,0x0aaf,0x0fe8,0x0ab8,0x0aae,0x0000} }, /* U+50AC 催 */
    { 0x50adu, {0x0020,0x0ff8,0x0206,0x0100,0x0ffc,0x0514,0x0554,0x0fff,0x0554,0x0554,0x0f7c,0x0000} }, /* U+50AD 傭 */
    { 0x50b2u, {0x0020,0x0ff8,0x0006,0x0254,0x09d4,0x097f,0x0754,0x0850,0x04df,0x0304,0x0cfc,0x0000} }, /* U+50B2 傲 */
    { 0x50b3u, {0x0020,0x0ff8,0x0006,0x0144,0x017c,0x0554,0x0954,0x017f,0x0954,0x0fd4,0x017c,0x0000} }, /* U+50B3 傳 */
    { 0x50b4u, {0x0020,0x0ff8,0x0006,0x0000,0x0ffe,0x0a82,0x0bba,0x082a,0x0baa,0x0aba,0x0b82,0x0000} }, /* U+50B4 傴 */
    { 0x50b5u, {0x0020,0x0ff8,0x0806,0x0844,0x07d4,0x0554,0x0554,0x057f,0x0554,0x0fd4,0x0854,0x0000} }, /* U+50B5 債 */
    { 0x50b7u, {0x0020,0x0ff8,0x0006,0x0508,0x037c,0x09d7,0x0554,0x0354,0x0954,0x097c,0x0744,0x0000} }, /* U+50B7 傷 */
    { 0x50beu, {0x0020,0x0ff8,0x0006,0x03f8,0x0a40,0x0822,0x07fa,0x02aa,0x02ae,0x06aa,0x0bfa,0x0000} }, /* U+50BE 傾 */
    { 0x50c2u, {0x0020,0x0ff8,0x0006,0x0910,0x09fc,0x0754,0x0554,0x05ff,0x0554,0x0b54,0x09fc,0x0000} }, /* U+50C2 僂 */
    { 0x50c5u, {0x0020,0x0ff8,0x0006,0x0804,0x0af4,0x0a9f,0x0a94,0x0ff4,0x0a9f,0x0a94,0x0af4,0x0000} }, /* U+50C5 僅 */
    { 0x50c9u, {0x0810,0x05e8,0x032c,0x052a,0x09ea,0x000a,0x09ea,0x052a,0x032c,0x05e8,0x0810,0x0000} }, /* U+50C9 僉 */
    { 0x50cau, {0x0020,0x0ff8,0x0006,0x0480,0x02ba,0x0faa,0x0abe,0x0aea,0x0abe,0x0baa,0x0cba,0x0000} }, /* U+50CA 僊 */
    { 0x50cdu, {0x0020,0x0ff8,0x0006,0x0afa,0x0aaa,0x0ffe,0x0aaa,0x02aa,0x09ff,0x0808,0x07f8,0x0000} }, /* U+50CD 働 */
    { 0x50cfu, {0x0020,0x0ff8,0x0006,0x0508,0x057c,0x02ca,0x0a4a,0x097a,0x07ce,0x024a,0x0578,0x0000} }, /* U+50CF 像 */
    { 0x50d1u, {0x0020,0x0ff8,0x0086,0x0f48,0x012a,0x077a,0x054e,0x054a,0x077a,0x092a,0x0f4a,0x0000} }, /* U+50D1 僑 */
    { 0x50d5u, {0x0020,0x0ff8,0x0006,0x0a24,0x0aa4,0x06bf,0x02a4,0x03e7,0x06bc,0x0aa6,0x0aa4,0x0000} }, /* U+50D5 僕 */
    { 0x50d6u, {0x0020,0x0ff8,0x0006,0x0104,0x0f74,0x09d4,0x0954,0x095f,0x0954,0x09d4,0x0f74,0x0000} }, /* U+50D6 僖 */
    { 0x50dau, {0x0020,0x0ff8,0x0086,0x084c,0x05f4,0x015c,0x0954,0x0f57,0x0154,0x055c,0x09f4,0x0000} }, /* U+50DA 僚 */
    { 0x50deu, {0x0020,0x0ff8,0x0006,0x0618,0x09f6,0x0552,0x0956,0x055a,0x0952,0x0976,0x07ca,0x0000} }, /* U+50DE 僞 */
    { 0x50e3u, {0x0020,0x0ff8,0x0006,0x0054,0x0fb4,0x0a9f,0x0ad4,0x0ab4,0x0a9f,0x0fb4,0x0054,0x0000} }, /* U+50E3 僣 */
    { 0x50e5u, {0x0020,0x0ff8,0x0006,0x0950,0x0954,0x05f4,0x0354,0x011f,0x0f54,0x09f4,0x0d54,0x0000} }, /* U+50E5 僥 */
    { 0x50e7u, {0x0020,0x0ff8,0x0006,0x007c,0x0fd4,0x0957,0x0954,0x097c,0x0956,0x0fd5,0x007c,0x0000} }, /* U+50E7 僧 */
    { 0x50edu, {0x0020,0x0ff8,0x0006,0x005c,0x0fb4,0x0a9f,0x0ad4,0x0ab4,0x0a9f,0x0ff4,0x0054,0x0000} }, /* U+50ED 僭 */
    { 0x50eeu, {0x0020,0x0ff8,0x0006,0x0824,0x0be4,0x0abc,0x0aa4,0x0fe7,0x0aa4,0x0abc,0x0be4,0x0000} }, /* U+50EE 僮 */
    { 0x50f5u, {0x0020,0x0ff8,0x0006,0x0882,0x0fbe,0x0aaa,0x0aaa,0x0fbe,0x0aaa,0x0aaa,0x0fbe,0x0000} }, /* U+50F5 僵 */
    { 0x50f9u, {0x0020,0x0ff8,0x0006,0x083a,0x0bea,0x06aa,0x02be,0x02aa,0x02be,0x07ea,0x083a,0x0000} }, /* U+50F9 價 */
    { 0x50fbu, {0x0010,0x0ff8,0x0104,0x0ffe,0x08a2,0x0fbe,0x0244,0x027c,0x0fc7,0x027c,0x0244,0x0000} }, /* U+50FB 僻 */
    { 0x5100u, {0x0020,0x0ff8,0x0106,0x0544,0x0fd4,0x0557,0x0954,0x0bfc,0x0556,0x0555,0x0b54,0x0000} }, /* U+5100 儀 */
    { 0x5101u, {0x0020,0x0ff8,0x0006,0x0010,0x0f7c,0x0157,0x0754,0x047c,0x0757,0x0954,0x0f54,0x0000} }, /* U+5101 儁 */
    { 0x5102u, {0x0020,0x0ff8,0x0006,0x0600,0x01fc,0x0f54,0x097f,0x0354,0x057f,0x0b54,0x097c,0x0000} }, /* U+5102 儂 */
    { 0x5104u, {0x0020,0x0ff8,0x0806,0x0414,0x01f4,0x0f5c,0x0954,0x0b57,0x0954,0x055c,0x09f4,0x0000} }, /* U+5104 億 */
    { 0x5109u, {0x0020,0x0ff8,0x0006,0x0808,0x05e4,0x032a,0x05ea,0x080a,0x05ea,0x032a,0x0dec,0x0000} }, /* U+5109 儉 */
    { 0x5112u, {0x0020,0x0ff8,0x0006,0x0080,0x0eba,0x028a,0x0eaa,0x03be,0x0e8a,0x02aa,0x0eba,0x0000} }, /* U+5112 儒 */
    { 0x5114u, {0x0020,0x0ff8,0x0006,0x0110,0x0f54,0x0954,0x0f54,0x01df,0x0554,0x0954,0x0f34,0x0000} }, /* U+5114 儔 */
    { 0x5115u, {0x0020,0x0ff8,0x0026,0x0c1c,0x03e4,0x02bc,0x0297,0x02bc,0x02a4,0x0fdc,0x0024,0x0000} }, /* U+5115 儕 */
    { 0x5116u, {0x0020,0x0ff8,0x0006,0x0800,0x0ffe,0x092a,0x0fee,0x093a,0x0f4c,0x094a,0x0f48,0x0000} }, /* U+5116 儖 */
    { 0x5118u, {0x0020,0x0ff8,0x0006,0x0910,0x0ed4,0x0a54,0x0ed4,0x0b7f,0x0e54,0x0ad4,0x0f7c,0x0000} }, /* U+5118 儘 */
    { 0x511au, {0x0020,0x0ff8,0x0006,0x02c4,0x0a74,0x09df,0x0b74,0x0554,0x057f,0x0354,0x00f4,0x0000} }, /* U+511A 儚 */
    { 0x511fu, {0x0020,0x0ff8,0x0006,0x081c,0x0be4,0x06be,0x02a4,0x02a7,0x02bc,0x06a6,0x0bec,0x0000} }, /* U+511F 償 */
    { 0x5121u, {0x0020,0x0ff8,0x0006,0x0f80,0x0abe,0x0aaa,0x0faa,0x0abe,0x0faa,0x0abe,0x0f80,0x0000} }, /* U+5121 儡 */
    { 0x512au, {0x0040,0x0ff0,0x002e,0x0aa2,0x0a7e,0x0baa,0x056a,0x052a,0x056a,0x0bbe,0x0962,0x0000} }, /* U+512A 優 */
    { 0x5132u, {0x0020,0x0ff8,0x0006,0x0f2a,0x092a,0x0f2a,0x0100,0x0fa4,0x0aff,0x0aa4,0x0fb4,0x0000} }, /* U+5132 儲 */
    { 0x5137u, {0x0020,0x0ff8,0x0006,0x0608,0x09da,0x0f4a,0x05da,0x0560,0x0fda,0x094a,0x0dda,0x0000} }, /* U+5137 儷 */
    { 0x513au, {0x0020,0x0ff8,0x0906,0x0574,0x03de,0x0574,0x0954,0x0fff,0x0928,0x0ffe,0x0928,0x0000} }, /* U+513A 儺 */
    { 0x513bu, {0x0020,0x0ff8,0x0006,0x0404,0x0d74,0x055e,0x0d54,0x07f7,0x0d5c,0x0556,0x0d7c,0x0000} }, /* U+513B 儻 */
    { 0x513cu, {0x0020,0x0ff8,0x0406,0x07f8,0x02ae,0x02ba,0x0fee,0x0888,0x077e,0x042a,0x0bee,0x0000} }, /* U+513C 儼 */
    { 0x513fu, {0x0c00,0x0300,0x00fe,0x0000,0x0000,0x0000,0x0ffe,0x0800,0x0800,0x0800,0x0f00,0x0000} }, /* U+513F 儿 */
    { 0x5140u, {0x0c02,0x0302,0x00c2,0x003e,0x0002,0x0002,0x0ffe,0x0802,0x0802,0x0802,0x0f02,0x0000} }, /* U+5140 兀 */
    { 0x5141u, {0x0820,0x0820,0x0430,0x03ec,0x0023,0x0020,0x0fe0,0x0820,0x082c,0x0830,0x0cc0,0x0000} }, /* U+5141 允 */
    { 0x5143u, {0x0820,0x0822,0x0422,0x03e2,0x0022,0x0022,0x0fe2,0x0822,0x0822,0x0822,0x0e20,0x0000} }, /* U+5143 元 */
    { 0x5144u, {0x0800,0x0800,0x047e,0x03c2,0x0042,0x0042,0x0fc2,0x0842,0x087e,0x0800,0x0e00,0x0000} }, /* U+5144 兄 */
    { 0x5145u, {0x0804,0x0844,0x0444,0x03e4,0x005c,0x0047,0x07c4,0x0854,0x0864,0x0844,0x0c84,0x0000} }, /* U+5145 充 */
    { 0x5146u, {0x0904,0x0888,0x0440,0x03fe,0x0000,0x0000,0x0fff,0x0800,0x0850,0x0888,0x0d04,0x0000} }, /* U+5146 兆 */
    { 0x5147u, {0x0800,0x08fe,0x0480,0x03a2,0x0094,0x0088,0x0794,0x08a2,0x0880,0x08fe,0x0e00,0x0000} }, /* U+5147 兇 */
    { 0x5148u, {0x0860,0x0850,0x084e,0x0448,0x03c8,0x007f,0x0048,0x0fc8,0x0848,0x0848,0x0c40,0x0000} }, /* U+5148 先 */
    { 0x5149u, {0x0840,0x0844,0x0448,0x03c0,0x0040,0x007f,0x0fc0,0x0840,0x0848,0x0844,0x0e40,0x0000} }, /* U+5149 光 */
    { 0x514bu, {0x0804,0x0804,0x04f4,0x0394,0x0094,0x009f,0x0f94,0x0894,0x08f4,0x0804,0x0e04,0x0000} }, /* U+514B 克 */
    { 0x514cu, {0x0860,0x0818,0x04f6,0x0390,0x0090,0x0092,0x0f92,0x0892,0x08f6,0x0818,0x0e60,0x0000} }, /* U+514C 兌 */
    { 0x514du, {0x0810,0x08f8,0x0494,0x0392,0x0092,0x00f2,0x0f9a,0x0896,0x0890,0x08f0,0x0e00,0x0000} }, /* U+514D 免 */
    { 0x514eu, {0x0804,0x08f4,0x0494,0x0394,0x0094,0x00fc,0x0792,0x0892,0x0992,0x0af2,0x0c02,0x0000} }, /* U+514E 兎 */
    { 0x5150u, {0x0800,0x08fe,0x0800,0x0400,0x03fe,0x0092,0x0092,0x0f92,0x0892,0x08fe,0x0e00,0x0000} }, /* U+5150 児 */
    { 0x5152u, {0x0800,0x08fc,0x0494,0x0394,0x0092,0x0081,0x0f90,0x0894,0x0894,0x08fc,0x0e00,0x0000} }, /* U+5152 兒 */
    { 0x5154u, {0x0810,0x08f8,0x0494,0x0392,0x0092,0x0ff2,0x089a,0x0996,0x0a90,0x08f0,0x0e00,0x0000} }, /* U+5154 兔 */
    { 0x515au, {0x0838,0x0808,0x05ee,0x0328,0x0128,0x012f,0x0f28,0x0928,0x09ec,0x080a,0x0e38,0x0000} }, /* U+515A 党 */
    { 0x515cu, {0x08fc,0x0884,0x0800,0x06fc,0x0096,0x0095,0x0f94,0x08fc,0x0800,0x0884,0x0cfc,0x0000} }, /* U+515C 兜 */
    { 0x5162u, {0x0cf4,0x0394,0x009f,0x0f94,0x08f4,0x0000,0x0cf4,0x0394,0x009f,0x0f94,0x08f4,0x0000} }, /* U+5162 兢 */
    { 0x5165u, {0x0800,0x0400,0x0202,0x0102,0x00c2,0x003e,0x00c0,0x0300,0x0400,0x0800,0x0800,0x0000} }, /* U+5165 入 */
    { 0x5168u, {0x0820,0x0810,0x0928,0x0924,0x0922,0x0fe2,0x0922,0x0924,0x0928,0x0810,0x0820,0x0000} }, /* U+5168 全 */
    { 0x5169u, {0x0ff2,0x0212,0x0152,0x01d2,0x0212,0x0ffe,0x0212,0x0152,0x01d2,0x0a12,0x0ff2,0x0000} }, /* U+5169 兩 */
    { 0x516au, {0x0fe0,0x02b2,0x02aa,0x082e,0x0fea,0x000a,0x038a,0x0c6a,0x0004,0x0388,0x0c68,0x0000} }, /* U+516A 兪 */
    { 0x516bu, {0x0c00,0x0380,0x0070,0x0002,0x0002,0x0002,0x0002,0x001e,0x00e0,0x0300,0x0c00,0x0000} }, /* U+516B 八 */
    { 0x516cu, {0x00c0,0x0030,0x0c0c,0x0b00,0x08c0,0x0802,0x0402,0x0402,0x030e,0x0c30,0x00c0,0x0000} }, /* U+516C 公 */
    { 0x516du, {0x0c08,0x0308,0x00c8,0x0008,0x0008,0x000f,0x0008,0x0008,0x00c8,0x0308,0x0c08,0x0000} }, /* U+516D 六 */
    { 0x516eu, {0x0060,0x0018,0x0316,0x00f0,0x0090,0x0892,0x0892,0x0492,0x0396,0x0018,0x0060,0x0000} }, /* U+516E 兮 */
    { 0x5171u, {0x0080,0x0888,0x0488,0x02ff,0x0088,0x0088,0x0088,0x02ff,0x0488,0x0888,0x0080,0x0000} }, /* U+5171 共 */
    { 0x5175u, {0x0900,0x0900,0x05fc,0x0514,0x0114,0x0114,0x0114,0x05f2,0x0512,0x0910,0x0900,0x0000} }, /* U+5175 兵 */
    { 0x5176u, {0x0904,0x0904,0x0504,0x05ff,0x0154,0x0154,0x0154,0x05ff,0x0504,0x0904,0x0904,0x0000} }, /* U+5176 其 */
    { 0x5177u, {0x0900,0x0900,0x05fe,0x052a,0x012a,0x012a,0x012a,0x052a,0x05fe,0x0900,0x0900,0x0000} }, /* U+5177 具 */
    { 0x5178u, {0x0900,0x09fc,0x0524,0x0524,0x01ff,0x0124,0x01ff,0x0524,0x0524,0x09fc,0x0900,0x0000} }, /* U+5178 典 */
    { 0x517cu, {0x0844,0x0554,0x0154,0x0fff,0x0154,0x0154,0x0ffc,0x0156,0x01f5,0x0444,0x0844,0x0000} }, /* U+517C 兼 */
    { 0x5180u, {0x0414,0x0514,0x0df4,0x0754,0x055f,0x05f0,0x055f,0x0754,0x0df4,0x0512,0x041a,0x0000} }, /* U+5180 冀 */
    { 0x5182u, {0x0ffe,0x0002,0x0002,0x0002,0x0002,0x0002,0x0002,0x0002,0x0802,0x0802,0x0ffe,0x0000} }, /* U+5182 冂 */
    { 0x5185u, {0x0ff8,0x0008,0x0108,0x0088,0x0048,0x003f,0x0048,0x0088,0x0908,0x0808,0x0ff8,0x0000} }, /* U+5185 内 */
    { 0x5186u, {0x0ffe,0x0042,0x0042,0x0042,0x0042,0x007e,0x0042,0x0042,0x0842,0x0842,0x0ffe,0x0000} }, /* U+5186 円 */
    { 0x5189u, {0x0100,0x0ffc,0x0124,0x0124,0x0124,0x01ff,0x0124,0x0124,0x0924,0x0ffc,0x0100,0x0000} }, /* U+5189 冉 */
    { 0x518au, {0x0040,0x0ffe,0x0042,0x0042,0x07fe,0x0042,0x07fe,0x0042,0x0842,0x0ffe,0x0040,0x0000} }, /* U+518A 冊 */
    { 0x518cu, {0x0c20,0x03fe,0x0022,0x0822,0x0ffe,0x0020,0x0ffe,0x0022,0x0822,0x0ffe,0x0020,0x0000} }, /* U+518C 册 */
    { 0x518du, {0x0102,0x0ffa,0x012a,0x012a,0x012a,0x01fe,0x012a,0x012a,0x092a,0x0ffa,0x0102,0x0000} }, /* U+518D 再 */
    { 0x518fu, {0x0ffe,0x0042,0x0022,0x03d2,0x024e,0x0242,0x025e,0x03e2,0x0022,0x0822,0x0ffe,0x0000} }, /* U+518F 冏 */
    { 0x5190u, {0x001e,0x0002,0x0fea,0x02aa,0x02aa,0x02aa,0x02aa,0x0aaa,0x0fea,0x0002,0x001e,0x0000} }, /* U+5190 冐 */
    { 0x5191u, {0x007c,0x0fd4,0x0054,0x0554,0x0554,0x057f,0x0554,0x0554,0x0854,0x0fd4,0x007c,0x0000} }, /* U+5191 冑 */
    { 0x5192u, {0x0000,0x003e,0x0faa,0x0aaa,0x0aaa,0x0aaa,0x0aaa,0x0aaa,0x0aaa,0x0faa,0x003e,0x0000} }, /* U+5192 冒 */
    { 0x5193u, {0x0410,0x0fd4,0x0554,0x055f,0x0554,0x07f4,0x0554,0x055f,0x0554,0x0fd4,0x0410,0x0000} }, /* U+5193 冓 */
    { 0x5195u, {0x0880,0x0bbe,0x0ac2,0x06aa,0x02aa,0x03aa,0x0eea,0x0aaa,0x0a82,0x0bbe,0x0c00,0x0000} }, /* U+5195 冕 */
    { 0x5196u, {0x0078,0x0008,0x0008,0x0008,0x0008,0x0008,0x0008,0x0008,0x0008,0x0008,0x0078,0x0000} }, /* U+5196 冖 */
    { 0x5197u, {0x080e,0x0802,0x0402,0x03f2,0x0012,0x0012,0x0012,0x0ff2,0x0802,0x0802,0x0e0e,0x0000} }, /* U+5197 冗 */
    { 0x5199u, {0x010e,0x0102,0x0162,0x015e,0x094a,0x094a,0x094a,0x054a,0x03ca,0x0102,0x010e,0x0000} }, /* U+5199 写 */
    { 0x51a0u, {0x0c96,0x0392,0x0092,0x0f92,0x0882,0x0822,0x08a2,0x0922,0x0822,0x0bfa,0x0c26,0x0000} }, /* U+51A0 冠 */
    { 0x51a2u, {0x040e,0x0482,0x049a,0x03ca,0x0a4a,0x093a,0x07ca,0x008a,0x014a,0x0222,0x040e,0x0000} }, /* U+51A2 冢 */
    { 0x51a4u, {0x084e,0x09e2,0x0532,0x052a,0x032a,0x01ea,0x073a,0x092a,0x0b22,0x09e2,0x0c0e,0x0000} }, /* U+51A4 冤 */
    { 0x51a5u, {0x0a0e,0x0a02,0x06fa,0x02aa,0x02aa,0x03aa,0x02aa,0x02aa,0x06fa,0x0a02,0x0a0e,0x0000} }, /* U+51A5 冥 */
    { 0x51a6u, {0x0c9e,0x0392,0x0092,0x0792,0x0892,0x0a42,0x09c2,0x097a,0x0952,0x0ad2,0x0e4e,0x0000} }, /* U+51A6 冦 */
    { 0x51a8u, {0x000e,0x0f82,0x0a8a,0x0aba,0x0aaa,0x0faa,0x0aaa,0x0aba,0x0a8a,0x0f82,0x000e,0x0000} }, /* U+51A8 冨 */
    { 0x51a9u, {0x020e,0x0902,0x05fa,0x012a,0x0d26,0x0102,0x0d2a,0x012a,0x09fa,0x0902,0x070e,0x0000} }, /* U+51A9 冩 */
    { 0x51aau, {0x0486,0x028a,0x0ffa,0x02ae,0x02aa,0x0faa,0x02aa,0x0aae,0x0ffa,0x028a,0x0486,0x0000} }, /* U+51AA 冪 */
    { 0x51abu, {0x0000,0x0000,0x0800,0x0802,0x0404,0x0408,0x0200,0x0100,0x0080,0x0000,0x0000,0x0000} }, /* U+51AB 冫 */
    { 0x51acu, {0x0080,0x0090,0x0490,0x0448,0x0457,0x08a4,0x0924,0x0954,0x084c,0x0080,0x0080,0x0000} }, /* U+51AC 冬 */
    { 0x51bdu, {0x0c04,0x0308,0x0802,0x0862,0x049e,0x0312,0x00f2,0x0002,0x01fc,0x0800,0x0ffe,0x0000} }, /* U+51BD 冽 */
    { 0x51c4u, {0x0c04,0x0308,0x0000,0x0914,0x0954,0x0754,0x05ff,0x0554,0x0554,0x0b7c,0x0914,0x0000} }, /* U+51C4 凄 */
    { 0x51c5u, {0x0c04,0x0308,0x0000,0x0000,0x0ffe,0x0812,0x0bd2,0x0a7e,0x0bd2,0x0812,0x0ffe,0x0000} }, /* U+51C5 凅 */
    { 0x51c6u, {0x0c04,0x0308,0x0000,0x0020,0x0ff8,0x092f,0x0928,0x0ff8,0x092e,0x0928,0x0928,0x0000} }, /* U+51C6 准 */
    { 0x51c9u, {0x0c04,0x0308,0x0000,0x0404,0x02f4,0x0094,0x0894,0x0f97,0x0094,0x02f4,0x0404,0x0000} }, /* U+51C9 凉 */
    { 0x51cbu, {0x0604,0x0188,0x0c00,0x03fe,0x0052,0x0752,0x057e,0x0552,0x0752,0x0802,0x0ffe,0x0000} }, /* U+51CB 凋 */
    { 0x51ccu, {0x0c04,0x0308,0x0000,0x0954,0x0954,0x0ab4,0x0494,0x049f,0x06b4,0x09d4,0x0854,0x0000} }, /* U+51CC 凌 */
    { 0x51cdu, {0x0c04,0x0308,0x0000,0x0804,0x09f4,0x0554,0x0354,0x0fff,0x0154,0x0554,0x09f4,0x0000} }, /* U+51CD 凍 */
    { 0x51d6u, {0x0284,0x0248,0x0200,0x0208,0x02fc,0x0f97,0x0294,0x02fc,0x0297,0x0294,0x0284,0x0000} }, /* U+51D6 凖 */
    { 0x51dbu, {0x0c04,0x0308,0x0000,0x0904,0x057c,0x0144,0x095c,0x0f57,0x015c,0x0544,0x097c,0x0000} }, /* U+51DB 凛 */
    { 0x51dcu, {0x0c04,0x0308,0x0000,0x0904,0x097c,0x0544,0x035c,0x0fd7,0x015c,0x0544,0x097c,0x0000} }, /* U+51DC 凜 */
    { 0x51ddu, {0x0c04,0x0308,0x0800,0x056e,0x03d4,0x0554,0x0f52,0x0812,0x0ffa,0x0916,0x0932,0x0000} }, /* U+51DD 凝 */
    { 0x51e0u, {0x0c00,0x0300,0x00fe,0x0002,0x0002,0x0002,0x0002,0x0ffe,0x0800,0x0800,0x0e00,0x0000} }, /* U+51E0 几 */
    { 0x51e1u, {0x0c00,0x0300,0x00fe,0x0002,0x0022,0x0042,0x0002,0x0ffe,0x0800,0x0800,0x0e00,0x0000} }, /* U+51E1 凡 */
    { 0x51e6u, {0x0c60,0x029f,0x0304,0x04c4,0x043c,0x0980,0x087c,0x0804,0x0804,0x09fc,0x0900,0x0000} }, /* U+51E6 処 */
    { 0x51e7u, {0x0c00,0x03fe,0x0002,0x03f2,0x0012,0x0ffe,0x0212,0x03f2,0x0002,0x01fe,0x0e00,0x0000} }, /* U+51E7 凧 */
    { 0x51e9u, {0x0c00,0x03fe,0x0012,0x0312,0x00d2,0x0ffe,0x0092,0x0112,0x0212,0x01fe,0x0e00,0x0000} }, /* U+51E9 凩 */
    { 0x51eau, {0x0c00,0x03fe,0x0402,0x07c2,0x0402,0x07fa,0x0442,0x0442,0x0402,0x01fe,0x0e00,0x0000} }, /* U+51EA 凪 */
    { 0x51edu, {0x0810,0x0878,0x0806,0x0708,0x014a,0x014a,0x014a,0x0f7e,0x084a,0x084a,0x0c4a,0x0000} }, /* U+51ED 凭 */
    { 0x51f0u, {0x0c00,0x03fe,0x0802,0x0afa,0x0aaa,0x0fae,0x0aaa,0x0afa,0x0802,0x01fe,0x0e00,0x0000} }, /* U+51F0 凰 */
    { 0x51f1u, {0x09d6,0x0f54,0x0957,0x0f54,0x09d6,0x0400,0x03fe,0x0002,0x0002,0x0ffe,0x0800,0x0000} }, /* U+51F1 凱 */
    { 0x51f5u, {0x0ffe,0x0800,0x0800,0x0800,0x0800,0x0800,0x0800,0x0800,0x0800,0x0800,0x0ffe,0x0000} }, /* U+51F5 凵 */
    { 0x51f6u, {0x0ffe,0x0800,0x0904,0x0888,0x0850,0x0820,0x0850,0x0888,0x0904,0x0800,0x0ffe,0x0000} }, /* U+51F6 凶 */
    { 0x51f8u, {0x0fc0,0x0840,0x0840,0x087e,0x0802,0x0802,0x0802,0x087e,0x0840,0x0840,0x0fc0,0x0000} }, /* U+51F8 凸 */
    { 0x51f9u, {0x0ffe,0x0802,0x0802,0x087e,0x0840,0x0840,0x0840,0x087e,0x0802,0x0802,0x0ffe,0x0000} }, /* U+51F9 凹 */
    { 0x51fau, {0x0f00,0x083c,0x0820,0x0820,0x0820,0x0fff,0x0820,0x0820,0x0820,0x083c,0x0f00,0x0000} }, /* U+51FA 出 */
    { 0x51fdu, {0x0ff2,0x0a02,0x0912,0x08a2,0x0a0e,0x0bfa,0x0802,0x08a2,0x0912,0x0a02,0x0ff2,0x0000} }, /* U+51FD 函 */
    { 0x51feu, {0x0ff8,0x0922,0x0922,0x09e2,0x0c02,0x0bfa,0x0a16,0x09d2,0x0912,0x0a92,0x0ff8,0x0000} }, /* U+51FE 凾 */
    { 0x5200u, {0x0802,0x0802,0x0402,0x0302,0x00fe,0x0002,0x0802,0x0802,0x0802,0x0402,0x03fe,0x0000} }, /* U+5200 刀 */
    { 0x5203u, {0x0802,0x0802,0x0412,0x0322,0x00fe,0x0082,0x0902,0x0802,0x0802,0x0402,0x03fe,0x0000} }, /* U+5203 刃 */
    { 0x5204u, {0x0062,0x0c1a,0x0322,0x00c2,0x00be,0x0082,0x0902,0x0902,0x0502,0x03fe,0x0100,0x0000} }, /* U+5204 刄 */
    { 0x5206u, {0x00c0,0x0830,0x084e,0x0640,0x01c0,0x0042,0x0842,0x0842,0x07c6,0x0018,0x0060,0x0000} }, /* U+5206 分 */
    { 0x5207u, {0x0010,0x01fe,0x0210,0x0210,0x0602,0x0182,0x007e,0x0802,0x0802,0x0402,0x03fe,0x0000} }, /* U+5207 切 */
    { 0x5208u, {0x0008,0x0c10,0x0320,0x00e0,0x011e,0x0200,0x0000,0x01fc,0x0000,0x0800,0x0ffe,0x0000} }, /* U+5208 刈 */
    { 0x520au, {0x0042,0x0042,0x0ffe,0x0042,0x0042,0x0042,0x0000,0x01fc,0x0000,0x0800,0x0ffe,0x0000} }, /* U+520A 刊 */
    { 0x520bu, {0x0044,0x0844,0x0644,0x01fc,0x0042,0x0042,0x0040,0x01fc,0x0000,0x0800,0x0ffe,0x0000} }, /* U+520B 刋 */
    { 0x520eu, {0x0188,0x0c7f,0x0304,0x08fc,0x0804,0x07fc,0x0000,0x01fc,0x0000,0x0800,0x0ffe,0x0000} }, /* U+520E 刎 */
    { 0x5211u, {0x0c22,0x03fe,0x0022,0x0022,0x0ffe,0x0022,0x0000,0x01fc,0x0000,0x0800,0x0ffe,0x0000} }, /* U+5211 刑 */
    { 0x5214u, {0x0c44,0x0244,0x01ff,0x0244,0x0444,0x087c,0x0040,0x01fc,0x0000,0x0800,0x0ffe,0x0000} }, /* U+5214 刔 */
    { 0x5217u, {0x0882,0x0862,0x045e,0x0492,0x0312,0x00f2,0x0000,0x01fc,0x0000,0x0800,0x0ffe,0x0000} }, /* U+5217 列 */
    { 0x521du, {0x0108,0x0f8e,0x0148,0x0038,0x0602,0x0182,0x007e,0x0802,0x0802,0x0402,0x03fe,0x0000} }, /* U+521D 初 */
    { 0x5224u, {0x012c,0x0120,0x0fff,0x0120,0x0128,0x0124,0x0000,0x03fc,0x0000,0x0800,0x0ffe,0x0000} }, /* U+5224 判 */
    { 0x5225u, {0x031e,0x08f2,0x0852,0x0852,0x07de,0x0000,0x0000,0x01fc,0x0000,0x0800,0x0ffe,0x0000} }, /* U+5225 別 */
    { 0x5227u, {0x0e44,0x09c4,0x087f,0x0844,0x0e44,0x0002,0x0182,0x087e,0x0802,0x0402,0x03fe,0x0000} }, /* U+5227 刧 */
    { 0x5229u, {0x0224,0x0124,0x00a4,0x0ffc,0x0122,0x0222,0x0000,0x01fc,0x0000,0x0800,0x0ffe,0x0000} }, /* U+5229 利 */
    { 0x522au, {0x0040,0x0ffe,0x0042,0x0ffe,0x0042,0x0ffe,0x0040,0x01fc,0x0000,0x0800,0x0ffe,0x0000} }, /* U+522A 刪 */
    { 0x522eu, {0x0f24,0x0924,0x09fc,0x0922,0x0f22,0x0020,0x0000,0x01fc,0x0000,0x0800,0x0ffe,0x0000} }, /* U+522E 刮 */
    { 0x5230u, {0x0932,0x092a,0x0fe6,0x0922,0x0922,0x0932,0x0000,0x01fc,0x0000,0x0800,0x0ffe,0x0000} }, /* U+5230 到 */
    { 0x5233u, {0x06b4,0x03ac,0x02a4,0x0aa7,0x0aac,0x06b4,0x0000,0x01fc,0x0000,0x0800,0x0ffe,0x0000} }, /* U+5233 刳 */
    { 0x5236u, {0x07ae,0x00a4,0x0fff,0x00a4,0x04a4,0x07a4,0x0000,0x01fc,0x0000,0x0800,0x0ffe,0x0000} }, /* U+5236 制 */
    { 0x5237u, {0x07fe,0x0092,0x0ff2,0x0092,0x0492,0x079e,0x0000,0x01fc,0x0000,0x0800,0x0ffe,0x0000} }, /* U+5237 刷 */
    { 0x5238u, {0x0120,0x0928,0x08ae,0x04e8,0x03b8,0x00af,0x08a8,0x08b8,0x07ec,0x00aa,0x0120,0x0000} }, /* U+5238 券 */
    { 0x5239u, {0x04a0,0x02a2,0x0194,0x0fc8,0x0294,0x04a2,0x0000,0x01fc,0x0000,0x0800,0x0ffe,0x0000} }, /* U+5239 刹 */
    { 0x523au, {0x04e4,0x0224,0x0fff,0x0124,0x0224,0x04e4,0x0000,0x01fc,0x0000,0x0800,0x0ffe,0x0000} }, /* U+523A 刺 */
    { 0x523bu, {0x0804,0x0924,0x0554,0x048f,0x0244,0x0524,0x0800,0x01fc,0x0000,0x0800,0x0ffe,0x0000} }, /* U+523B 刻 */
    { 0x5243u, {0x04e8,0x02ab,0x0ff8,0x08ac,0x08ab,0x07b8,0x0000,0x01fc,0x0000,0x0800,0x0ffe,0x0000} }, /* U+5243 剃 */
    { 0x5244u, {0x0912,0x096e,0x0f12,0x096e,0x0912,0x096e,0x0000,0x01fc,0x0000,0x0800,0x0ffe,0x0000} }, /* U+5244 剄 */
    { 0x5247u, {0x09fe,0x052a,0x012a,0x012a,0x05fe,0x0800,0x0000,0x01fc,0x0000,0x0800,0x0ffe,0x0000} }, /* U+5247 則 */
    { 0x524au, {0x0fec,0x02a0,0x02bf,0x02a0,0x0aa8,0x0fe4,0x0000,0x01fc,0x0000,0x0800,0x0ffe,0x0000} }, /* U+524A 削 */
    { 0x524bu, {0x0cf4,0x0394,0x009f,0x0794,0x08f4,0x0804,0x0800,0x087e,0x0800,0x0900,0x0dfe,0x0000} }, /* U+524B 剋 */
    { 0x524cu, {0x04f4,0x0294,0x0fff,0x0194,0x0294,0x04f4,0x0000,0x01fc,0x0000,0x0800,0x0ffe,0x0000} }, /* U+524C 剌 */
    { 0x524du, {0x0004,0x0ff4,0x0154,0x0157,0x0954,0x0ff4,0x0004,0x03f6,0x0005,0x0804,0x0ff4,0x0000} }, /* U+524D 前 */
    { 0x524fu, {0x0c89,0x03fa,0x0088,0x0ffc,0x008b,0x0602,0x0192,0x087e,0x0842,0x0482,0x03fe,0x0000} }, /* U+524F 剏 */
    { 0x5254u, {0x02be,0x09ea,0x04aa,0x0baa,0x08be,0x0780,0x0000,0x01fc,0x0000,0x0800,0x0ffe,0x0000} }, /* U+5254 剔 */
    { 0x5256u, {0x0f24,0x093c,0x0927,0x0924,0x093c,0x0f24,0x0000,0x01fc,0x0000,0x0800,0x0ffe,0x0000} }, /* U+5256 剖 */
    { 0x525bu, {0x0ffe,0x0222,0x03fa,0x0222,0x033a,0x0822,0x0ffe,0x0000,0x01fc,0x0800,0x0ffe,0x0000} }, /* U+525B 剛 */
    { 0x525eu, {0x0744,0x0564,0x0754,0x004f,0x0854,0x0fe4,0x0040,0x01fc,0x0000,0x0800,0x0ffe,0x0000} }, /* U+525E 剞 */
    { 0x5263u, {0x09ec,0x052a,0x03fa,0x052a,0x052a,0x09ec,0x0800,0x01fc,0x0000,0x0800,0x0ffe,0x0000} }, /* U+5263 剣 */
    { 0x5264u, {0x0c44,0x03dc,0x02a4,0x02a7,0x02b4,0x0fcc,0x0044,0x03fc,0x0000,0x0800,0x0ffe,0x0000} }, /* U+5264 剤 */
    { 0x5265u, {0x04a2,0x03aa,0x082a,0x0fea,0x013e,0x02a0,0x0400,0x01fc,0x0000,0x0800,0x0ffe,0x0000} }, /* U+5265 剥 */
    { 0x5269u, {0x04aa,0x04fa,0x020a,0x0ffe,0x010a,0x02fa,0x04aa,0x0000,0x01fc,0x0800,0x0ffe,0x0000} }, /* U+5269 剩 */
    { 0x526au, {0x0904,0x097c,0x0514,0x0527,0x037c,0x0104,0x013c,0x0107,0x0944,0x097c,0x0704,0x0000} }, /* U+526A 剪 */
    { 0x526fu, {0x0f82,0x0aba,0x0faa,0x0aaa,0x0aba,0x0f82,0x0000,0x01fc,0x0000,0x0800,0x0ffe,0x0000} }, /* U+526F 副 */
    { 0x5270u, {0x092a,0x09fa,0x052a,0x0ffe,0x012a,0x05fa,0x0800,0x01fc,0x0000,0x0800,0x0ffe,0x0000} }, /* U+5270 剰 */
    { 0x5271u, {0x09ec,0x052a,0x03fa,0x052a,0x09ec,0x0802,0x0312,0x08fe,0x0842,0x0482,0x03fe,0x0000} }, /* U+5271 剱 */
    { 0x5272u, {0x011c,0x0f54,0x0954,0x09ff,0x0954,0x0f54,0x0004,0x01fc,0x0000,0x0800,0x0ffe,0x0000} }, /* U+5272 割 */
    { 0x5273u, {0x0ec4,0x0aaf,0x0a94,0x0a94,0x0aaf,0x0e44,0x0000,0x01fc,0x0000,0x0800,0x0ffe,0x0000} }, /* U+5273 剳 */
    { 0x5274u, {0x09d6,0x0f54,0x0957,0x0954,0x0f54,0x09d6,0x0000,0x01fc,0x0000,0x0800,0x0ffe,0x0000} }, /* U+5274 剴 */
    { 0x5275u, {0x0608,0x01fc,0x0eaa,0x0aaa,0x0aaa,0x0efc,0x0000,0x01fc,0x0000,0x0800,0x0ffe,0x0000} }, /* U+5275 創 */
    { 0x527du, {0x0aba,0x06aa,0x0abe,0x0eaa,0x02be,0x06aa,0x0aba,0x0000,0x01fc,0x0800,0x0ffe,0x0000} }, /* U+527D 剽 */
    { 0x527fu, {0x04fa,0x02ad,0x0ffa,0x00ad,0x02aa,0x04fd,0x0000,0x01fc,0x0000,0x0800,0x0ffe,0x0000} }, /* U+527F 剿 */
    { 0x5283u, {0x0faa,0x0aaa,0x0ffe,0x0aaa,0x0aaa,0x0fbe,0x0880,0x01fc,0x0000,0x0800,0x0ffe,0x0000} }, /* U+5283 劃 */
    { 0x5287u, {0x05f8,0x0528,0x0aa8,0x0aff,0x07aa,0x04aa,0x0a88,0x01fc,0x0000,0x0800,0x0ffe,0x0000} }, /* U+5287 劇 */
    { 0x5288u, {0x09fe,0x092a,0x052a,0x05ee,0x0310,0x0154,0x015c,0x01f7,0x0954,0x095c,0x0754,0x0000} }, /* U+5288 劈 */
    { 0x5289u, {0x0a9e,0x0ed2,0x0aa8,0x0fb2,0x0aae,0x0eb2,0x0a5e,0x0080,0x01fc,0x0800,0x0ffe,0x0000} }, /* U+5289 劉 */
    { 0x528du, {0x0dec,0x032a,0x05ea,0x080a,0x05ea,0x032a,0x05e4,0x0800,0x01fc,0x0800,0x0ffe,0x0000} }, /* U+528D 劍 */
    { 0x5291u, {0x0c24,0x03dc,0x02a4,0x02bc,0x0297,0x02bc,0x0fe4,0x001c,0x01f4,0x0800,0x0ffe,0x0000} }, /* U+5291 劑 */
    { 0x5292u, {0x0dec,0x032a,0x0dea,0x032a,0x05ec,0x0822,0x0312,0x08fe,0x0802,0x0402,0x03fe,0x0000} }, /* U+5292 劒 */
    { 0x5294u, {0x0dec,0x032a,0x0dea,0x032a,0x05ec,0x0802,0x0322,0x08fe,0x0842,0x0482,0x03fe,0x0000} }, /* U+5294 劔 */
    { 0x529bu, {0x0808,0x0808,0x0408,0x0308,0x00ff,0x0008,0x0808,0x0808,0x0808,0x0408,0x03f8,0x0000} }, /* U+529B 力 */
    { 0x529fu, {0x0404,0x0404,0x03fc,0x0204,0x0008,0x0308,0x00c8,0x083f,0x0808,0x0408,0x03f8,0x0000} }, /* U+529F 功 */
    { 0x52a0u, {0x0608,0x0188,0x087f,0x0808,0x0408,0x03f8,0x0000,0x0ffc,0x0804,0x0804,0x0ffc,0x0000} }, /* U+52A0 加 */
    { 0x52a3u, {0x0850,0x0848,0x04c6,0x04a0,0x02a8,0x01ef,0x08a0,0x0890,0x0892,0x0484,0x0388,0x0000} }, /* U+52A3 劣 */
    { 0x52a9u, {0x0ffe,0x0892,0x0892,0x0ffe,0x0808,0x0308,0x00c8,0x083f,0x0808,0x0408,0x03f8,0x0000} }, /* U+52A9 助 */
    { 0x52aau, {0x0044,0x095c,0x0927,0x0524,0x053c,0x03c4,0x0142,0x095a,0x0922,0x0732,0x004e,0x0000} }, /* U+52AA 努 */
    { 0x52abu, {0x0c44,0x0a44,0x09ff,0x0844,0x0e44,0x0008,0x0188,0x087f,0x0808,0x0408,0x03f8,0x0000} }, /* U+52AB 劫 */
    { 0x52acu, {0x01f8,0x0927,0x09e4,0x0404,0x03fc,0x0008,0x0308,0x08ff,0x0808,0x0408,0x03f8,0x0000} }, /* U+52AC 劬 */
    { 0x52adu, {0x0fb2,0x088e,0x08a2,0x08a2,0x0f9e,0x0008,0x0308,0x08ff,0x0808,0x0408,0x03f8,0x0000} }, /* U+52AD 劭 */
    { 0x52b1u, {0x01fe,0x0c0a,0x03fa,0x084a,0x084a,0x07ca,0x0208,0x01ff,0x0808,0x0808,0x07f8,0x0000} }, /* U+52B1 励 */
    { 0x52b4u, {0x0030,0x0894,0x0898,0x0491,0x0392,0x00f4,0x0890,0x0898,0x0894,0x0792,0x0030,0x0000} }, /* U+52B4 労 */
    { 0x52b5u, {0x0128,0x092c,0x08aa,0x04e8,0x03b8,0x00af,0x08a8,0x08b8,0x07ea,0x00ac,0x0128,0x0000} }, /* U+52B5 劵 */
    { 0x52b9u, {0x0824,0x0494,0x0307,0x0294,0x0424,0x0008,0x0188,0x087f,0x0808,0x0408,0x03f8,0x0000} }, /* U+52B9 効 */
    { 0x52bcu, {0x0f24,0x0924,0x093f,0x0924,0x0f24,0x0008,0x0308,0x08ff,0x0808,0x0408,0x03f8,0x0000} }, /* U+52BC 劼 */
    { 0x52beu, {0x0914,0x04ac,0x0247,0x0524,0x0894,0x0308,0x00c8,0x083f,0x0808,0x0408,0x03f8,0x0000} }, /* U+52BE 劾 */
    { 0x52c1u, {0x0912,0x096e,0x0f12,0x096e,0x0912,0x006a,0x0308,0x08ff,0x0808,0x0408,0x03f8,0x0000} }, /* U+52C1 勁 */
    { 0x52c3u, {0x0234,0x0a54,0x0f5f,0x02d4,0x0234,0x0608,0x0188,0x087f,0x0808,0x0408,0x03f8,0x0000} }, /* U+52C3 勃 */
    { 0x52c5u, {0x04f4,0x0294,0x0ffe,0x0294,0x04f4,0x0008,0x0308,0x08ff,0x0808,0x0408,0x03f8,0x0000} }, /* U+52C5 勅 */
    { 0x52c7u, {0x0900,0x09fa,0x052a,0x052a,0x032a,0x01fa,0x012a,0x092e,0x092a,0x09f8,0x0700,0x0000} }, /* U+52C7 勇 */
    { 0x52c9u, {0x0cf4,0x0392,0x00fa,0x0796,0x08f0,0x0808,0x0988,0x087f,0x0a08,0x0a08,0x09f8,0x0000} }, /* U+52C9 勉 */
    { 0x52cdu, {0x0404,0x02f4,0x0894,0x0f97,0x00f4,0x0608,0x0188,0x087f,0x0808,0x0408,0x03f8,0x0000} }, /* U+52CD 勍 */
    { 0x52d2u, {0x05c4,0x055e,0x0ff4,0x055e,0x05c4,0x0008,0x0308,0x08ff,0x0808,0x0408,0x03f8,0x0000} }, /* U+52D2 勒 */
    { 0x52d5u, {0x0afa,0x0aaa,0x0ffe,0x0aaa,0x0afa,0x0008,0x0308,0x08ff,0x0808,0x0408,0x03f8,0x0000} }, /* U+52D5 動 */
    { 0x52d7u, {0x0f80,0x0a80,0x0abe,0x0faa,0x08aa,0x08aa,0x04aa,0x03ea,0x08be,0x0880,0x0780,0x0000} }, /* U+52D7 勗 */
    { 0x52d8u, {0x0f84,0x0afe,0x0994,0x0894,0x0bfe,0x0a88,0x0308,0x08ff,0x0808,0x0408,0x03f8,0x0000} }, /* U+52D8 勘 */
    { 0x52d9u, {0x0222,0x092a,0x0ff2,0x012a,0x00e6,0x0948,0x0548,0x03b7,0x0924,0x0954,0x074c,0x0000} }, /* U+52D9 務 */
    { 0x52ddu, {0x0ffe,0x0092,0x0ffe,0x0100,0x08a8,0x096e,0x0538,0x03af,0x0938,0x096c,0x07aa,0x0000} }, /* U+52DD 勝 */
    { 0x52deu, {0x0064,0x08b2,0x08a8,0x04a7,0x03a8,0x00f6,0x08a8,0x08a7,0x08a8,0x07b4,0x0062,0x0000} }, /* U+52DE 勞 */
    { 0x52dfu, {0x0244,0x0944,0x09f4,0x055f,0x0354,0x0154,0x0954,0x095f,0x07f4,0x0144,0x0244,0x0000} }, /* U+52DF 募 */
    { 0x52e0u, {0x0896,0x0a8a,0x0a7e,0x0552,0x054a,0x00be,0x0308,0x08ff,0x0808,0x0408,0x03f8,0x0000} }, /* U+52E0 勠 */
    { 0x52e2u, {0x0154,0x0974,0x09df,0x0554,0x0334,0x01d4,0x0124,0x095f,0x0904,0x073c,0x00c0,0x0000} }, /* U+52E2 勢 */
    { 0x52e3u, {0x0fd4,0x0554,0x057f,0x0554,0x0fd4,0x0808,0x0188,0x087f,0x0808,0x0408,0x03f8,0x0000} }, /* U+52E3 勣 */
    { 0x52e4u, {0x0af4,0x0a9e,0x0ff4,0x0a9e,0x0af4,0x0008,0x0308,0x08ff,0x0808,0x0408,0x03f8,0x0000} }, /* U+52E4 勤 */
    { 0x52e6u, {0x04fa,0x02ad,0x0ffa,0x00ad,0x02fa,0x0409,0x0188,0x087f,0x0808,0x0408,0x03f8,0x0000} }, /* U+52E6 勦 */
    { 0x52e7u, {0x0098,0x0ff7,0x095c,0x0ff4,0x0954,0x0954,0x0308,0x08ff,0x0808,0x0408,0x03f8,0x0000} }, /* U+52E7 勧 */
    { 0x52f2u, {0x0afa,0x02aa,0x03fe,0x0aaa,0x02fa,0x0004,0x04c4,0x083f,0x0104,0x0504,0x08fc,0x0000} }, /* U+52F2 勲 */
    { 0x52f3u, {0x0aba,0x06aa,0x0bfe,0x06aa,0x0aba,0x0008,0x0308,0x08ff,0x0808,0x0408,0x03f8,0x0000} }, /* U+52F3 勳 */
    { 0x52f5u, {0x0ffe,0x02aa,0x0eaa,0x0bfa,0x02ae,0x0efa,0x0188,0x087f,0x0808,0x0408,0x03f8,0x0000} }, /* U+52F5 勵 */
    { 0x52f8u, {0x0fbc,0x0ae7,0x0abc,0x0fe7,0x0abc,0x0008,0x0308,0x08ff,0x0808,0x0408,0x03f8,0x0000} }, /* U+52F8 勸 */
    { 0x52f9u, {0x0060,0x0018,0x0007,0x0004,0x0004,0x0004,0x0804,0x0804,0x0804,0x0404,0x03fc,0x0000} }, /* U+52F9 勹 */
    { 0x52fau, {0x0060,0x0018,0x0007,0x0004,0x0064,0x0184,0x0004,0x0804,0x0804,0x0404,0x03fc,0x0000} }, /* U+52FA 勺 */
    { 0x52feu, {0x0060,0x0018,0x0307,0x02c4,0x0234,0x0204,0x0384,0x0804,0x0804,0x0404,0x03fc,0x0000} }, /* U+52FE 勾 */
    { 0x52ffu, {0x0060,0x0218,0x0107,0x00c4,0x043c,0x0204,0x0184,0x087c,0x0804,0x0404,0x03fc,0x0000} }, /* U+52FF 勿 */
    { 0x5301u, {0x0060,0x0018,0x0407,0x0214,0x0124,0x00c4,0x013c,0x0a04,0x0804,0x0404,0x03fc,0x0000} }, /* U+5301 匁 */
    { 0x5302u, {0x0060,0x0018,0x0007,0x01f4,0x0244,0x0244,0x0224,0x0b24,0x0804,0x0404,0x03fc,0x0000} }, /* U+5302 匂 */
    { 0x5305u, {0x0060,0x0018,0x0f87,0x0894,0x0894,0x0894,0x0894,0x08f4,0x0904,0x0904,0x0cfc,0x0000} }, /* U+5305 包 */
    { 0x5306u, {0x0060,0x0218,0x0147,0x00c4,0x04bc,0x0284,0x0184,0x097c,0x0904,0x0404,0x03fc,0x0000} }, /* U+5306 匆 */
    { 0x5308u, {0x0060,0x0798,0x0517,0x04a4,0x0444,0x04a4,0x0514,0x07e4,0x0804,0x0804,0x07fc,0x0000} }, /* U+5308 匈 */
    { 0x530du, {0x0060,0x07d8,0x0157,0x0154,0x07fc,0x0154,0x055c,0x07d4,0x0804,0x0804,0x07fc,0x0000} }, /* U+530D 匍 */
    { 0x530fu, {0x06b4,0x03ac,0x0aa7,0x0aac,0x06b4,0x0008,0x07f7,0x0894,0x08f4,0x0904,0x0dfc,0x0000} }, /* U+530F 匏 */
    { 0x5310u, {0x0060,0x07d8,0x0577,0x0554,0x07d4,0x0554,0x0574,0x07d4,0x0804,0x0804,0x07fc,0x0000} }, /* U+5310 匐 */
    { 0x5315u, {0x0040,0x0040,0x0040,0x07ff,0x0820,0x0820,0x0810,0x0810,0x0810,0x0808,0x0f08,0x0000} }, /* U+5315 匕 */
    { 0x5316u, {0x0040,0x0020,0x0ff8,0x0006,0x0000,0x0000,0x0fff,0x0840,0x0820,0x0810,0x0e08,0x0000} }, /* U+5316 化 */
    { 0x5317u, {0x0210,0x0210,0x0110,0x0ffe,0x0000,0x0000,0x0fff,0x0810,0x0810,0x0808,0x0e08,0x0000} }, /* U+5317 北 */
    { 0x5319u, {0x0ebe,0x04aa,0x07aa,0x0aaa,0x0abe,0x0800,0x08fe,0x0908,0x0908,0x0904,0x09c4,0x0000} }, /* U+5319 匙 */
    { 0x531au, {0x0ffe,0x0802,0x0802,0x0802,0x0802,0x0802,0x0802,0x0802,0x0802,0x0802,0x0802,0x0000} }, /* U+531A 匚 */
    { 0x531du, {0x0ffe,0x0802,0x0802,0x09f2,0x0812,0x0812,0x0bfe,0x0812,0x0912,0x09f2,0x0802,0x0000} }, /* U+531D 匝 */
    { 0x5320u, {0x0ffe,0x0802,0x0b02,0x08fa,0x084a,0x084a,0x084a,0x0fca,0x084a,0x0842,0x0802,0x0000} }, /* U+5320 匠 */
    { 0x5321u, {0x0ffe,0x0802,0x0a0a,0x0a4a,0x0a4a,0x0a4a,0x0bfa,0x0a4a,0x0a4a,0x0a4a,0x0a0a,0x0000} }, /* U+5321 匡 */
    { 0x5323u, {0x0ffe,0x0802,0x0802,0x08fa,0x08aa,0x08aa,0x0ffa,0x08aa,0x08aa,0x08fa,0x0802,0x0000} }, /* U+5323 匣 */
    { 0x532au, {0x0ffe,0x0802,0x0912,0x0d52,0x0b52,0x09fe,0x0802,0x0ffe,0x0952,0x0952,0x0912,0x0000} }, /* U+532A 匪 */
    { 0x532fu, {0x0ffe,0x0802,0x0a2a,0x0952,0x0822,0x0bf2,0x0a5e,0x0bf2,0x0a5a,0x0a52,0x0802,0x0000} }, /* U+532F 匯 */
    { 0x5331u, {0x0ffe,0x0802,0x0c22,0x0bfa,0x0aaa,0x0aaa,0x0abe,0x0aaa,0x0bfa,0x0c22,0x0802,0x0000} }, /* U+5331 匱 */
    { 0x5333u, {0x0ffe,0x0822,0x0c12,0x0aea,0x09ae,0x0aea,0x0c0a,0x0aee,0x09aa,0x0af2,0x0c22,0x0000} }, /* U+5333 匳 */
    { 0x5338u, {0x0002,0x0002,0x07fe,0x0802,0x0802,0x0802,0x0802,0x0802,0x0802,0x0802,0x0802,0x0000} }, /* U+5338 匸 */
    { 0x5339u, {0x0ffe,0x0442,0x0442,0x0422,0x041e,0x0402,0x0402,0x047e,0x0442,0x0442,0x0442,0x0000} }, /* U+5339 匹 */
    { 0x533au, {0x0ffe,0x0802,0x0802,0x0a0a,0x0912,0x08a2,0x0842,0x08a2,0x0912,0x0a0a,0x0802,0x0000} }, /* U+533A 区 */
    { 0x533bu, {0x0ffe,0x0802,0x0a62,0x0a5e,0x094a,0x08ca,0x087a,0x08ca,0x094a,0x0a4a,0x0802,0x0000} }, /* U+533B 医 */
    { 0x533fu, {0x0ffe,0x0802,0x0a4a,0x0f5e,0x09ca,0x096a,0x094a,0x095e,0x0f4a,0x084a,0x0802,0x0000} }, /* U+533F 匿 */
    { 0x5340u, {0x0ffe,0x0802,0x0b82,0x0a82,0x0aba,0x0baa,0x082a,0x0bba,0x0a82,0x0b82,0x0802,0x0000} }, /* U+5340 區 */
    { 0x5341u, {0x0020,0x0020,0x0020,0x0020,0x0020,0x0fff,0x0020,0x0020,0x0020,0x0020,0x0020,0x0000} }, /* U+5341 十 */
    { 0x5343u, {0x0040,0x0044,0x0044,0x0044,0x0044,0x0ffc,0x0042,0x0042,0x0042,0x0042,0x0040,0x0000} }, /* U+5343 千 */
    { 0x5345u, {0x0c20,0x03fe,0x0020,0x0020,0x0020,0x0ffe,0x0020,0x0020,0x0020,0x0ffe,0x0020,0x0000} }, /* U+5345 卅 */
    { 0x5346u, {0x0144,0x0144,0x0124,0x011c,0x0107,0x0fc4,0x0104,0x013c,0x0140,0x0140,0x0160,0x0000} }, /* U+5346 卆 */
    { 0x5347u, {0x0040,0x0c44,0x0344,0x00fc,0x0042,0x0042,0x0040,0x0040,0x0ffe,0x0040,0x0040,0x0000} }, /* U+5347 升 */
    { 0x5348u, {0x0098,0x0087,0x0084,0x0084,0x0084,0x0ffc,0x0084,0x0084,0x0084,0x0084,0x0080,0x0000} }, /* U+5348 午 */
    { 0x5349u, {0x0884,0x0884,0x0484,0x03f4,0x0084,0x009f,0x0084,0x0084,0x0ff4,0x0084,0x0084,0x0000} }, /* U+5349 卉 */
    { 0x534au, {0x0100,0x0124,0x0128,0x0120,0x0120,0x0fff,0x0120,0x0120,0x0128,0x0124,0x0100,0x0000} }, /* U+534A 半 */
    { 0x534du, {0x0fc2,0x0042,0x0042,0x0042,0x0042,0x0ffe,0x0840,0x0840,0x0840,0x0840,0x087e,0x0000} }, /* U+534D 卍 */
    { 0x5351u, {0x0400,0x04fc,0x0494,0x0694,0x0596,0x04fd,0x0494,0x0f94,0x0494,0x04fc,0x0400,0x0000} }, /* U+5351 卑 */
    { 0x5352u, {0x0104,0x0144,0x0124,0x011c,0x0124,0x0fc7,0x0124,0x011c,0x0124,0x0144,0x0104,0x0000} }, /* U+5352 卒 */
    { 0x5353u, {0x0400,0x0400,0x05f0,0x0550,0x0550,0x0f5f,0x0554,0x0554,0x05f4,0x0404,0x0400,0x0000} }, /* U+5353 卓 */
    { 0x5354u, {0x0010,0x0ffe,0x0010,0x0c50,0x03c4,0x0864,0x0fdf,0x0444,0x03c4,0x087c,0x0fc0,0x0000} }, /* U+5354 協 */
    { 0x5357u, {0x0ff4,0x0014,0x0294,0x02f4,0x0294,0x0f9f,0x02d4,0x02b4,0x0294,0x0814,0x0ff4,0x0000} }, /* U+5357 南 */
    { 0x5358u, {0x0400,0x05fa,0x052c,0x0528,0x0529,0x0ffa,0x0528,0x052c,0x052a,0x05f9,0x0400,0x0000} }, /* U+5358 単 */
    { 0x535au, {0x0010,0x0ffe,0x0010,0x0104,0x01f4,0x0554,0x0954,0x01ff,0x0954,0x0f54,0x01f6,0x0000} }, /* U+535A 博 */
    { 0x535cu, {0x0000,0x0000,0x0000,0x0ffe,0x0020,0x0040,0x0040,0x0080,0x0080,0x0000,0x0000,0x0000} }, /* U+535C 卜 */
    { 0x535eu, {0x0004,0x0004,0x0004,0x0004,0x0004,0x0fff,0x0024,0x0024,0x0044,0x0044,0x0004,0x0000} }, /* U+535E 卞 */
    { 0x5360u, {0x0000,0x0f80,0x0880,0x0880,0x0880,0x08ff,0x0888,0x0888,0x0888,0x0f88,0x0000,0x0000} }, /* U+5360 占 */
    { 0x5366u, {0x0924,0x0924,0x0924,0x0fff,0x0924,0x0924,0x0820,0x0000,0x0ffe,0x0020,0x0040,0x0080} }, /* U+5366 卦 */
    { 0x5369u, {0x0000,0x0000,0x0ffe,0x0002,0x0002,0x0202,0x0202,0x0202,0x03fe,0x0000,0x0000,0x0000} }, /* U+5369 卩 */
    { 0x536eu, {0x0600,0x01fc,0x0014,0x0014,0x07d4,0x0854,0x0854,0x0a52,0x0bd2,0x0812,0x0c10,0x0000} }, /* U+536E 卮 */
    { 0x536fu, {0x0100,0x01fc,0x0904,0x0884,0x0482,0x03f2,0x0000,0x0ffe,0x0002,0x0202,0x03fe,0x0000} }, /* U+536F 卯 */
    { 0x5370u, {0x07fc,0x0424,0x0424,0x0422,0x0422,0x0000,0x0ffc,0x0004,0x0404,0x0404,0x07fc,0x0000} }, /* U+5370 印 */
    { 0x5371u, {0x0c10,0x03f8,0x0014,0x0012,0x0fd2,0x0852,0x085a,0x0a56,0x0bd0,0x0810,0x0c10,0x0000} }, /* U+5371 危 */
    { 0x5373u, {0x0ffe,0x0892,0x0892,0x0a92,0x04fe,0x0800,0x0000,0x0ffe,0x0002,0x0402,0x07fe,0x0000} }, /* U+5373 即 */
    { 0x5374u, {0x0644,0x05c4,0x047f,0x0444,0x0e44,0x0040,0x0ffe,0x0002,0x0402,0x0402,0x07fe,0x0000} }, /* U+5374 却 */
    { 0x5375u, {0x0100,0x01fc,0x0914,0x08a4,0x0482,0x03f2,0x0000,0x0ffe,0x0012,0x0222,0x03fe,0x0000} }, /* U+5375 卵 */
    { 0x5377u, {0x0130,0x0128,0x0fa6,0x08e8,0x08b8,0x08af,0x0aa8,0x0bb8,0x0866,0x0ca8,0x0130,0x0000} }, /* U+5377 卷 */
    { 0x5378u, {0x0f38,0x0827,0x0824,0x07fc,0x04a4,0x04a4,0x0000,0x0ffc,0x0004,0x0404,0x07fc,0x0000} }, /* U+5378 卸 */
    { 0x537bu, {0x0f44,0x0922,0x0922,0x0922,0x0f44,0x0088,0x0000,0x0ffe,0x0002,0x0202,0x03fe,0x0000} }, /* U+537B 卻 */
    { 0x537fu, {0x01fc,0x0d04,0x03f2,0x0002,0x07fe,0x044a,0x0f7e,0x0000,0x0ffe,0x0202,0x03fe,0x0000} }, /* U+537F 卿 */
    { 0x5382u, {0x0c00,0x03fe,0x0002,0x0002,0x0002,0x0002,0x0002,0x0002,0x0002,0x0002,0x0002,0x0000} }, /* U+5382 厂 */
    { 0x5384u, {0x0c00,0x03fe,0x0002,0x0002,0x07f2,0x0812,0x0812,0x0892,0x0892,0x08f2,0x0e02,0x0000} }, /* U+5384 厄 */
    { 0x5396u, {0x0600,0x01fe,0x0c12,0x0312,0x00fe,0x0792,0x081a,0x0a42,0x0a4a,0x092a,0x0d26,0x0000} }, /* U+5396 厖 */
    { 0x5398u, {0x0600,0x01fe,0x0802,0x0afa,0x0aaa,0x0aaa,0x0aaa,0x0ffa,0x0aaa,0x0aaa,0x0afa,0x0000} }, /* U+5398 厘 */
    { 0x539au, {0x0600,0x01fe,0x0002,0x0202,0x02fa,0x0aaa,0x0aaa,0x0aaa,0x0eaa,0x03aa,0x02fa,0x0000} }, /* U+539A 厚 */
    { 0x539fu, {0x0600,0x01fe,0x0802,0x05fa,0x012a,0x092a,0x0f2e,0x012a,0x012a,0x05fa,0x0802,0x0000} }, /* U+539F 原 */
    { 0x53a0u, {0x0600,0x01fe,0x0802,0x05fa,0x012a,0x012a,0x05fa,0x0802,0x01f2,0x0802,0x0ffa,0x0000} }, /* U+53A0 厠 */
    { 0x53a5u, {0x0600,0x01fe,0x0d12,0x03f2,0x011a,0x0996,0x0462,0x031e,0x00f2,0x0312,0x0c72,0x0000} }, /* U+53A5 厥 */
    { 0x53a6u, {0x0600,0x01fe,0x0a02,0x0afa,0x09aa,0x06aa,0x04ae,0x04aa,0x04aa,0x0baa,0x08fa,0x0000} }, /* U+53A6 厦 */
    { 0x53a8u, {0x0600,0x01fe,0x080a,0x0eea,0x08aa,0x0faa,0x08ea,0x012a,0x0222,0x0822,0x0ffa,0x0000} }, /* U+53A8 厨 */
    { 0x53a9u, {0x0ffe,0x0002,0x0ffa,0x08aa,0x0aaa,0x04fa,0x0882,0x04fa,0x028a,0x0ffa,0x088a,0x0000} }, /* U+53A9 厩 */
    { 0x53adu, {0x0ffe,0x0002,0x0fee,0x02aa,0x0aaa,0x0fee,0x0412,0x0312,0x00fe,0x0392,0x0c1a,0x0000} }, /* U+53AD 厭 */
    { 0x53aeu, {0x07fe,0x090a,0x05fe,0x012a,0x012a,0x05fe,0x090a,0x03fa,0x002a,0x0fe6,0x0022,0x0000} }, /* U+53AE 厮 */
    { 0x53b0u, {0x0600,0x01fe,0x0742,0x057e,0x074a,0x0852,0x0fc2,0x083e,0x04ca,0x030a,0x0cfa,0x0000} }, /* U+53B0 厰 */
    { 0x53b3u, {0x0600,0x01fc,0x0814,0x0ff6,0x055c,0x0554,0x0ff7,0x081c,0x04d4,0x0316,0x0cf4,0x0000} }, /* U+53B3 厳 */
    { 0x53b6u, {0x0400,0x0400,0x0700,0x04e0,0x041e,0x0400,0x0400,0x0200,0x0260,0x0180,0x0e00,0x0000} }, /* U+53B6 厶 */
    { 0x53bbu, {0x0040,0x0044,0x0c44,0x0a44,0x09c4,0x087f,0x0444,0x0444,0x0344,0x0c44,0x0040,0x0000} }, /* U+53BB 去 */
    { 0x53c2u, {0x0120,0x0128,0x08a8,0x0aac,0x0a6b,0x0938,0x0528,0x04aa,0x026c,0x00a8,0x0120,0x0000} }, /* U+53C2 参 */
    { 0x53c3u, {0x0120,0x0138,0x08a8,0x0a7c,0x0aab,0x0a88,0x0568,0x053a,0x026c,0x00b8,0x0120,0x0000} }, /* U+53C3 參 */
    { 0x53c8u, {0x0800,0x0802,0x0802,0x0472,0x0582,0x0202,0x0302,0x0482,0x0462,0x081e,0x0800,0x0000} }, /* U+53C8 又 */
    { 0x53c9u, {0x0800,0x0802,0x0802,0x0482,0x050a,0x0212,0x0322,0x0482,0x0462,0x081e,0x0800,0x0000} }, /* U+53C9 叉 */
    { 0x53cau, {0x0000,0x0302,0x08c2,0x083e,0x0802,0x0482,0x0532,0x022a,0x0326,0x04e0,0x0800,0x0000} }, /* U+53CA 及 */
    { 0x53cbu, {0x0204,0x0904,0x0884,0x0864,0x049f,0x0514,0x0214,0x0314,0x04f4,0x0804,0x0804,0x0000} }, /* U+53CB 友 */
    { 0x53ccu, {0x0402,0x0212,0x0122,0x08c2,0x08be,0x0500,0x0432,0x02c2,0x0302,0x04c2,0x083e,0x0000} }, /* U+53CC 双 */
    { 0x53cdu, {0x0000,0x0300,0x08fe,0x0812,0x0812,0x04d2,0x0512,0x0212,0x0312,0x04f2,0x0802,0x0000} }, /* U+53CD 反 */
    { 0x53ceu, {0x0200,0x03fc,0x0100,0x0ffe,0x0800,0x0802,0x0432,0x02c2,0x0302,0x04c2,0x083e,0x0000} }, /* U+53CE 収 */
    { 0x53d4u, {0x03a0,0x0820,0x0fff,0x0024,0x0ba4,0x0800,0x0432,0x02c2,0x0302,0x04c2,0x083e,0x0000} }, /* U+53D4 叔 */
    { 0x53d6u, {0x0402,0x07fe,0x024a,0x024a,0x0ffe,0x0802,0x0434,0x02c4,0x0304,0x04c4,0x083c,0x0000} }, /* U+53D6 取 */
    { 0x53d7u, {0x00e0,0x082a,0x08b2,0x0aa2,0x04a6,0x04aa,0x04a2,0x0ab2,0x09a8,0x0826,0x00e0,0x0000} }, /* U+53D7 受 */
    { 0x53d9u, {0x0698,0x0894,0x0ff2,0x0092,0x0694,0x0800,0x0832,0x04c2,0x0302,0x04c2,0x083e,0x0000} }, /* U+53D9 叙 */
    { 0x53dbu, {0x012c,0x0d20,0x03fe,0x0028,0x0984,0x087e,0x0412,0x0592,0x0212,0x05f2,0x0802,0x0000} }, /* U+53DB 叛 */
    { 0x53dfu, {0x0900,0x097c,0x0b54,0x0552,0x0541,0x05fc,0x0540,0x0554,0x0b54,0x097c,0x0900,0x0000} }, /* U+53DF 叟 */
    { 0x53e1u, {0x0158,0x0fa8,0x0ac8,0x0abf,0x0aca,0x0faa,0x0958,0x0802,0x04f2,0x0302,0x0cfe,0x0000} }, /* U+53E1 叡 */
    { 0x53e2u, {0x0844,0x0fd4,0x0556,0x055c,0x0fd7,0x0874,0x0b57,0x045c,0x0656,0x09d4,0x0844,0x0000} }, /* U+53E2 叢 */
    { 0x53e3u, {0x0000,0x0ffc,0x0404,0x0404,0x0404,0x0404,0x0404,0x0404,0x0404,0x0404,0x0ffc,0x0000} }, /* U+53E3 口 */
    { 0x53e4u, {0x0008,0x0008,0x0f88,0x0888,0x0888,0x08ff,0x0888,0x0888,0x0f88,0x0008,0x0008,0x0000} }, /* U+53E4 古 */
    { 0x53e5u, {0x0060,0x0018,0x0007,0x03e4,0x0224,0x0224,0x03e4,0x0804,0x0804,0x0404,0x03fc,0x0000} }, /* U+53E5 句 */
    { 0x53f6u, {0x07fc,0x0404,0x0404,0x07fc,0x0010,0x0010,0x0010,0x0010,0x0fff,0x0010,0x0010,0x0000} }, /* U+53F6 叶 */
    { 0x53f7u, {0x0040,0x0040,0x035e,0x01d2,0x0152,0x0952,0x0952,0x0952,0x055e,0x0340,0x0040,0x0000} }, /* U+53F7 号 */
    { 0x53f8u, {0x0002,0x0792,0x0492,0x0492,0x0492,0x0792,0x0002,0x0002,0x0802,0x0ffe,0x0000,0x0000} }, /* U+53F8 司 */
    { 0x53fau, {0x07fc,0x0404,0x0404,0x07fc,0x0000,0x0c02,0x0302,0x00c2,0x003e,0x01c0,0x0e00,0x0000} }, /* U+53FA 叺 */
    { 0x5401u, {0x07fc,0x0404,0x0404,0x07fc,0x0040,0x0042,0x0842,0x0842,0x0ffe,0x0042,0x0042,0x0000} }, /* U+5401 吁 */
    { 0x5403u, {0x07fc,0x0404,0x0404,0x07fc,0x0008,0x0627,0x0924,0x08a4,0x0864,0x0824,0x0e04,0x0000} }, /* U+5403 吃 */
    { 0x5404u, {0x0080,0x0090,0x0f88,0x0947,0x0954,0x0924,0x0924,0x0954,0x0f4c,0x0080,0x0080,0x0000} }, /* U+5404 各 */
    { 0x541bu, {0x0208,0x0248,0x014a,0x0f4a,0x09ca,0x097e,0x094a,0x094a,0x094a,0x0f7e,0x0008,0x0000} }, /* U+541B 君 */
    { 0x541du, {0x0084,0x0084,0x0f4c,0x0954,0x0924,0x0927,0x0924,0x0954,0x0f4c,0x0084,0x0084,0x0000} }, /* U+541D 吝 */
    { 0x541fu, {0x07fc,0x0404,0x0404,0x07fc,0x0008,0x0094,0x0092,0x0892,0x0892,0x0492,0x0394,0x0000} }, /* U+541F 吟 */
    { 0x5420u, {0x07fc,0x0404,0x07fc,0x0810,0x0810,0x0410,0x0310,0x00ff,0x0310,0x0412,0x0814,0x0000} }, /* U+5420 吠 */
    { 0x5426u, {0x0022,0x0022,0x0f22,0x0912,0x0912,0x09fa,0x0906,0x0902,0x0f12,0x0022,0x0042,0x0000} }, /* U+5426 否 */
    { 0x5429u, {0x07fc,0x0404,0x07fc,0x0000,0x0c58,0x03c6,0x0040,0x0842,0x0842,0x07ce,0x0070,0x0000} }, /* U+5429 吩 */
    { 0x542bu, {0x0010,0x0008,0x0f24,0x092a,0x092a,0x092a,0x09aa,0x096a,0x0f24,0x0008,0x0010,0x0000} }, /* U+542B 含 */
    { 0x542cu, {0x07fc,0x0404,0x0404,0x07fc,0x0c00,0x03fc,0x0024,0x0024,0x0024,0x0fe2,0x0022,0x0000} }, /* U+542C 听 */
    { 0x542du, {0x07fc,0x0404,0x0404,0x07fc,0x0c04,0x03e4,0x0024,0x0027,0x0024,0x0fe4,0x0804,0x0000} }, /* U+542D 吭 */
    { 0x542eu, {0x03fc,0x0204,0x0bfc,0x0810,0x0410,0x03dc,0x0013,0x0010,0x0fd0,0x080c,0x0e30,0x0000} }, /* U+542E 吮 */
    { 0x5436u, {0x07fc,0x0404,0x07fc,0x0000,0x0ffc,0x0085,0x0045,0x003f,0x0044,0x0884,0x0ffc,0x0000} }, /* U+5436 吶 */
    { 0x5438u, {0x07fc,0x0404,0x07fc,0x0102,0x08c2,0x083e,0x0482,0x0532,0x022a,0x05e6,0x0800,0x0000} }, /* U+5438 吸 */
    { 0x5439u, {0x03fc,0x0204,0x0204,0x0bfc,0x0810,0x040f,0x0304,0x00fc,0x0304,0x0424,0x081c,0x0000} }, /* U+5439 吹 */
    { 0x543bu, {0x07fc,0x0404,0x07fc,0x0010,0x018f,0x0064,0x031c,0x08c4,0x083c,0x0404,0x03fc,0x0000} }, /* U+543B 吻 */
    { 0x543cu, {0x07fc,0x0404,0x07fc,0x0082,0x0882,0x0ff2,0x004a,0x0046,0x0000,0x0ffe,0x0800,0x0000} }, /* U+543C 吼 */
    { 0x543du, {0x07fc,0x0404,0x07fc,0x0080,0x00be,0x0088,0x0088,0x0088,0x0fff,0x0088,0x0088,0x0000} }, /* U+543D 吽 */
    { 0x543eu, {0x0042,0x0042,0x0f4a,0x094a,0x097a,0x094e,0x094a,0x094a,0x0f7a,0x0042,0x0042,0x0000} }, /* U+543E 吾 */
    { 0x5440u, {0x03fc,0x0204,0x0204,0x0bfc,0x0800,0x047a,0x0242,0x01c2,0x0842,0x0ffe,0x0042,0x0000} }, /* U+5440 呀 */
    { 0x5442u, {0x0000,0x0f80,0x08be,0x08a2,0x08a2,0x08e2,0x08a2,0x08a2,0x08a2,0x08be,0x0f80,0x0000} }, /* U+5442 呂 */
    { 0x5446u, {0x0440,0x0440,0x025e,0x0252,0x0152,0x0ff2,0x0052,0x0252,0x025e,0x0440,0x0440,0x0000} }, /* U+5446 呆 */
    { 0x5448u, {0x0800,0x0840,0x095e,0x0952,0x0952,0x0fd2,0x0952,0x0952,0x095e,0x0840,0x0800,0x0000} }, /* U+5448 呈 */
    { 0x5449u, {0x0900,0x097c,0x0540,0x055e,0x0152,0x0152,0x0152,0x0552,0x05de,0x0900,0x0900,0x0000} }, /* U+5449 呉 */
    { 0x544au, {0x0060,0x0050,0x0f4e,0x0948,0x0948,0x0948,0x097f,0x0948,0x0948,0x0f48,0x0040,0x0000} }, /* U+544A 告 */
    { 0x544eu, {0x07fc,0x0404,0x0404,0x07fc,0x0c00,0x03fe,0x0022,0x0022,0x00e2,0x0322,0x0c3e,0x0000} }, /* U+544E 呎 */
    { 0x5451u, {0x0110,0x0114,0x0f94,0x08d4,0x08b4,0x089c,0x0892,0x08b2,0x0fd2,0x0092,0x0110,0x0000} }, /* U+5451 呑 */
    { 0x545fu, {0x07fc,0x0404,0x0404,0x07fc,0x0000,0x0c44,0x0aa4,0x0917,0x088c,0x0844,0x0e24,0x0000} }, /* U+545F 呟 */
    { 0x5468u, {0x0c00,0x03fe,0x0002,0x0752,0x0552,0x057e,0x0552,0x0752,0x0042,0x0802,0x0ffe,0x0000} }, /* U+5468 周 */
    { 0x546au, {0x07fc,0x0404,0x0404,0x0ffc,0x0800,0x043e,0x03e2,0x0022,0x0fe2,0x0822,0x0e3e,0x0000} }, /* U+546A 呪 */
    { 0x5470u, {0x007c,0x0040,0x0f7e,0x0924,0x0924,0x0920,0x093f,0x0948,0x0f48,0x0044,0x0064,0x0000} }, /* U+5470 呰 */
    { 0x5471u, {0x07fc,0x0404,0x07fc,0x0c00,0x03fe,0x0402,0x07fe,0x0402,0x063e,0x01c2,0x0e02,0x0000} }, /* U+5471 呱 */
    { 0x5473u, {0x03fc,0x0204,0x03fc,0x0420,0x0424,0x0224,0x0124,0x0fff,0x0124,0x0224,0x0424,0x0000} }, /* U+5473 味 */
    { 0x5475u, {0x07fc,0x0404,0x07fc,0x0002,0x01f2,0x0112,0x01f2,0x0802,0x0802,0x0ffe,0x0002,0x0000} }, /* U+5475 呵 */
    { 0x5476u, {0x07fc,0x0404,0x07fc,0x0108,0x0dff,0x0308,0x02f8,0x0a02,0x04fa,0x0302,0x0cfe,0x0000} }, /* U+5476 呶 */
    { 0x5477u, {0x07fc,0x0404,0x07fc,0x0000,0x00fe,0x0092,0x0092,0x0ffe,0x0092,0x0092,0x00fe,0x0000} }, /* U+5477 呷 */
    { 0x547bu, {0x07fc,0x0404,0x07fc,0x0000,0x01fc,0x0124,0x0124,0x0fff,0x0124,0x0124,0x01fc,0x0000} }, /* U+547B 呻 */
    { 0x547cu, {0x07fc,0x0404,0x07fc,0x0080,0x0094,0x08a4,0x0884,0x0ffc,0x0082,0x00a2,0x0092,0x0000} }, /* U+547C 呼 */
    { 0x547du, {0x0020,0x07d0,0x0458,0x0454,0x07d2,0x0012,0x0fd2,0x0052,0x0454,0x0448,0x07d0,0x0000} }, /* U+547D 命 */
    { 0x5480u, {0x07fc,0x0404,0x0404,0x07fc,0x0000,0x0800,0x0ffe,0x0892,0x0892,0x0892,0x0ffe,0x0000} }, /* U+5480 咀 */
    { 0x5484u, {0x07fc,0x0404,0x07fc,0x0000,0x0f3c,0x0820,0x0820,0x0fff,0x0820,0x0820,0x0f3c,0x0000} }, /* U+5484 咄 */
    { 0x5486u, {0x07fc,0x0404,0x0404,0x07fc,0x0008,0x07f7,0x0894,0x0894,0x08f4,0x0904,0x0dfc,0x0000} }, /* U+5486 咆 */
    { 0x548bu, {0x07fc,0x0404,0x0404,0x07fc,0x0010,0x000f,0x0004,0x0ffc,0x0124,0x0124,0x0124,0x0000} }, /* U+548B 咋 */
    { 0x548cu, {0x0424,0x0224,0x0124,0x0ffc,0x00a2,0x0122,0x0220,0x0ffc,0x0804,0x0804,0x0ffc,0x0000} }, /* U+548C 和 */
    { 0x548eu, {0x00b0,0x008e,0x0f52,0x0932,0x092e,0x0950,0x0948,0x0947,0x0f88,0x0090,0x00a0,0x0000} }, /* U+548E 咎 */
    { 0x548fu, {0x07fc,0x0404,0x0404,0x07fc,0x0c20,0x0328,0x00e8,0x0809,0x0ffa,0x0120,0x0610,0x0000} }, /* U+548F 咏 */
    { 0x5490u, {0x07fc,0x0404,0x07fc,0x0010,0x0ff8,0x0006,0x0048,0x0088,0x0808,0x0fff,0x0008,0x0000} }, /* U+5490 咐 */
    { 0x5492u, {0x0800,0x081e,0x0412,0x03d2,0x005e,0x0040,0x005e,0x07d2,0x0812,0x081e,0x0e00,0x0000} }, /* U+5492 咒 */
    { 0x54a2u, {0x0080,0x00ae,0x06aa,0x03aa,0x02ae,0x02a0,0x02ae,0x0aaa,0x0aaa,0x06ae,0x0080,0x0000} }, /* U+54A2 咢 */
    { 0x54a4u, {0x07fc,0x0404,0x0404,0x07fc,0x0124,0x0124,0x0fe7,0x0894,0x0894,0x0884,0x0c9c,0x0000} }, /* U+54A4 咤 */
    { 0x54a5u, {0x07fc,0x0404,0x0404,0x07fc,0x0802,0x0932,0x092a,0x0926,0x0fe2,0x0922,0x0932,0x0000} }, /* U+54A5 咥 */
    { 0x54a8u, {0x0084,0x0044,0x0f24,0x0900,0x0998,0x0947,0x0924,0x093c,0x0f44,0x0094,0x008c,0x0000} }, /* U+54A8 咨 */
    { 0x54abu, {0x0c00,0x03fe,0x0022,0x00e2,0x0322,0x043e,0x0500,0x08be,0x0822,0x08a2,0x093e,0x0000} }, /* U+54AB 咫 */
    { 0x54acu, {0x07fc,0x0404,0x0404,0x07fc,0x0824,0x0894,0x0504,0x0207,0x0304,0x0494,0x0824,0x0000} }, /* U+54AC 咬 */
    { 0x54afu, {0x07fc,0x0404,0x07fc,0x0090,0x0f88,0x0957,0x0924,0x0924,0x0954,0x0f8c,0x0080,0x0000} }, /* U+54AF 咯 */
    { 0x54b2u, {0x03fc,0x0204,0x03fc,0x0840,0x0849,0x044a,0x0248,0x01f8,0x024c,0x044b,0x0848,0x0000} }, /* U+54B2 咲 */
    { 0x54b3u, {0x07fc,0x0404,0x0404,0x07fc,0x0804,0x0924,0x0554,0x048f,0x0244,0x0524,0x0894,0x0000} }, /* U+54B3 咳 */
    { 0x54b8u, {0x0c00,0x03fc,0x0014,0x03d4,0x0254,0x0bd4,0x0814,0x0404,0x04ff,0x0304,0x0cc6,0x0000} }, /* U+54B8 咸 */
    { 0x54bcu, {0x0fc0,0x0040,0x007e,0x0742,0x0542,0x057a,0x054a,0x074a,0x007e,0x0840,0x0fc0,0x0000} }, /* U+54BC 咼 */
    { 0x54bdu, {0x07fc,0x0404,0x07fc,0x0000,0x0ffe,0x0a12,0x0912,0x08fe,0x0912,0x0a12,0x0ffe,0x0000} }, /* U+54BD 咽 */
    { 0x54beu, {0x07fc,0x0404,0x0404,0x07fc,0x00a4,0x0fa4,0x097f,0x0924,0x08b4,0x08ac,0x0c24,0x0000} }, /* U+54BE 咾 */
    { 0x54c0u, {0x0204,0x0a04,0x0ef4,0x0994,0x0894,0x0997,0x0294,0x0494,0x04f4,0x0a04,0x0904,0x0000} }, /* U+54C0 哀 */
    { 0x54c1u, {0x0f80,0x0880,0x0880,0x08be,0x0fa2,0x0022,0x0fa2,0x08be,0x0880,0x0880,0x0f80,0x0000} }, /* U+54C1 品 */
    { 0x54c2u, {0x07fc,0x0404,0x07fc,0x0000,0x0ff2,0x0a12,0x09fe,0x0812,0x09fe,0x0912,0x0ff2,0x0000} }, /* U+54C2 哂 */
    { 0x54c4u, {0x07fc,0x0404,0x07fc,0x0888,0x0488,0x02ff,0x0088,0x0088,0x02ff,0x0488,0x0888,0x0000} }, /* U+54C4 哄 */
    { 0x54c7u, {0x07fc,0x0404,0x0404,0x07fc,0x0820,0x0924,0x0924,0x0fff,0x0924,0x0924,0x0924,0x0000} }, /* U+54C7 哇 */
    { 0x54c8u, {0x07fc,0x0404,0x0404,0x07fc,0x0008,0x0f24,0x0922,0x0922,0x0922,0x0922,0x0f24,0x0000} }, /* U+54C8 哈 */
    { 0x54c9u, {0x0f24,0x0924,0x093f,0x0924,0x0f24,0x0820,0x0820,0x04ff,0x0320,0x04a2,0x0824,0x0000} }, /* U+54C9 哉 */
    { 0x54d8u, {0x07fc,0x0404,0x07fc,0x0088,0x0044,0x0fe2,0x0010,0x0022,0x0822,0x0fe2,0x0022,0x0000} }, /* U+54D8 哘 */
    { 0x54e1u, {0x0800,0x0bee,0x06aa,0x02aa,0x02aa,0x02aa,0x02aa,0x02aa,0x06aa,0x0bee,0x0800,0x0000} }, /* U+54E1 員 */
    { 0x54e2u, {0x07fc,0x0404,0x0404,0x07fc,0x0122,0x0d2a,0x03ea,0x013e,0x012a,0x0fea,0x012a,0x0000} }, /* U+54E2 哢 */
    { 0x54e5u, {0x0042,0x0042,0x075e,0x0552,0x0552,0x075e,0x0042,0x0842,0x0ffe,0x0042,0x0042,0x0000} }, /* U+54E5 哥 */
    { 0x54e6u, {0x07fc,0x0404,0x07fc,0x0122,0x0922,0x0ffe,0x0892,0x0410,0x04ff,0x0310,0x0cd6,0x0000} }, /* U+54E6 哦 */
    { 0x54e8u, {0x07fc,0x0404,0x07fc,0x0000,0x0fe4,0x02a8,0x02a0,0x02bf,0x02a0,0x0aa8,0x0fe4,0x0000} }, /* U+54E8 哨 */
    { 0x54e9u, {0x07fc,0x0404,0x07fc,0x0000,0x097e,0x094a,0x094a,0x0ffe,0x094a,0x094a,0x097e,0x0000} }, /* U+54E9 哩 */
    { 0x54edu, {0x0880,0x089e,0x0492,0x0492,0x029e,0x01e0,0x029e,0x0492,0x04b2,0x08de,0x0880,0x0000} }, /* U+54ED 哭 */
    { 0x54eeu, {0x07fc,0x0404,0x0404,0x07fc,0x0120,0x02a4,0x0a64,0x0abf,0x0ea4,0x03b4,0x022c,0x0000} }, /* U+54EE 哮 */
    { 0x54f2u, {0x0024,0x0024,0x0f7f,0x0914,0x0914,0x0960,0x091e,0x090a,0x090a,0x0f7a,0x000a,0x0000} }, /* U+54F2 哲 */
    { 0x54fau, {0x07fc,0x0404,0x07fc,0x0000,0x0ff4,0x0154,0x0154,0x0fff,0x0154,0x0954,0x0ff6,0x0000} }, /* U+54FA 哺 */
    { 0x54fdu, {0x07fc,0x0404,0x07fc,0x0802,0x08fa,0x05aa,0x02aa,0x03fe,0x04aa,0x08aa,0x08fa,0x0000} }, /* U+54FD 哽 */
    { 0x5504u, {0x03fc,0x0204,0x0204,0x03fc,0x0800,0x05fe,0x012a,0x012a,0x012a,0x052a,0x09fe,0x0000} }, /* U+5504 唄 */
    { 0x5506u, {0x07fc,0x0404,0x07fc,0x0808,0x0948,0x0b4c,0x04bb,0x0488,0x06b8,0x09ce,0x0868,0x0000} }, /* U+5506 唆 */
    { 0x5507u, {0x0060,0x001e,0x0f4a,0x097a,0x094a,0x094a,0x091a,0x092a,0x092a,0x0f5a,0x004a,0x0000} }, /* U+5507 唇 */
    { 0x550fu, {0x07fc,0x0404,0x0404,0x07fc,0x0120,0x07aa,0x00ea,0x0fb4,0x00a4,0x04aa,0x07a2,0x0000} }, /* U+550F 唏 */
    { 0x5510u, {0x0600,0x01fc,0x0014,0x0f54,0x0954,0x0954,0x097f,0x0954,0x0954,0x0f54,0x007c,0x0000} }, /* U+5510 唐 */
    { 0x5514u, {0x07fc,0x0404,0x0404,0x07fc,0x0042,0x0f4a,0x097a,0x094e,0x094a,0x094a,0x0f7a,0x0000} }, /* U+5514 唔 */
    { 0x5516u, {0x07fc,0x0404,0x07fc,0x0802,0x09f2,0x0912,0x0ffe,0x0912,0x0ffe,0x0912,0x09f2,0x0000} }, /* U+5516 唖 */
    { 0x552eu, {0x0010,0x0008,0x0ffc,0x0957,0x0954,0x0954,0x09fc,0x0957,0x0954,0x0f54,0x0104,0x0000} }, /* U+552E 售 */
    { 0x552fu, {0x07fc,0x0404,0x0404,0x07fc,0x0020,0x0ff8,0x092f,0x0928,0x0ff8,0x092e,0x0928,0x0000} }, /* U+552F 唯 */
    { 0x5531u, {0x07fc,0x0404,0x0404,0x0ffc,0x0a80,0x0abe,0x0aaa,0x0aaa,0x0aaa,0x0abe,0x0f80,0x0000} }, /* U+5531 唱 */
    { 0x5533u, {0x07fc,0x0404,0x07fc,0x0000,0x0bfa,0x08aa,0x04aa,0x03ea,0x02aa,0x04aa,0x08ba,0x0000} }, /* U+5533 唳 */
    { 0x5538u, {0x07fc,0x0404,0x0ffc,0x0008,0x0654,0x0852,0x0952,0x0a52,0x0952,0x04d4,0x0808,0x0000} }, /* U+5538 唸 */
    { 0x5539u, {0x07fc,0x0404,0x07fc,0x0888,0x087f,0x0448,0x03c8,0x0424,0x0422,0x0842,0x0844,0x0000} }, /* U+5539 唹 */
    { 0x553eu, {0x07fc,0x0404,0x07fc,0x0128,0x09fa,0x092a,0x092a,0x0ffe,0x092a,0x092a,0x09fa,0x0000} }, /* U+553E 唾 */
    { 0x5540u, {0x07fc,0x0404,0x07fc,0x0c00,0x03fe,0x0842,0x094a,0x094a,0x0ffe,0x094a,0x094a,0x0000} }, /* U+5540 啀 */
    { 0x5544u, {0x07fc,0x0404,0x07fc,0x0482,0x0492,0x0252,0x0a4a,0x092e,0x07f2,0x0122,0x0612,0x0000} }, /* U+5544 啄 */
    { 0x5545u, {0x07fc,0x0404,0x0404,0x07fc,0x0400,0x05f0,0x0550,0x0f5f,0x0554,0x0554,0x05f4,0x0000} }, /* U+5545 啅 */
    { 0x5546u, {0x0fe4,0x0124,0x00a4,0x0f7c,0x0924,0x0927,0x0924,0x0ffc,0x0124,0x0924,0x0fe4,0x0000} }, /* U+5546 商 */
    { 0x554cu, {0x07fc,0x0404,0x0404,0x07fc,0x0844,0x0944,0x093c,0x0f07,0x097c,0x0944,0x086c,0x0000} }, /* U+554C 啌 */
    { 0x554fu, {0x0ffe,0x002a,0x002a,0x0f2a,0x093e,0x0900,0x093e,0x0f2a,0x002a,0x082a,0x0ffe,0x0000} }, /* U+554F 問 */
    { 0x5553u, {0x00c2,0x003a,0x0f2a,0x092a,0x093a,0x0948,0x095f,0x0924,0x0f24,0x005c,0x0044,0x0000} }, /* U+5553 啓 */
    { 0x5556u, {0x07fc,0x0404,0x07fc,0x0800,0x09a6,0x0420,0x0210,0x03ce,0x0410,0x0924,0x08a2,0x0000} }, /* U+5556 啖 */
    { 0x5557u, {0x07fc,0x0404,0x0404,0x07fc,0x0008,0x0fe4,0x0922,0x0812,0x090a,0x0926,0x0fe0,0x0000} }, /* U+5557 啗 */
    { 0x555cu, {0x07fc,0x0404,0x07fc,0x0000,0x0aaa,0x0492,0x0bae,0x0000,0x0aaa,0x0492,0x0bae,0x0000} }, /* U+555C 啜 */
    { 0x555du, {0x07fc,0x0404,0x0ffc,0x0424,0x0224,0x0ffc,0x0122,0x0222,0x07fe,0x0a02,0x0bfe,0x0000} }, /* U+555D 啝 */
    { 0x5563u, {0x07fc,0x0404,0x04fc,0x0f28,0x0827,0x07fc,0x04a4,0x0424,0x0ffe,0x0202,0x03fe,0x0000} }, /* U+5563 啣 */
    { 0x557bu, {0x0074,0x0e14,0x0ad4,0x0a5c,0x0a54,0x0bf7,0x0a54,0x0a5c,0x0ad4,0x0e14,0x0074,0x0000} }, /* U+557B 啻 */
    { 0x557cu, {0x07fc,0x0404,0x07fc,0x0024,0x07a4,0x00bc,0x00a4,0x0fe7,0x00bc,0x04a4,0x07e4,0x0000} }, /* U+557C 啼 */
    { 0x557eu, {0x07fc,0x0404,0x07fc,0x0224,0x0124,0x0ffc,0x0422,0x0322,0x00ff,0x0380,0x0c38,0x0000} }, /* U+557E 啾 */
    { 0x5580u, {0x07fc,0x0404,0x07fc,0x0084,0x0f84,0x095c,0x0927,0x0924,0x095c,0x0f84,0x009c,0x0000} }, /* U+5580 喀 */
    { 0x5583u, {0x07fc,0x0404,0x07fc,0x0000,0x0ff4,0x0294,0x02f4,0x0f9f,0x02f4,0x0a94,0x0ff4,0x0000} }, /* U+5583 喃 */
    { 0x5584u, {0x0104,0x0144,0x0fd4,0x0957,0x0954,0x09fc,0x0954,0x0956,0x0fd5,0x0144,0x0104,0x0000} }, /* U+5584 善 */
    { 0x5587u, {0x07fc,0x0404,0x07fc,0x0294,0x0fff,0x0294,0x04f4,0x0404,0x01fc,0x0800,0x0ffe,0x0000} }, /* U+5587 喇 */
    { 0x5589u, {0x07fc,0x0404,0x07fc,0x0020,0x0ffe,0x0890,0x0972,0x0552,0x03d2,0x055e,0x0950,0x0000} }, /* U+5589 喉 */
    { 0x558au, {0x07fc,0x0404,0x07fc,0x0c00,0x03fc,0x0954,0x09d4,0x0414,0x04ff,0x0304,0x0ce6,0x0000} }, /* U+558A 喊 */
    { 0x558bu, {0x07fc,0x0404,0x07fc,0x0904,0x097e,0x0544,0x035f,0x0fd4,0x0154,0x055e,0x0944,0x0000} }, /* U+558B 喋 */
    { 0x5598u, {0x07fc,0x0404,0x07fc,0x0000,0x0fae,0x00a8,0x07a8,0x00ef,0x07a8,0x08a8,0x0fae,0x0000} }, /* U+5598 喘 */
    { 0x5599u, {0x07fc,0x0404,0x07fc,0x0400,0x04b8,0x02ae,0x0a6a,0x092a,0x07fa,0x012e,0x06a2,0x0000} }, /* U+5599 喙 */
    { 0x559au, {0x07fc,0x0404,0x07fc,0x0908,0x09fc,0x054a,0x033a,0x018a,0x037e,0x054a,0x09f8,0x0000} }, /* U+559A 喚 */
    { 0x559cu, {0x0104,0x0114,0x0f74,0x09d4,0x0954,0x095f,0x0954,0x09d4,0x0f74,0x0114,0x0104,0x0000} }, /* U+559C 喜 */
    { 0x559du, {0x07fc,0x0404,0x07fc,0x0100,0x07be,0x04ea,0x04aa,0x06aa,0x08aa,0x08be,0x0780,0x0000} }, /* U+559D 喝 */
    { 0x559eu, {0x07fc,0x0404,0x0404,0x0ffc,0x0556,0x0555,0x057c,0x0000,0x0ffe,0x0402,0x07fe,0x0000} }, /* U+559E 喞 */
    { 0x559fu, {0x07fc,0x0404,0x07fc,0x0000,0x003e,0x0fea,0x02aa,0x02be,0x0aaa,0x0fea,0x003e,0x0000} }, /* U+559F 喟 */
    { 0x55a7u, {0x07fc,0x0404,0x07fc,0x0804,0x0bf4,0x0a54,0x0a57,0x0a54,0x0a54,0x0bf4,0x080c,0x0000} }, /* U+55A7 喧 */
    { 0x55a8u, {0x07fc,0x0404,0x0404,0x0ffc,0x0844,0x045c,0x0354,0x0057,0x0f5c,0x0844,0x0cc4,0x0000} }, /* U+55A8 喨 */
    { 0x55a9u, {0x07fc,0x0404,0x07fc,0x0012,0x0fca,0x0556,0x0fd2,0x0312,0x0cd2,0x0314,0x0cd8,0x0000} }, /* U+55A9 喩 */
    { 0x55aau, {0x0884,0x08bc,0x0fa4,0x08bc,0x0884,0x01ff,0x0284,0x04bc,0x04a4,0x0bbc,0x0884,0x0000} }, /* U+55AA 喪 */
    { 0x55abu, {0x07fc,0x0404,0x07fc,0x0900,0x0954,0x057f,0x0554,0x03a4,0x051c,0x0944,0x097c,0x0000} }, /* U+55AB 喫 */
    { 0x55acu, {0x0048,0x0f4a,0x012a,0x077a,0x054a,0x054e,0x054a,0x077a,0x091a,0x0f2a,0x0048,0x0000} }, /* U+55AC 喬 */
    { 0x55aeu, {0x0400,0x041e,0x05f2,0x0552,0x055e,0x0ff0,0x055e,0x0552,0x05f2,0x041e,0x0400,0x0000} }, /* U+55AE 單 */
    { 0x55b0u, {0x07fc,0x0404,0x07fc,0x0008,0x0ff4,0x0952,0x0952,0x035a,0x0552,0x0bf4,0x0a08,0x0000} }, /* U+55B0 喰 */
    { 0x55b6u, {0x0078,0x0008,0x0f0e,0x0978,0x0948,0x09cf,0x0948,0x0978,0x0f0c,0x000a,0x0078,0x0000} }, /* U+55B6 営 */
    { 0x55c4u, {0x07fc,0x0404,0x0404,0x07fc,0x0a02,0x09fa,0x0aaa,0x04ae,0x04aa,0x0baa,0x08fa,0x0000} }, /* U+55C4 嗄 */
    { 0x55c5u, {0x07fc,0x0404,0x07fc,0x0100,0x097c,0x0954,0x0556,0x03d5,0x0554,0x09d4,0x097c,0x0000} }, /* U+55C5 嗅 */
    { 0x55c7u, {0x00c4,0x0fa4,0x089c,0x0ba4,0x0a84,0x0aff,0x0a84,0x0ba4,0x089c,0x0fa4,0x00c4,0x0000} }, /* U+55C7 嗇 */
    { 0x55d4u, {0x07fc,0x0404,0x07fc,0x0000,0x09e0,0x090f,0x05f4,0x0154,0x0154,0x05f2,0x091a,0x0000} }, /* U+55D4 嗔 */
    { 0x55dau, {0x07fc,0x0404,0x0404,0x0ffc,0x0000,0x0dfc,0x0156,0x0d55,0x0154,0x095c,0x0f40,0x0000} }, /* U+55DA 嗚 */
    { 0x55dcu, {0x07fc,0x0404,0x07fc,0x0090,0x0054,0x0fb4,0x0af4,0x0a9f,0x0ad4,0x0abc,0x0f96,0x0000} }, /* U+55DC 嗜 */
    { 0x55dfu, {0x07fc,0x0404,0x0404,0x07fc,0x0a44,0x0957,0x09d4,0x097c,0x0f56,0x0955,0x0954,0x0000} }, /* U+55DF 嗟 */
    { 0x55e3u, {0x0fee,0x012a,0x07ea,0x012a,0x0fee,0x0000,0x03d2,0x0252,0x03d2,0x0802,0x0ffe,0x0000} }, /* U+55E3 嗣 */
    { 0x55e4u, {0x07fc,0x0404,0x07fc,0x0010,0x09d6,0x0954,0x095c,0x0ff7,0x0954,0x0954,0x0dd6,0x0000} }, /* U+55E4 嗤 */
    { 0x55f7u, {0x07fc,0x0404,0x07fc,0x0254,0x09d4,0x097f,0x0754,0x0854,0x04df,0x0304,0x0cfc,0x0000} }, /* U+55F7 嗷 */
    { 0x55f9u, {0x07fc,0x0404,0x0ffc,0x0892,0x07a4,0x0500,0x09f4,0x0954,0x0bff,0x0954,0x09f4,0x0000} }, /* U+55F9 嗹 */
    { 0x55fdu, {0x07fc,0x0404,0x07fc,0x0154,0x0fff,0x0a54,0x0474,0x0307,0x00fc,0x0304,0x0c3c,0x0000} }, /* U+55FD 嗽 */
    { 0x55feu, {0x07fc,0x0404,0x07fc,0x0104,0x08fc,0x0827,0x07e4,0x08bc,0x0497,0x03f4,0x0c94,0x0000} }, /* U+55FE 嗾 */
    { 0x5606u, {0x07fc,0x0404,0x07fc,0x0804,0x0974,0x055f,0x0554,0x03f4,0x055f,0x0954,0x0974,0x0000} }, /* U+5606 嘆 */
    { 0x5609u, {0x0904,0x0514,0x0374,0x09d4,0x0f54,0x015f,0x0f54,0x09d4,0x0974,0x0f14,0x0104,0x0000} }, /* U+5609 嘉 */
    { 0x5614u, {0x07fc,0x0404,0x07fc,0x0000,0x0ffe,0x0a82,0x0bba,0x082a,0x0baa,0x0aba,0x0b82,0x0000} }, /* U+5614 嘔 */
    { 0x5616u, {0x07fc,0x0404,0x07fc,0x0844,0x0854,0x07d4,0x0554,0x057f,0x0554,0x07d4,0x0854,0x0000} }, /* U+5616 嘖 */
    { 0x5617u, {0x000c,0x00f4,0x0fa6,0x0abc,0x0aa4,0x0aa7,0x0aa4,0x0abc,0x0fa6,0x0084,0x00cc,0x0000} }, /* U+5617 嘗 */
    { 0x5618u, {0x07fc,0x0404,0x07fc,0x0928,0x0a28,0x08f8,0x0faf,0x08aa,0x0faa,0x0aaa,0x0998,0x0000} }, /* U+5618 嘘 */
    { 0x561bu, {0x07fc,0x0c04,0x03fc,0x0224,0x0124,0x0ffc,0x0227,0x0124,0x0ffc,0x0024,0x07a4,0x0000} }, /* U+561B 嘛 */
    { 0x5629u, {0x07fc,0x0404,0x07fc,0x0040,0x0554,0x05f4,0x055f,0x0554,0x0ff4,0x055f,0x05f4,0x0000} }, /* U+5629 嘩 */
    { 0x562fu, {0x07fc,0x0404,0x0ffc,0x0550,0x0dd4,0x0254,0x0fff,0x0254,0x0dd4,0x057c,0x0f90,0x0000} }, /* U+562F 嘯 */
    { 0x5631u, {0x03fc,0x0204,0x0e04,0x01fe,0x0f0a,0x017a,0x054a,0x07fa,0x054a,0x097a,0x0f0e,0x0000} }, /* U+5631 嘱 */
    { 0x5632u, {0x07fc,0x0404,0x07fc,0x0554,0x0f5f,0x05f4,0x0c04,0x03fe,0x0092,0x0892,0x0ffe,0x0000} }, /* U+5632 嘲 */
    { 0x5634u, {0x07fc,0x0404,0x0ffc,0x08a0,0x07fe,0x02a0,0x02bf,0x03a4,0x02ff,0x0aa4,0x0fb4,0x0000} }, /* U+5634 嘴 */
    { 0x5636u, {0x07fc,0x0404,0x07fc,0x0904,0x05ff,0x0154,0x05ff,0x0904,0x03fe,0x0012,0x0ff2,0x0000} }, /* U+5636 嘶 */
    { 0x5638u, {0x07fc,0x0404,0x07fc,0x0928,0x05fc,0x0127,0x0dfc,0x0124,0x0dfc,0x0124,0x0dfc,0x0000} }, /* U+5638 嘸 */
    { 0x5642u, {0x07fc,0x0404,0x07fc,0x0104,0x01f4,0x0557,0x093c,0x0114,0x097e,0x0f55,0x01f4,0x0000} }, /* U+5642 噂 */
    { 0x564cu, {0x07fc,0x0404,0x0404,0x07fc,0x0054,0x0fd7,0x0954,0x097c,0x0956,0x0fd5,0x007c,0x0000} }, /* U+564C 噌 */
    { 0x564eu, {0x07fc,0x0404,0x07fc,0x0814,0x09d4,0x0f54,0x095f,0x0954,0x0f54,0x09d4,0x0834,0x0000} }, /* U+564E 噎 */
    { 0x5650u, {0x0080,0x0eae,0x0aaa,0x0aaa,0x0eae,0x00e0,0x0eae,0x0aaa,0x0aaa,0x0eae,0x0080,0x0000} }, /* U+5650 噐 */
    { 0x565bu, {0x07fc,0x0404,0x0ffc,0x0a88,0x09ae,0x0888,0x0fff,0x088a,0x09aa,0x0a9a,0x0fe8,0x0000} }, /* U+565B 噛 */
    { 0x5664u, {0x07fc,0x0404,0x07fc,0x0924,0x0554,0x017f,0x0954,0x0f4c,0x017f,0x0554,0x0924,0x0000} }, /* U+5664 噤 */
    { 0x5668u, {0x0140,0x0f5e,0x0952,0x09d2,0x0f5e,0x0060,0x0f5e,0x09d2,0x0952,0x0f5e,0x0140,0x0000} }, /* U+5668 器 */
    { 0x566au, {0x07fc,0x0404,0x07fc,0x0800,0x0978,0x054e,0x037a,0x0f8a,0x017a,0x054e,0x0978,0x0000} }, /* U+566A 噪 */
    { 0x566bu, {0x07fc,0x0404,0x07fc,0x0c00,0x01f4,0x0754,0x095c,0x0b57,0x0954,0x055c,0x09f4,0x0000} }, /* U+566B 噫 */
    { 0x566cu, {0x07fc,0x0404,0x07fc,0x0848,0x0a47,0x09dc,0x0a44,0x0fc8,0x0a47,0x09dc,0x0a44,0x0000} }, /* U+566C 噬 */
    { 0x5674u, {0x07fc,0x0404,0x07fc,0x0820,0x0ba4,0x06f4,0x02a4,0x02bf,0x02a4,0x06f4,0x0ba4,0x0000} }, /* U+5674 噴 */
    { 0x5678u, {0x07fc,0x0404,0x07fc,0x0088,0x0fff,0x0884,0x0bfa,0x06aa,0x02ae,0x06aa,0x0bfa,0x0000} }, /* U+5678 噸 */
    { 0x567au, {0x07fc,0x0404,0x0ffc,0x04a4,0x02bc,0x0fe7,0x02a4,0x05fc,0x0024,0x0022,0x0fe2,0x0000} }, /* U+567A 噺 */
    { 0x5680u, {0x07fc,0x0404,0x07fc,0x0214,0x0384,0x0abc,0x0ba7,0x0eac,0x03a4,0x0294,0x03ac,0x0000} }, /* U+5680 嚀 */
    { 0x5686u, {0x07fc,0x0404,0x0ffc,0x0124,0x0724,0x05ef,0x0534,0x0524,0x07ef,0x0924,0x0f24,0x0000} }, /* U+5686 嚆 */
    { 0x5687u, {0x07fc,0x0404,0x07fc,0x0120,0x0ca4,0x03ff,0x0824,0x0fe4,0x003f,0x0fe4,0x0124,0x0000} }, /* U+5687 嚇 */
    { 0x568au, {0x07fc,0x0404,0x07fc,0x0200,0x0be0,0x0abe,0x06aa,0x03eb,0x02aa,0x0ebe,0x03e0,0x0000} }, /* U+568A 嚊 */
    { 0x568fu, {0x07fc,0x0404,0x0ffc,0x0888,0x06fa,0x04aa,0x07ff,0x0aaa,0x0afa,0x088a,0x0998,0x0000} }, /* U+568F 嚏 */
    { 0x5694u, {0x07fc,0x0404,0x0ffc,0x0888,0x06ba,0x04ea,0x07bf,0x0aaa,0x0aba,0x0aca,0x0898,0x0000} }, /* U+5694 嚔 */
    { 0x56a0u, {0x07fc,0x0404,0x07fe,0x0c92,0x0958,0x0f52,0x094e,0x0c92,0x01fe,0x0800,0x0ffe,0x0000} }, /* U+56A0 嚠 */
    { 0x56a2u, {0x0534,0x0514,0x0d5c,0x0bf4,0x0954,0x095f,0x0354,0x05f4,0x055c,0x0b14,0x0934,0x0000} }, /* U+56A2 嚢 */
    { 0x56a5u, {0x07fc,0x0404,0x07fc,0x0c04,0x01df,0x0d54,0x0154,0x0ddf,0x0004,0x05f4,0x0924,0x0000} }, /* U+56A5 嚥 */
    { 0x56aeu, {0x0fb4,0x016a,0x0134,0x0700,0x05fe,0x0552,0x055e,0x0700,0x01fe,0x094a,0x0f76,0x0000} }, /* U+56AE 嚮 */
    { 0x56b4u, {0x0c00,0x03fe,0x042a,0x07ea,0x02ba,0x02ae,0x0fe8,0x084e,0x07ba,0x042a,0x0bee,0x0000} }, /* U+56B4 嚴 */
    { 0x56b6u, {0x07fc,0x0404,0x07fc,0x0980,0x097e,0x072a,0x05be,0x0540,0x053e,0x0b6a,0x09be,0x0000} }, /* U+56B6 嚶 */
    { 0x56bcu, {0x07fc,0x0404,0x07fc,0x0028,0x0fea,0x0abe,0x0aea,0x012e,0x02ba,0x08ae,0x0ffa,0x0000} }, /* U+56BC 嚼 */
    { 0x56c0u, {0x07fc,0x0404,0x07fc,0x0554,0x0fff,0x0554,0x05f4,0x0354,0x05ff,0x0954,0x0ff4,0x0000} }, /* U+56C0 囀 */
    { 0x56c1u, {0x07fc,0x0404,0x07fc,0x0420,0x07e2,0x02be,0x0fea,0x042a,0x07ea,0x02be,0x0fe2,0x0000} }, /* U+56C1 囁 */
    { 0x56c2u, {0x0208,0x0f0e,0x0afa,0x0aaa,0x0eae,0x00a8,0x0eae,0x0aaa,0x0afa,0x0f0e,0x0208,0x0000} }, /* U+56C2 囂 */
    { 0x56c3u, {0x07fc,0x0404,0x0ffc,0x04a4,0x029c,0x0fe7,0x0294,0x0fff,0x0928,0x0ffe,0x0928,0x0000} }, /* U+56C3 囃 */
    { 0x56c8u, {0x07fc,0x0404,0x0ffc,0x0ab4,0x0fdf,0x0ab4,0x0b14,0x0afc,0x0a57,0x06f4,0x0a84,0x0000} }, /* U+56C8 囈 */
    { 0x56ceu, {0x07fc,0x0c04,0x07fe,0x012a,0x052a,0x09fe,0x0fac,0x0afa,0x0a8a,0x0aaa,0x0ffc,0x0000} }, /* U+56CE 囎 */
    { 0x56d1u, {0x07fc,0x0c04,0x03fe,0x08aa,0x0bba,0x0aea,0x0faa,0x0aba,0x07ea,0x08ba,0x0fee,0x0000} }, /* U+56D1 囑 */
    { 0x56d3u, {0x07fc,0x0404,0x0ffc,0x0a94,0x0aff,0x0f94,0x0af4,0x0faa,0x0aa6,0x0aa2,0x0f9e,0x0000} }, /* U+56D3 囓 */
    { 0x56d7u, {0x0ffe,0x0802,0x0802,0x0802,0x0802,0x0802,0x0802,0x0802,0x0802,0x0802,0x0ffe,0x0000} }, /* U+56D7 囗 */
    { 0x56d8u, {0x0ffe,0x0002,0x0002,0x03f2,0x0252,0x0252,0x0252,0x0372,0x0002,0x0802,0x0ffe,0x0000} }, /* U+56D8 囘 */
    { 0x56dau, {0x0ffe,0x0802,0x0902,0x0882,0x0842,0x083e,0x0842,0x0882,0x0902,0x0802,0x0ffe,0x0000} }, /* U+56DA 囚 */
    { 0x56dbu, {0x0ffc,0x0484,0x0444,0x043c,0x0404,0x0404,0x047c,0x0484,0x0484,0x0484,0x0ffc,0x0000} }, /* U+56DB 四 */
    { 0x56deu, {0x0ffe,0x0802,0x0802,0x09f2,0x0912,0x0912,0x0912,0x09f2,0x0802,0x0802,0x0ffe,0x0000} }, /* U+56DE 回 */
    { 0x56e0u, {0x0ffe,0x0802,0x0a12,0x0912,0x0892,0x087e,0x0892,0x0912,0x0a12,0x0802,0x0ffe,0x0000} }, /* U+56E0 因 */
    { 0x56e3u, {0x0ffe,0x0802,0x0812,0x0852,0x0892,0x0812,0x0a12,0x0bfe,0x0812,0x0802,0x0ffe,0x0000} }, /* U+56E3 団 */
    { 0x56eeu, {0x0ffe,0x0842,0x0822,0x0bfa,0x0802,0x0bfe,0x0a42,0x0a22,0x0b12,0x0802,0x0ffe,0x0000} }, /* U+56EE 囮 */
    { 0x56f0u, {0x0ffe,0x0802,0x0912,0x0892,0x0852,0x0bfe,0x0852,0x0892,0x0912,0x0802,0x0ffe,0x0000} }, /* U+56F0 困 */
    { 0x56f2u, {0x0ffe,0x0802,0x0892,0x0b92,0x08fa,0x0892,0x0892,0x0bfa,0x0892,0x0802,0x0ffe,0x0000} }, /* U+56F2 囲 */
    { 0x56f3u, {0x0ffe,0x0802,0x0a12,0x0a22,0x0906,0x094a,0x0882,0x0962,0x0a1a,0x0802,0x0ffe,0x0000} }, /* U+56F3 図 */
    { 0x56f9u, {0x0ffe,0x0822,0x0892,0x08aa,0x08a6,0x0fa2,0x08a6,0x0aaa,0x0b92,0x0822,0x0ffe,0x0000} }, /* U+56F9 囹 */
    { 0x56fau, {0x0ffe,0x0802,0x0812,0x0bd2,0x0a52,0x0a7e,0x0a52,0x0bd2,0x0812,0x0802,0x0ffe,0x0000} }, /* U+56FA 固 */
    { 0x56fdu, {0x0ffe,0x0802,0x0a0a,0x0a4a,0x0a4a,0x0bfa,0x0a4a,0x0a4a,0x0a8a,0x0802,0x0ffe,0x0000} }, /* U+56FD 国 */
    { 0x56ffu, {0x0ffe,0x0882,0x084a,0x0bea,0x08be,0x08aa,0x0aaa,0x0bea,0x080a,0x0802,0x0ffe,0x0000} }, /* U+56FF 囿 */
    { 0x5700u, {0x0ffe,0x0802,0x0852,0x0c4a,0x0bc6,0x0962,0x095e,0x0f52,0x085a,0x0802,0x0ffe,0x0000} }, /* U+5700 圀 */
    { 0x5703u, {0x0ffe,0x0802,0x0fea,0x0aaa,0x0aaa,0x0ffe,0x0aaa,0x0aaa,0x0fee,0x0802,0x0ffe,0x0000} }, /* U+5703 圃 */
    { 0x5704u, {0x0ffe,0x0882,0x0baa,0x0aea,0x0aba,0x0aaa,0x0aaa,0x0aea,0x0b8a,0x0882,0x0ffe,0x0000} }, /* U+5704 圄 */
    { 0x5708u, {0x0ffe,0x0842,0x095a,0x08d6,0x0f72,0x095e,0x0972,0x0cd6,0x095a,0x0842,0x0ffe,0x0000} }, /* U+5708 圈 */
    { 0x5709u, {0x0ffe,0x0822,0x0aaa,0x0aea,0x0aaa,0x0fbe,0x0aaa,0x0aea,0x0aaa,0x0822,0x0ffe,0x0000} }, /* U+5709 圉 */
    { 0x570bu, {0x0ffe,0x080a,0x0aea,0x0aaa,0x0aea,0x0c0a,0x0a7e,0x098a,0x0e6e,0x080a,0x0ffe,0x0000} }, /* U+570B 國 */
    { 0x570du, {0x0ffe,0x0822,0x0baa,0x0aea,0x0aba,0x0fae,0x0aaa,0x0afa,0x0a22,0x0822,0x0ffe,0x0000} }, /* U+570D 圍 */
    { 0x570fu, {0x0ffe,0x0842,0x0952,0x08de,0x0f72,0x095e,0x09f2,0x0cda,0x0956,0x0842,0x0ffe,0x0000} }, /* U+570F 圏 */
    { 0x5712u, {0x0ffe,0x0822,0x0a2a,0x0aea,0x0faa,0x08be,0x09aa,0x0aea,0x0d2a,0x0822,0x0ffe,0x0000} }, /* U+5712 園 */
    { 0x5713u, {0x0ffe,0x0802,0x0df2,0x0b5e,0x0952,0x0952,0x0952,0x0b5e,0x0df2,0x0802,0x0ffe,0x0000} }, /* U+5713 圓 */
    { 0x5716u, {0x0ffe,0x0822,0x0be2,0x0a2e,0x0aea,0x0aba,0x0aea,0x0a2e,0x0be2,0x0822,0x0ffe,0x0000} }, /* U+5716 圖 */
    { 0x5718u, {0x0ffe,0x0882,0x088a,0x0afa,0x0caa,0x08fe,0x08aa,0x0ffa,0x088a,0x0882,0x0ffe,0x0000} }, /* U+5718 團 */
    { 0x571cu, {0x0ffe,0x0822,0x0a2e,0x0eea,0x09ae,0x08aa,0x0bae,0x0cea,0x0a2e,0x0822,0x0ffe,0x0000} }, /* U+571C 圜 */
    { 0x571fu, {0x0800,0x0810,0x0810,0x0810,0x0810,0x0fff,0x0810,0x0810,0x0810,0x0810,0x0800,0x0000} }, /* U+571F 土 */
    { 0x5726u, {0x0410,0x0410,0x03fe,0x0a10,0x0800,0x0402,0x0302,0x00c2,0x003e,0x01c0,0x0e00,0x0000} }, /* U+5726 圦 */
    { 0x5727u, {0x0600,0x01fe,0x0002,0x0842,0x0842,0x0842,0x0842,0x0ffa,0x0842,0x0842,0x0842,0x0000} }, /* U+5727 圧 */
    { 0x5728u, {0x0104,0x0084,0x0fe4,0x001c,0x0847,0x0844,0x0844,0x0ffc,0x0844,0x0844,0x0844,0x0000} }, /* U+5728 在 */
    { 0x572du, {0x0820,0x0924,0x0924,0x0924,0x0924,0x0fff,0x0924,0x0924,0x0924,0x0924,0x0820,0x0000} }, /* U+572D 圭 */
    { 0x5730u, {0x0410,0x0410,0x03fe,0x0210,0x0020,0x0ffc,0x0810,0x09ff,0x0808,0x0884,0x0cfc,0x0000} }, /* U+5730 地 */
    { 0x5737u, {0x0410,0x0410,0x03fe,0x0210,0x0002,0x0002,0x0002,0x0ffe,0x0022,0x0042,0x0082,0x0000} }, /* U+5737 圷 */
    { 0x5738u, {0x0410,0x07fe,0x0410,0x0000,0x0ff0,0x0800,0x0800,0x0fff,0x0800,0x0800,0x0ff0,0x0000} }, /* U+5738 圸 */
    { 0x573bu, {0x0410,0x07fe,0x0410,0x0000,0x0600,0x01fc,0x0024,0x0024,0x0022,0x0fe2,0x0020,0x0000} }, /* U+573B 圻 */
    { 0x5740u, {0x0410,0x07fe,0x0410,0x0800,0x0ff8,0x0800,0x0800,0x0fff,0x0820,0x0820,0x0820,0x0000} }, /* U+5740 址 */
    { 0x5742u, {0x0410,0x0410,0x03fe,0x0210,0x0a00,0x09fe,0x0812,0x0592,0x0212,0x05f2,0x0802,0x0000} }, /* U+5742 坂 */
    { 0x5747u, {0x0410,0x07fe,0x0410,0x0000,0x0118,0x0127,0x0124,0x08a4,0x0884,0x0404,0x03fc,0x0000} }, /* U+5747 均 */
    { 0x574au, {0x0410,0x07fe,0x0410,0x0004,0x0304,0x00c4,0x003c,0x0827,0x0824,0x0424,0x03e4,0x0000} }, /* U+574A 坊 */
    { 0x574eu, {0x0410,0x07fe,0x0410,0x0800,0x0830,0x040f,0x0304,0x00fc,0x0304,0x0424,0x081c,0x0000} }, /* U+574E 坎 */
    { 0x574fu, {0x0410,0x07fe,0x0410,0x0410,0x0102,0x0082,0x0042,0x0ff2,0x000e,0x00c2,0x0302,0x0000} }, /* U+574F 坏 */
    { 0x5750u, {0x0840,0x0920,0x091c,0x0910,0x0920,0x0fff,0x0940,0x0920,0x091c,0x0910,0x0860,0x0000} }, /* U+5750 坐 */
    { 0x5751u, {0x0410,0x07fe,0x0410,0x0000,0x0c04,0x03e4,0x0024,0x0027,0x0024,0x0fe4,0x0804,0x0000} }, /* U+5751 坑 */
    { 0x5761u, {0x0410,0x07fe,0x0410,0x0300,0x08fc,0x0824,0x04a4,0x053f,0x0224,0x05e4,0x080c,0x0000} }, /* U+5761 坡 */
    { 0x5764u, {0x0410,0x07fe,0x0410,0x0000,0x01fc,0x0124,0x0124,0x0fff,0x0124,0x0124,0x01fc,0x0000} }, /* U+5764 坤 */
    { 0x5766u, {0x0410,0x0410,0x03fe,0x0210,0x0800,0x09fe,0x0912,0x0912,0x0912,0x0912,0x09fe,0x0000} }, /* U+5766 坦 */
    { 0x5769u, {0x0410,0x07fe,0x0410,0x0400,0x0008,0x0fff,0x0888,0x0888,0x0888,0x0888,0x0ffe,0x0000} }, /* U+5769 坩 */
    { 0x576au, {0x0410,0x07fe,0x0410,0x0102,0x0112,0x0122,0x0102,0x0ffe,0x0102,0x0122,0x0112,0x0000} }, /* U+576A 坪 */
    { 0x577fu, {0x0410,0x07fe,0x0410,0x0010,0x0ff8,0x0006,0x0048,0x0088,0x0808,0x0fff,0x0008,0x0000} }, /* U+577F 坿 */
    { 0x5782u, {0x0820,0x092a,0x09fa,0x092a,0x092a,0x0ffe,0x092a,0x092a,0x09fa,0x092a,0x0820,0x0000} }, /* U+5782 垂 */
    { 0x5788u, {0x0810,0x0878,0x0906,0x0900,0x0904,0x0fc4,0x0907,0x091c,0x0924,0x0846,0x0844,0x0000} }, /* U+5788 垈 */
    { 0x5789u, {0x0410,0x0410,0x03fe,0x0210,0x0018,0x0ff7,0x0894,0x0894,0x08f4,0x0904,0x0dfc,0x0000} }, /* U+5789 垉 */
    { 0x578bu, {0x0852,0x083e,0x0912,0x0912,0x097e,0x0f92,0x0900,0x093e,0x0900,0x0840,0x087e,0x0000} }, /* U+578B 型 */
    { 0x5793u, {0x0410,0x0410,0x03fe,0x0210,0x0804,0x0924,0x0554,0x048f,0x0244,0x0524,0x0894,0x0000} }, /* U+5793 垓 */
    { 0x57a0u, {0x0410,0x0410,0x03fe,0x0210,0x0000,0x0ffe,0x084a,0x09ca,0x024a,0x044a,0x0b7e,0x0000} }, /* U+57A0 垠 */
    { 0x57a2u, {0x0410,0x07fe,0x0410,0x0180,0x007c,0x0f24,0x0924,0x0924,0x0922,0x0922,0x0f22,0x0000} }, /* U+57A2 垢 */
    { 0x57a3u, {0x0410,0x07fe,0x0410,0x0802,0x0bfa,0x0a4a,0x0a4a,0x0a4a,0x0a4a,0x0bfa,0x0802,0x0000} }, /* U+57A3 垣 */
    { 0x57a4u, {0x0410,0x0410,0x03fe,0x0210,0x0802,0x0932,0x092a,0x0926,0x0fe2,0x0922,0x0932,0x0000} }, /* U+57A4 垤 */
    { 0x57aau, {0x0410,0x07fe,0x0410,0x0090,0x0c89,0x03fa,0x0088,0x0088,0x008c,0x0ffb,0x0088,0x0000} }, /* U+57AA 垪 */
    { 0x57b0u, {0x0410,0x0410,0x03fe,0x0210,0x00a0,0x00a0,0x00a0,0x0fbf,0x02a4,0x04a4,0x00a0,0x0000} }, /* U+57B0 垰 */
    { 0x57b3u, {0x0410,0x07fe,0x0410,0x0080,0x0044,0x0fe2,0x0010,0x0022,0x0822,0x0fe2,0x0022,0x0000} }, /* U+57B3 垳 */
    { 0x57c0u, {0x0888,0x0aaa,0x0aaa,0x0bfa,0x0a0a,0x0ffe,0x0a0a,0x0afa,0x0aaa,0x0aaa,0x08c8,0x0000} }, /* U+57C0 埀 */
    { 0x57c3u, {0x0410,0x0410,0x03fe,0x0210,0x0988,0x097c,0x052b,0x0528,0x03e8,0x052e,0x0928,0x0000} }, /* U+57C3 埃 */
    { 0x57c6u, {0x0410,0x07fe,0x0410,0x0c08,0x03fc,0x012a,0x012a,0x01fa,0x092e,0x092a,0x0ff8,0x0000} }, /* U+57C6 埆 */
    { 0x57cbu, {0x0410,0x07fe,0x0410,0x0000,0x097e,0x094a,0x094a,0x0ffe,0x094a,0x094a,0x097e,0x0000} }, /* U+57CB 埋 */
    { 0x57ceu, {0x0410,0x07fe,0x0410,0x0c00,0x03fc,0x0224,0x0be4,0x0804,0x04ff,0x0304,0x0ce6,0x0000} }, /* U+57CE 城 */
    { 0x57d2u, {0x0410,0x0410,0x03fe,0x0210,0x00b0,0x028e,0x0482,0x009a,0x0882,0x0fca,0x0092,0x0000} }, /* U+57D2 埒 */
    { 0x57d3u, {0x0410,0x0410,0x03fe,0x0210,0x00a4,0x02ac,0x04b4,0x00a4,0x089a,0x0fd2,0x0092,0x0000} }, /* U+57D3 埓 */
    { 0x57d4u, {0x0410,0x07fe,0x0410,0x0000,0x0ff4,0x0154,0x0154,0x0fff,0x0154,0x0954,0x0ff6,0x0000} }, /* U+57D4 埔 */
    { 0x57d6u, {0x0410,0x07fe,0x0410,0x0104,0x0f84,0x006f,0x0004,0x0fe4,0x088f,0x0844,0x0c24,0x0000} }, /* U+57D6 埖 */
    { 0x57dcu, {0x0824,0x0814,0x097f,0x0914,0x0904,0x0fa4,0x0914,0x090c,0x097f,0x0814,0x0824,0x0000} }, /* U+57DC 埜 */
    { 0x57dfu, {0x0410,0x07fe,0x0410,0x0204,0x02f4,0x0a94,0x0af4,0x0404,0x027f,0x0184,0x0e66,0x0000} }, /* U+57DF 域 */
    { 0x57e0u, {0x0410,0x0410,0x03fe,0x0210,0x0400,0x05fc,0x0554,0x0556,0x0f55,0x0554,0x05dc,0x0000} }, /* U+57E0 埠 */
    { 0x57e3u, {0x0410,0x07fe,0x0410,0x0144,0x0124,0x011c,0x0124,0x0fc7,0x0124,0x011c,0x0164,0x0000} }, /* U+57E3 埣 */
    { 0x57f4u, {0x0410,0x07fe,0x0410,0x0fc4,0x0804,0x0bf4,0x0a54,0x0a5f,0x0a54,0x0bf4,0x0804,0x0000} }, /* U+57F4 埴 */
    { 0x57f7u, {0x0294,0x02f4,0x0f9f,0x02f4,0x0294,0x0c28,0x0348,0x00ff,0x0108,0x03f8,0x0c00,0x0000} }, /* U+57F7 執 */
    { 0x57f9u, {0x0410,0x0410,0x03fe,0x0210,0x0024,0x0f24,0x093c,0x0927,0x0924,0x093c,0x0f24,0x0000} }, /* U+57F9 培 */
    { 0x57fau, {0x0240,0x0a44,0x0944,0x0aff,0x0a54,0x0f54,0x0a54,0x0aff,0x0944,0x0a44,0x0240,0x0000} }, /* U+57FA 基 */
    { 0x57fcu, {0x0410,0x07fe,0x0410,0x0000,0x0764,0x0554,0x054c,0x0747,0x004c,0x0854,0x0fe4,0x0000} }, /* U+57FC 埼 */
    { 0x5800u, {0x0410,0x07fe,0x0410,0x0600,0x01fe,0x0e0a,0x08ea,0x088a,0x0ffa,0x088a,0x0eee,0x0000} }, /* U+5800 堀 */
    { 0x5802u, {0x0838,0x080a,0x0aec,0x0aa8,0x0aa9,0x0faa,0x0aa8,0x0aac,0x0aea,0x0809,0x0838,0x0000} }, /* U+5802 堂 */
    { 0x5805u, {0x08fe,0x08aa,0x0aee,0x0aaa,0x0aba,0x0f80,0x0a82,0x0a5a,0x0a62,0x0892,0x088e,0x0000} }, /* U+5805 堅 */
    { 0x5806u, {0x0410,0x0410,0x03fe,0x0210,0x0020,0x0ff8,0x092f,0x0928,0x0ff8,0x092e,0x0928,0x0000} }, /* U+5806 堆 */
    { 0x580au, {0x0882,0x0aba,0x0aaa,0x0aaa,0x0aee,0x0f82,0x0aee,0x0aaa,0x0aaa,0x0aba,0x0882,0x0000} }, /* U+580A 堊 */
    { 0x580bu, {0x0410,0x07fe,0x0410,0x0000,0x0ffe,0x0092,0x0ffe,0x0000,0x0ffe,0x0092,0x0ffe,0x0000} }, /* U+580B 堋 */
    { 0x5815u, {0x08fe,0x0842,0x0a4a,0x0a36,0x0a00,0x0f12,0x0afa,0x0a2f,0x0a2a,0x08aa,0x08fa,0x0000} }, /* U+5815 堕 */
    { 0x5819u, {0x0410,0x07fe,0x0410,0x0000,0x097a,0x094a,0x097e,0x0fca,0x097e,0x094a,0x097a,0x0000} }, /* U+5819 堙 */
    { 0x581du, {0x0410,0x07fe,0x0410,0x0fe0,0x003e,0x07a2,0x04ba,0x04aa,0x07aa,0x083e,0x0fe0,0x0000} }, /* U+581D 堝 */
    { 0x5821u, {0x0810,0x08f8,0x0a06,0x0aa0,0x0aae,0x0f6a,0x0a2a,0x0afa,0x0a2a,0x086e,0x08a0,0x0000} }, /* U+5821 堡 */
    { 0x5824u, {0x0410,0x07fe,0x0c10,0x0880,0x07be,0x04aa,0x04aa,0x07aa,0x0aaa,0x0abe,0x0880,0x0000} }, /* U+5824 堤 */
    { 0x582au, {0x0410,0x07fe,0x0410,0x0404,0x0f84,0x0aff,0x0994,0x0894,0x0b94,0x0aff,0x0a84,0x0000} }, /* U+582A 堪 */
    { 0x582fu, {0x0950,0x0954,0x09f4,0x0754,0x0154,0x011f,0x0f54,0x0954,0x09f4,0x0954,0x0d50,0x0000} }, /* U+582F 堯 */
    { 0x5830u, {0x0410,0x07fe,0x0410,0x0000,0x0ffe,0x0882,0x0cbe,0x0bea,0x0aaa,0x0baa,0x0cbe,0x0000} }, /* U+5830 堰 */
    { 0x5831u, {0x0294,0x02f4,0x0f9f,0x0294,0x02f4,0x0890,0x09fe,0x0412,0x04d2,0x0312,0x0cf6,0x0000} }, /* U+5831 報 */
    { 0x5834u, {0x0410,0x07fe,0x0410,0x0480,0x02be,0x09ea,0x04aa,0x02aa,0x09aa,0x08be,0x07a0,0x0000} }, /* U+5834 場 */
    { 0x5835u, {0x0410,0x07fe,0x0410,0x0100,0x0124,0x0fa4,0x0ae4,0x0abf,0x0aa4,0x0ab4,0x0fac,0x0000} }, /* U+5835 堵 */
    { 0x583au, {0x0410,0x07fe,0x0410,0x0210,0x017e,0x0cca,0x034a,0x007e,0x004a,0x0fca,0x017e,0x0000} }, /* U+583A 堺 */
    { 0x583du, {0x0410,0x07fe,0x0410,0x0000,0x0f5e,0x0852,0x085e,0x0fd2,0x095e,0x0952,0x095e,0x0000} }, /* U+583D 堽 */
    { 0x5840u, {0x0410,0x07fe,0x0410,0x03fe,0x024a,0x0e4a,0x03fa,0x024a,0x026a,0x0fda,0x024e,0x0000} }, /* U+5840 塀 */
    { 0x5841u, {0x0940,0x097e,0x0aaa,0x0aaa,0x0a2a,0x0fbe,0x0a2a,0x0aaa,0x0aaa,0x097e,0x0940,0x0000} }, /* U+5841 塁 */
    { 0x584au, {0x0410,0x07fe,0x0410,0x0000,0x0cfc,0x0394,0x0096,0x0ffd,0x0894,0x0b94,0x0cfc,0x0000} }, /* U+584A 塊 */
    { 0x584bu, {0x08e4,0x0832,0x0928,0x0927,0x0928,0x0ff6,0x0928,0x0927,0x0928,0x0834,0x08e2,0x0000} }, /* U+584B 塋 */
    { 0x5851u, {0x0834,0x08a6,0x0a7c,0x0a27,0x0a34,0x0f80,0x0a7e,0x0a2a,0x0a2a,0x08aa,0x08fe,0x0000} }, /* U+5851 塑 */
    { 0x5852u, {0x0410,0x07fe,0x0410,0x07fc,0x0444,0x07fc,0x02a4,0x04a4,0x08bf,0x0fe4,0x00a4,0x0000} }, /* U+5852 塒 */
    { 0x5854u, {0x0410,0x0410,0x03fe,0x0210,0x0084,0x0e44,0x0aaf,0x0a94,0x0a94,0x0aaf,0x0e44,0x0000} }, /* U+5854 塔 */
    { 0x5857u, {0x0888,0x0852,0x0a04,0x0a20,0x0aa4,0x0f6a,0x0a2a,0x0afa,0x0a2a,0x08aa,0x0924,0x0000} }, /* U+5857 塗 */
    { 0x5858u, {0x0410,0x07fe,0x0410,0x0c00,0x03fc,0x0014,0x0f54,0x0954,0x097f,0x0954,0x0f7c,0x0000} }, /* U+5858 塘 */
    { 0x5859u, {0x0410,0x07fe,0x0410,0x0fc4,0x0044,0x075c,0x0557,0x0554,0x075c,0x0844,0x0fc4,0x0000} }, /* U+5859 塙 */
    { 0x585au, {0x0410,0x0410,0x03fe,0x0210,0x0246,0x094a,0x092a,0x08ba,0x07ca,0x014a,0x062e,0x0000} }, /* U+585A 塚 */
    { 0x585eu, {0x0a5c,0x0944,0x08d4,0x097c,0x0954,0x0fd7,0x0954,0x097c,0x08d4,0x0944,0x0a5c,0x0000} }, /* U+585E 塞 */
    { 0x5862u, {0x0410,0x07fe,0x0410,0x0c00,0x01fc,0x0d54,0x0156,0x0d55,0x0154,0x095c,0x0f40,0x0000} }, /* U+5862 塢 */
    { 0x5869u, {0x0410,0x07fe,0x0410,0x0810,0x0f08,0x0977,0x0f54,0x0954,0x0f54,0x0974,0x0f04,0x0000} }, /* U+5869 塩 */
    { 0x586bu, {0x0410,0x07fe,0x0410,0x0104,0x09f4,0x0554,0x0154,0x015f,0x0154,0x0554,0x09f4,0x0000} }, /* U+586B 填 */
    { 0x5870u, {0x0888,0x0a52,0x0a04,0x0a68,0x0a5c,0x0f57,0x0a74,0x0a5c,0x0ad4,0x0a7c,0x0854,0x0000} }, /* U+5870 塰 */
    { 0x5872u, {0x0410,0x07fe,0x0410,0x0508,0x037c,0x09d7,0x0554,0x0354,0x0954,0x097c,0x0744,0x0000} }, /* U+5872 塲 */
    { 0x5875u, {0x0600,0x01fc,0x0914,0x09f4,0x095c,0x0954,0x0e17,0x09fc,0x0954,0x0954,0x099c,0x0000} }, /* U+5875 塵 */
    { 0x5879u, {0x0844,0x0a7c,0x0a54,0x0aff,0x0a54,0x0f7c,0x0ac4,0x0a3e,0x0a0a,0x0afa,0x080a,0x0000} }, /* U+5879 塹 */
    { 0x587eu, {0x0844,0x0a5c,0x0ad7,0x0a74,0x0a5c,0x0fd4,0x0a24,0x0a5f,0x0a84,0x0a3c,0x08c0,0x0000} }, /* U+587E 塾 */
    { 0x5883u, {0x0410,0x07fe,0x0410,0x0824,0x0be4,0x06bc,0x02a7,0x02a4,0x0ebc,0x0be4,0x0824,0x0000} }, /* U+5883 境 */
    { 0x5885u, {0x08be,0x0aaa,0x0afe,0x0aaa,0x0abe,0x0f90,0x0a12,0x0a92,0x0afa,0x0a16,0x0832,0x0000} }, /* U+5885 墅 */
    { 0x5893u, {0x0244,0x0a44,0x0974,0x0adf,0x0a54,0x0f54,0x0a54,0x0adf,0x0974,0x0a44,0x0244,0x0000} }, /* U+5893 墓 */
    { 0x5897u, {0x0410,0x07fe,0x0410,0x007c,0x0fd4,0x0957,0x0954,0x097c,0x0956,0x0fd5,0x007c,0x0000} }, /* U+5897 増 */
    { 0x589cu, {0x08fe,0x084a,0x0a36,0x0a40,0x0a54,0x0f57,0x0aac,0x0a94,0x0a7e,0x0825,0x08d4,0x0000} }, /* U+589C 墜 */
    { 0x589fu, {0x0410,0x07fe,0x0410,0x03f8,0x0928,0x0af8,0x0faf,0x08aa,0x0faa,0x0aaa,0x0918,0x0000} }, /* U+589F 墟 */
    { 0x58a8u, {0x0a80,0x09be,0x0aaa,0x0aaa,0x0baa,0x0efe,0x0aaa,0x0baa,0x0aaa,0x09be,0x0a80,0x0000} }, /* U+58A8 墨 */
    { 0x58abu, {0x0410,0x07fe,0x0410,0x0208,0x02fc,0x06aa,0x0a98,0x028a,0x0aba,0x0faa,0x02fc,0x0000} }, /* U+58AB 墫 */
    { 0x58aeu, {0x09fe,0x0a8a,0x0a76,0x0a20,0x0a12,0x0fea,0x0aae,0x0aab,0x0aba,0x0aaa,0x09ea,0x0000} }, /* U+58AE 墮 */
    { 0x58b3u, {0x0410,0x07fe,0x0410,0x0820,0x0ba4,0x06f4,0x02a4,0x02bf,0x02a4,0x06f4,0x0ba4,0x0000} }, /* U+58B3 墳 */
    { 0x58b8u, {0x0410,0x07fe,0x0410,0x0484,0x02a4,0x0faf,0x0aa4,0x0af4,0x0aaf,0x0ae4,0x0fb4,0x0000} }, /* U+58B8 墸 */
    { 0x58b9u, {0x0410,0x07fe,0x0410,0x0ffe,0x002a,0x0faa,0x0abe,0x0a80,0x0fbe,0x002a,0x0ffe,0x0000} }, /* U+58B9 墹 */
    { 0x58bau, {0x0410,0x07fe,0x0410,0x0a00,0x0afc,0x06ac,0x0256,0x03fd,0x0254,0x06ac,0x0afc,0x0000} }, /* U+58BA 墺 */
    { 0x58bbu, {0x0410,0x07fe,0x0450,0x0fa4,0x089c,0x0ba4,0x0a84,0x0aff,0x0ba4,0x089c,0x0fa4,0x0000} }, /* U+58BB 墻 */
    { 0x58beu, {0x08aa,0x0a5e,0x0aaa,0x0a9e,0x0a6a,0x0f08,0x0afe,0x0aaa,0x0aaa,0x0a6a,0x08be,0x0000} }, /* U+58BE 墾 */
    { 0x58c1u, {0x09fe,0x08aa,0x0aaa,0x0aaa,0x0aee,0x0f54,0x0a5c,0x0a54,0x0af7,0x0a5c,0x0854,0x0000} }, /* U+58C1 壁 */
    { 0x58c5u, {0x0852,0x0b6a,0x0ad6,0x0a62,0x0a12,0x0ffb,0x0aae,0x0aaa,0x0afa,0x0aae,0x08aa,0x0000} }, /* U+58C5 壅 */
    { 0x58c7u, {0x0410,0x07fe,0x0410,0x0804,0x087c,0x0fc4,0x095c,0x0957,0x095c,0x0fc4,0x087c,0x0000} }, /* U+58C7 壇 */
    { 0x58cau, {0x0410,0x07fe,0x0410,0x0284,0x0ebc,0x09a4,0x08fc,0x03a7,0x04bc,0x0aa4,0x09bc,0x0000} }, /* U+58CA 壊 */
    { 0x58ccu, {0x0410,0x07fe,0x0410,0x0524,0x0d54,0x0bfc,0x0954,0x0357,0x05f4,0x0b5c,0x0954,0x0000} }, /* U+58CC 壌 */
    { 0x58d1u, {0x0846,0x0a2a,0x0af6,0x0aab,0x0aaa,0x0ff6,0x0a2a,0x0aa6,0x0a5a,0x0a22,0x08de,0x0000} }, /* U+58D1 壑 */
    { 0x58d3u, {0x08fe,0x0a02,0x0bee,0x0aaa,0x0aaa,0x0bee,0x0e92,0x0a52,0x0a7e,0x0a92,0x091a,0x0000} }, /* U+58D3 壓 */
    { 0x58d5u, {0x0410,0x07fe,0x0410,0x0134,0x0554,0x04dc,0x0a54,0x09d7,0x075c,0x0254,0x0574,0x0000} }, /* U+58D5 壕 */
    { 0x58d7u, {0x0410,0x07fe,0x0410,0x0900,0x0ed4,0x0a54,0x0ed4,0x0b7f,0x0e54,0x0ad4,0x0f7c,0x0000} }, /* U+58D7 壗 */
    { 0x58d8u, {0x08e0,0x0aa0,0x0afe,0x0aaa,0x0aea,0x0f3e,0x0aea,0x0aaa,0x0afe,0x0aa0,0x08e0,0x0000} }, /* U+58D8 壘 */
    { 0x58d9u, {0x0410,0x07fe,0x0410,0x0bfc,0x0854,0x07d4,0x057c,0x07d7,0x057c,0x07d4,0x0854,0x0000} }, /* U+58D9 壙 */
    { 0x58dcu, {0x0410,0x07fe,0x0410,0x02e0,0x0a3e,0x0eaa,0x0aea,0x0a2a,0x0aaa,0x06be,0x0ae0,0x0000} }, /* U+58DC 壜 */
    { 0x58deu, {0x0410,0x07fe,0x0410,0x0204,0x0abc,0x0ea4,0x093c,0x08e7,0x033c,0x04a4,0x0abc,0x0000} }, /* U+58DE 壞 */
    { 0x58dfu, {0x0814,0x08fc,0x0a57,0x0a54,0x0afc,0x0f10,0x0aef,0x0aaa,0x0aaa,0x08aa,0x08ba,0x0000} }, /* U+58DF 壟 */
    { 0x58e4u, {0x0410,0x07fe,0x0410,0x0544,0x0d5c,0x0b54,0x09fc,0x0347,0x05fc,0x0b54,0x095c,0x0000} }, /* U+58E4 壤 */
    { 0x58e5u, {0x0210,0x03fe,0x0610,0x09fe,0x0aa2,0x0a6e,0x0aaa,0x0f7e,0x0aaa,0x0a6e,0x0aa2,0x0000} }, /* U+58E5 壥 */
    { 0x58ebu, {0x0010,0x0810,0x0810,0x0810,0x0810,0x0fff,0x0810,0x0810,0x0810,0x0810,0x0010,0x0000} }, /* U+58EB 士 */
    { 0x58ecu, {0x0040,0x0844,0x0844,0x0844,0x0844,0x0ffc,0x0842,0x0842,0x0842,0x0842,0x0040,0x0000} }, /* U+58EC 壬 */
    { 0x58eeu, {0x0208,0x0110,0x0ffe,0x0000,0x0810,0x0810,0x0810,0x0fff,0x0810,0x0810,0x0810,0x0000} }, /* U+58EE 壮 */
    { 0x58efu, {0x0c9e,0x0390,0x0090,0x0ffe,0x0010,0x0810,0x0810,0x0810,0x0fff,0x0810,0x0810,0x0000} }, /* U+58EF 壯 */
    { 0x58f0u, {0x0c04,0x03d4,0x0254,0x0254,0x0254,0x03df,0x0254,0x0254,0x0254,0x03d4,0x0004,0x0000} }, /* U+58F0 声 */
    { 0x58f1u, {0x01c4,0x0054,0x0054,0x0fd4,0x0a54,0x0a5f,0x0a54,0x0954,0x0954,0x0c54,0x01c4,0x0000} }, /* U+58F1 壱 */
    { 0x58f2u, {0x08c4,0x0854,0x0454,0x0354,0x0054,0x005f,0x0f54,0x0854,0x0854,0x0854,0x0cc4,0x0000} }, /* U+58F2 売 */
    { 0x58f7u, {0x09c4,0x0844,0x0bd4,0x0a54,0x0fd4,0x0a5f,0x0fd4,0x0a54,0x0bd4,0x0844,0x09c4,0x0000} }, /* U+58F7 壷 */
    { 0x58f9u, {0x0874,0x0814,0x09d4,0x0f54,0x0954,0x095f,0x0954,0x0f54,0x09d4,0x0814,0x0874,0x0000} }, /* U+58F9 壹 */
    { 0x58fau, {0x0874,0x0814,0x09d4,0x0954,0x0f74,0x081f,0x0f74,0x0954,0x09d4,0x0814,0x0874,0x0000} }, /* U+58FA 壺 */
    { 0x58fbu, {0x0410,0x07fe,0x0410,0x0022,0x0fe2,0x02ba,0x02a2,0x02be,0x02aa,0x0aaa,0x0fe6,0x0000} }, /* U+58FB 壻 */
    { 0x58fcu, {0x087a,0x080a,0x0baa,0x0aaa,0x0eaa,0x08af,0x0eaa,0x0aaa,0x0baa,0x080a,0x087a,0x0000} }, /* U+58FC 壼 */
    { 0x58fdu, {0x0110,0x0f54,0x0954,0x0f54,0x0154,0x05df,0x0954,0x0154,0x0954,0x0f94,0x0130,0x0000} }, /* U+58FD 壽 */
    { 0x5902u, {0x0800,0x0840,0x0820,0x0418,0x0447,0x0284,0x0104,0x0284,0x0464,0x081c,0x0800,0x0000} }, /* U+5902 夂 */
    { 0x5909u, {0x0824,0x0914,0x0904,0x08c4,0x06bc,0x0487,0x0484,0x0abc,0x0984,0x0814,0x0824,0x0000} }, /* U+5909 変 */
    { 0x590au, {0x0800,0x0888,0x0850,0x0420,0x045f,0x0284,0x0104,0x0284,0x0464,0x081c,0x0800,0x0000} }, /* U+590A 夊 */
    { 0x590fu, {0x0802,0x0a02,0x0afa,0x09aa,0x06aa,0x04ae,0x04aa,0x04aa,0x0baa,0x08fa,0x0802,0x0000} }, /* U+590F 夏 */
    { 0x5910u, {0x0a10,0x0bf8,0x094c,0x0b6a,0x055a,0x054a,0x055a,0x056e,0x0b4a,0x09f8,0x0800,0x0000} }, /* U+5910 夐 */
    { 0x5915u, {0x0000,0x0840,0x0820,0x0818,0x0427,0x0444,0x0284,0x0104,0x00c4,0x003c,0x0000,0x0000} }, /* U+5915 夕 */
    { 0x5916u, {0x0860,0x081e,0x0424,0x0344,0x00fc,0x0010,0x0020,0x0fff,0x0040,0x0080,0x0100,0x0000} }, /* U+5916 外 */
    { 0x5918u, {0x0860,0x081f,0x0424,0x0344,0x00fc,0x0000,0x0ffe,0x0002,0x0202,0x0202,0x03fe,0x0000} }, /* U+5918 夘 */
    { 0x5919u, {0x0c00,0x03fe,0x000a,0x098a,0x087a,0x04aa,0x052a,0x03ea,0x000a,0x01fe,0x0e00,0x0000} }, /* U+5919 夙 */
    { 0x591au, {0x0080,0x0088,0x0888,0x0848,0x0954,0x0927,0x0aa4,0x0454,0x044c,0x0240,0x01c0,0x0000} }, /* U+591A 多 */
    { 0x591bu, {0x0020,0x0920,0x092a,0x08aa,0x09ea,0x0aaa,0x04aa,0x04aa,0x02be,0x01a0,0x0020,0x0000} }, /* U+591B 夛 */
    { 0x591cu, {0x0084,0x0fe4,0x001c,0x0984,0x0864,0x049f,0x0534,0x0254,0x0594,0x0874,0x0804,0x0000} }, /* U+591C 夜 */
    { 0x5922u, {0x01c4,0x0874,0x0954,0x095f,0x0bf4,0x0554,0x0574,0x055f,0x0354,0x0074,0x01c4,0x0000} }, /* U+5922 夢 */
    { 0x5925u, {0x04be,0x02aa,0x0ffe,0x02aa,0x08be,0x0948,0x0948,0x06b7,0x04a4,0x0294,0x018c,0x0000} }, /* U+5925 夥 */
    { 0x5927u, {0x0808,0x0808,0x0408,0x0208,0x0188,0x007f,0x0188,0x0208,0x0408,0x0808,0x0808,0x0000} }, /* U+5927 大 */
    { 0x5929u, {0x0802,0x0822,0x0422,0x0222,0x0122,0x00fe,0x0122,0x0222,0x0422,0x0822,0x0802,0x0000} }, /* U+5929 天 */
    { 0x592au, {0x0808,0x0408,0x0208,0x0188,0x0068,0x041f,0x0868,0x0188,0x0208,0x0408,0x0808,0x0000} }, /* U+592A 太 */
    { 0x592bu, {0x0840,0x0848,0x0448,0x0248,0x0148,0x00ff,0x0148,0x0248,0x0448,0x0848,0x0840,0x0000} }, /* U+592B 夫 */
    { 0x592cu, {0x0880,0x0888,0x0488,0x0288,0x0188,0x00ff,0x0188,0x0288,0x0488,0x08f8,0x0880,0x0000} }, /* U+592C 夬 */
    { 0x592du, {0x0820,0x0824,0x0424,0x0224,0x0124,0x00fc,0x0122,0x0222,0x0422,0x0822,0x0820,0x0000} }, /* U+592D 夭 */
    { 0x592eu, {0x0880,0x08fc,0x0484,0x0484,0x0284,0x01ff,0x0284,0x0484,0x0484,0x08fc,0x0880,0x0000} }, /* U+592E 央 */
    { 0x5931u, {0x0860,0x0850,0x044e,0x0448,0x0248,0x01ff,0x0148,0x0248,0x0448,0x0848,0x0840,0x0000} }, /* U+5931 失 */
    { 0x5932u, {0x0044,0x0144,0x0124,0x0114,0x010c,0x0fe7,0x0104,0x010c,0x0114,0x0124,0x0044,0x0000} }, /* U+5932 夲 */
    { 0x5937u, {0x0904,0x09d4,0x0554,0x0554,0x0354,0x01ff,0x0354,0x0554,0x0554,0x0974,0x0b04,0x0000} }, /* U+5937 夷 */
    { 0x5938u, {0x0044,0x00a4,0x0694,0x03ac,0x02a4,0x02a7,0x0aa4,0x0aac,0x0a94,0x06a4,0x0044,0x0000} }, /* U+5938 夸 */
    { 0x593eu, {0x0884,0x0844,0x0434,0x0244,0x0104,0x00ff,0x0104,0x0244,0x0434,0x0844,0x0884,0x0000} }, /* U+593E 夾 */
    { 0x5944u, {0x0044,0x0024,0x03f4,0x02ac,0x02a4,0x0ff7,0x0aa4,0x0aac,0x0bf4,0x0824,0x0c24,0x0000} }, /* U+5944 奄 */
    { 0x5947u, {0x0040,0x0044,0x0764,0x0554,0x054c,0x0747,0x004c,0x0854,0x0fe4,0x0044,0x0040,0x0000} }, /* U+5947 奇 */
    { 0x5948u, {0x0444,0x0244,0x00a4,0x00b4,0x08ac,0x0fa7,0x00a4,0x00ac,0x0094,0x0224,0x0444,0x0000} }, /* U+5948 奈 */
    { 0x5949u, {0x0244,0x0554,0x04d4,0x0574,0x055c,0x0fd7,0x0554,0x0574,0x04d4,0x0554,0x0244,0x0000} }, /* U+5949 奉 */
    { 0x594eu, {0x0824,0x08a4,0x0a94,0x0aac,0x0aa4,0x0ff7,0x0aa4,0x0aa4,0x0aac,0x0894,0x0824,0x0000} }, /* U+594E 奎 */
    { 0x594fu, {0x0244,0x0944,0x09d4,0x0574,0x035c,0x01d7,0x0354,0x0574,0x09d4,0x0944,0x0244,0x0000} }, /* U+594F 奏 */
    { 0x5950u, {0x0910,0x09f8,0x054c,0x052a,0x031a,0x018a,0x033a,0x052e,0x052a,0x09f8,0x0900,0x0000} }, /* U+5950 奐 */
    { 0x5951u, {0x0944,0x0954,0x057f,0x0554,0x0354,0x0182,0x0332,0x050e,0x0542,0x0942,0x093e,0x0000} }, /* U+5951 契 */
    { 0x5954u, {0x0224,0x0224,0x0e54,0x03d4,0x024c,0x02f7,0x0244,0x0fcc,0x0254,0x0224,0x0224,0x0000} }, /* U+5954 奔 */
    { 0x5955u, {0x0924,0x0914,0x0504,0x0544,0x033c,0x0187,0x0304,0x057c,0x0504,0x0914,0x0924,0x0000} }, /* U+5955 奕 */
    { 0x5957u, {0x0124,0x0924,0x0914,0x0dfc,0x0b54,0x0957,0x0954,0x095c,0x0914,0x0d24,0x0124,0x0000} }, /* U+5957 套 */
    { 0x5958u, {0x0956,0x0934,0x0514,0x057f,0x0304,0x01a4,0x0324,0x0524,0x053f,0x0924,0x0924,0x0000} }, /* U+5958 奘 */
    { 0x595au, {0x0908,0x0946,0x0562,0x0552,0x0346,0x01ea,0x0352,0x0542,0x0566,0x094a,0x0902,0x0000} }, /* U+595A 奚 */
    { 0x5960u, {0x0a08,0x0a04,0x0bfa,0x06a8,0x029e,0x028a,0x02be,0x06aa,0x0bfa,0x0a04,0x0a08,0x0000} }, /* U+5960 奠 */
    { 0x5962u, {0x04a4,0x04a4,0x0294,0x0fac,0x0aa4,0x0af7,0x0aa4,0x0ae4,0x0aac,0x0f94,0x00a4,0x0000} }, /* U+5962 奢 */
    { 0x5965u, {0x0900,0x09fc,0x0524,0x05ac,0x0326,0x01fd,0x0324,0x05ac,0x0524,0x09fc,0x0900,0x0000} }, /* U+5965 奥 */
    { 0x5967u, {0x0a00,0x0bfc,0x0a44,0x0774,0x02d4,0x03f7,0x024c,0x0774,0x0a44,0x0bfc,0x0a00,0x0000} }, /* U+5967 奧 */
    { 0x5968u, {0x0944,0x0928,0x0500,0x057e,0x0300,0x01b6,0x0352,0x0516,0x0552,0x097a,0x0916,0x0000} }, /* U+5968 奨 */
    { 0x5969u, {0x0044,0x0fe4,0x0834,0x0e2c,0x0ae4,0x0ea7,0x08a4,0x0ea4,0x0aec,0x0e34,0x0824,0x0000} }, /* U+5969 奩 */
    { 0x596au, {0x0224,0x0254,0x064c,0x0be4,0x02bc,0x02a7,0x03f4,0x0aa4,0x0eac,0x0214,0x0224,0x0000} }, /* U+596A 奪 */
    { 0x596cu, {0x0956,0x0934,0x0914,0x057e,0x0500,0x03b4,0x0554,0x051a,0x0956,0x097a,0x0916,0x0000} }, /* U+596C 奬 */
    { 0x596eu, {0x00a4,0x0e54,0x0bec,0x0ab4,0x0aa4,0x0aa7,0x0ff4,0x0aa4,0x0aac,0x0e94,0x0024,0x0000} }, /* U+596E 奮 */
    { 0x5973u, {0x0808,0x0808,0x0988,0x0578,0x020f,0x0208,0x0208,0x0588,0x0478,0x0808,0x0808,0x0000} }, /* U+5973 女 */
    { 0x5974u, {0x0188,0x0d7f,0x0308,0x02f8,0x0a00,0x0802,0x0432,0x02c2,0x0302,0x04c2,0x083e,0x0000} }, /* U+5974 奴 */
    { 0x5978u, {0x0188,0x0d7e,0x0308,0x02f8,0x0042,0x0042,0x0042,0x0ffe,0x0042,0x0042,0x0042,0x0000} }, /* U+5978 奸 */
    { 0x597du, {0x0188,0x0d7e,0x0308,0x02f8,0x0200,0x0042,0x0842,0x0842,0x0ff2,0x004a,0x0046,0x0000} }, /* U+597D 好 */
    { 0x5981u, {0x0188,0x0d7e,0x0308,0x02f8,0x0010,0x000f,0x0044,0x0884,0x0804,0x0404,0x03fc,0x0000} }, /* U+5981 妁 */
    { 0x5982u, {0x0988,0x0578,0x020f,0x0308,0x0cf8,0x0000,0x0ffc,0x0804,0x0804,0x0804,0x0ffc,0x0000} }, /* U+5982 如 */
    { 0x5983u, {0x0188,0x0d7e,0x0308,0x02f8,0x0000,0x0fe2,0x0822,0x0822,0x0822,0x0822,0x0e3e,0x0000} }, /* U+5983 妃 */
    { 0x5984u, {0x0084,0x0884,0x0a9c,0x0ba4,0x04a4,0x04e7,0x04a4,0x06a4,0x09a4,0x08a4,0x0084,0x0000} }, /* U+5984 妄 */
    { 0x598au, {0x0188,0x0d7e,0x0308,0x02f8,0x0844,0x0844,0x0844,0x0ffc,0x0842,0x0842,0x0840,0x0000} }, /* U+598A 妊 */
    { 0x598du, {0x0188,0x0d7e,0x0308,0x02f8,0x0022,0x0c22,0x03fe,0x0022,0x0022,0x0ffe,0x0022,0x0000} }, /* U+598D 妍 */
    { 0x5993u, {0x0188,0x0d7e,0x0308,0x0afc,0x0824,0x09a4,0x0624,0x043f,0x0624,0x09e4,0x0804,0x0000} }, /* U+5993 妓 */
    { 0x5996u, {0x0188,0x0d7e,0x0308,0x0af8,0x0840,0x0444,0x0244,0x01fc,0x0242,0x0442,0x0840,0x0000} }, /* U+5996 妖 */
    { 0x5999u, {0x0188,0x0d7e,0x0308,0x02f8,0x0810,0x0808,0x0880,0x04ff,0x0400,0x0208,0x0110,0x0000} }, /* U+5999 妙 */
    { 0x599bu, {0x00a0,0x08ae,0x0aa8,0x0ba8,0x04e8,0x04af,0x04a8,0x0aa8,0x09a8,0x08ae,0x00a0,0x0000} }, /* U+599B 妛 */
    { 0x599du, {0x0c9e,0x0390,0x0090,0x0ffe,0x0808,0x0988,0x0578,0x020f,0x0308,0x04f8,0x0808,0x0000} }, /* U+599D 妝 */
    { 0x59a3u, {0x0188,0x0d7e,0x0308,0x02f8,0x0800,0x0ffe,0x0410,0x0410,0x0fff,0x0810,0x0c08,0x0000} }, /* U+59A3 妣 */
    { 0x59a5u, {0x0080,0x088a,0x0a92,0x0b82,0x04ca,0x0492,0x0482,0x0682,0x099a,0x0886,0x0080,0x0000} }, /* U+59A5 妥 */
    { 0x59a8u, {0x0188,0x0d7e,0x0308,0x02f8,0x0004,0x0304,0x00c4,0x083f,0x0824,0x0424,0x03e4,0x0000} }, /* U+59A8 妨 */
    { 0x59acu, {0x0188,0x0d7e,0x0308,0x02f8,0x0082,0x0fc2,0x0862,0x085e,0x0842,0x0842,0x0fc2,0x0000} }, /* U+59AC 妬 */
    { 0x59b2u, {0x0188,0x0d7e,0x0308,0x02f8,0x0200,0x0800,0x09fe,0x0912,0x0912,0x0912,0x09fe,0x0000} }, /* U+59B2 妲 */
    { 0x59b9u, {0x0188,0x0d7e,0x0308,0x04f8,0x0424,0x0224,0x0124,0x0fff,0x0124,0x0224,0x0424,0x0000} }, /* U+59B9 妹 */
    { 0x59bbu, {0x0104,0x0914,0x0954,0x0754,0x05d4,0x057f,0x0554,0x0554,0x0b7c,0x0914,0x0114,0x0000} }, /* U+59BB 妻 */
    { 0x59beu, {0x08a4,0x08a4,0x0aa4,0x07bc,0x04e4,0x04a7,0x04a4,0x06bc,0x09a4,0x08a4,0x08a4,0x0000} }, /* U+59BE 妾 */
    { 0x59c6u, {0x0188,0x0d7e,0x0308,0x00f8,0x0720,0x04fe,0x04aa,0x0532,0x0c22,0x07fe,0x0420,0x0000} }, /* U+59C6 姆 */
    { 0x59c9u, {0x0188,0x0d7e,0x0308,0x02f8,0x0004,0x07e4,0x0024,0x0fff,0x0024,0x0424,0x07e4,0x0000} }, /* U+59C9 姉 */
    { 0x59cbu, {0x0188,0x0d7e,0x0308,0x02f8,0x0000,0x0f98,0x0894,0x0893,0x0890,0x0890,0x0f9c,0x0000} }, /* U+59CB 始 */
    { 0x59d0u, {0x0188,0x0d7e,0x0308,0x02f8,0x0800,0x0ffe,0x0892,0x0892,0x0892,0x0892,0x0ffe,0x0000} }, /* U+59D0 姐 */
    { 0x59d1u, {0x0188,0x0d7e,0x0308,0x02f8,0x0000,0x0f88,0x0888,0x0888,0x08ff,0x0888,0x0f88,0x0000} }, /* U+59D1 姑 */
    { 0x59d3u, {0x0188,0x0d7e,0x0308,0x02f8,0x0800,0x089e,0x0888,0x0888,0x0fff,0x0888,0x0888,0x0000} }, /* U+59D3 姓 */
    { 0x59d4u, {0x0148,0x094a,0x092a,0x072a,0x059a,0x057e,0x050a,0x051a,0x0b2a,0x094a,0x0148,0x0000} }, /* U+59D4 委 */
    { 0x59d9u, {0x0188,0x0d7e,0x0308,0x02f8,0x0020,0x0ff8,0x0006,0x0840,0x0842,0x0ffe,0x0842,0x0000} }, /* U+59D9 姙 */
    { 0x59dau, {0x0188,0x0d7e,0x0308,0x08f8,0x0904,0x0488,0x03fe,0x0000,0x0fff,0x0888,0x0d04,0x0000} }, /* U+59DA 姚 */
    { 0x59dcu, {0x0144,0x0944,0x0954,0x0757,0x05d4,0x057c,0x0554,0x0556,0x0b55,0x0944,0x0144,0x0000} }, /* U+59DC 姜 */
    { 0x59e5u, {0x0188,0x0d7e,0x0308,0x02f8,0x0024,0x0fa4,0x097f,0x0924,0x08b4,0x08ac,0x0c24,0x0000} }, /* U+59E5 姥 */
    { 0x59e6u, {0x0a80,0x0b84,0x04d4,0x04bc,0x07a7,0x08a4,0x0ba4,0x04bc,0x04c4,0x0784,0x0880,0x0000} }, /* U+59E6 姦 */
    { 0x59e8u, {0x0188,0x0d7e,0x0308,0x02f8,0x0a04,0x09d4,0x0554,0x03ff,0x0554,0x0954,0x0b74,0x0000} }, /* U+59E8 姨 */
    { 0x59eau, {0x0188,0x0d7e,0x0308,0x02f8,0x0802,0x0932,0x092a,0x0926,0x0fe2,0x0922,0x0932,0x0000} }, /* U+59EA 姪 */
    { 0x59ebu, {0x0188,0x0d7e,0x0308,0x02f8,0x0000,0x0ffe,0x0892,0x0892,0x0f9e,0x0892,0x08f2,0x0000} }, /* U+59EB 姫 */
    { 0x59f6u, {0x0188,0x0d7e,0x0308,0x02f8,0x0008,0x0f24,0x0922,0x0922,0x0922,0x0922,0x0f24,0x0000} }, /* U+59F6 姶 */
    { 0x59fbu, {0x0188,0x0d7e,0x0308,0x0208,0x0ffe,0x0a12,0x0912,0x08fe,0x0912,0x0a12,0x0ffe,0x0000} }, /* U+59FB 姻 */
    { 0x59ffu, {0x0140,0x0922,0x0914,0x0700,0x0598,0x0547,0x0524,0x051c,0x0b24,0x0944,0x014c,0x0000} }, /* U+59FF 姿 */
    { 0x5a01u, {0x0c00,0x03fc,0x0854,0x0bd4,0x0474,0x0654,0x09d4,0x0844,0x04ff,0x0304,0x0ce6,0x0000} }, /* U+5A01 威 */
    { 0x5a03u, {0x0188,0x0d7e,0x0308,0x02f8,0x0820,0x0924,0x0924,0x0fff,0x0924,0x0924,0x0924,0x0000} }, /* U+5A03 娃 */
    { 0x5a09u, {0x0188,0x0d7e,0x0308,0x02f8,0x0040,0x067c,0x01d4,0x017f,0x0954,0x0954,0x077c,0x0000} }, /* U+5A09 娉 */
    { 0x5a11u, {0x0908,0x0992,0x0944,0x0720,0x0588,0x0504,0x0520,0x05bf,0x0b40,0x0924,0x0908,0x0000} }, /* U+5A11 娑 */
    { 0x5a18u, {0x0188,0x0d7e,0x0308,0x02f8,0x0000,0x0ffc,0x0854,0x09d7,0x0254,0x0554,0x08fc,0x0000} }, /* U+5A18 娘 */
    { 0x5a1au, {0x0188,0x0d7e,0x0308,0x0ac8,0x08be,0x04aa,0x03aa,0x00fe,0x08aa,0x08aa,0x07be,0x0000} }, /* U+5A1A 娚 */
    { 0x5a1cu, {0x0188,0x0d7e,0x0308,0x064a,0x09fe,0x084a,0x07fe,0x0000,0x0ffe,0x0222,0x01de,0x0000} }, /* U+5A1C 娜 */
    { 0x5a1fu, {0x0188,0x0d7e,0x0308,0x02f8,0x0000,0x0fee,0x02aa,0x02aa,0x02aa,0x0aaa,0x0fee,0x0000} }, /* U+5A1F 娟 */
    { 0x5a20u, {0x0188,0x0d7e,0x0308,0x01fe,0x0842,0x0fca,0x084a,0x084a,0x03ca,0x044a,0x0b42,0x0000} }, /* U+5A20 娠 */
    { 0x5a25u, {0x0188,0x0d7e,0x0308,0x02f8,0x0a22,0x0ffe,0x0912,0x0410,0x04ff,0x0310,0x0cd6,0x0000} }, /* U+5A25 娥 */
    { 0x5a29u, {0x0188,0x0d7e,0x0308,0x0af8,0x0894,0x0492,0x0392,0x00fa,0x0f96,0x0890,0x0cf0,0x0000} }, /* U+5A29 娩 */
    { 0x5a2fu, {0x0188,0x0d7e,0x0308,0x0088,0x097c,0x0540,0x015e,0x0152,0x0152,0x055e,0x09c0,0x0000} }, /* U+5A2F 娯 */
    { 0x5a35u, {0x0188,0x0d7e,0x0308,0x048a,0x07fe,0x024a,0x0ffe,0x080a,0x04ea,0x030a,0x0cfa,0x0000} }, /* U+5A35 娵 */
    { 0x5a36u, {0x0942,0x097e,0x092a,0x072a,0x05fe,0x0540,0x055a,0x0522,0x0b22,0x0952,0x094e,0x0000} }, /* U+5A36 娶 */
    { 0x5a3cu, {0x0188,0x0d7e,0x0308,0x00f8,0x0f80,0x0abe,0x0aaa,0x0aaa,0x0aaa,0x0abe,0x0f80,0x0000} }, /* U+5A3C 娼 */
    { 0x5a40u, {0x0188,0x0d7e,0x0308,0x0088,0x0ffe,0x0212,0x01ee,0x0002,0x01f2,0x0912,0x0ffe,0x0000} }, /* U+5A40 婀 */
    { 0x5a41u, {0x09d0,0x097c,0x0954,0x0754,0x0554,0x05ff,0x0554,0x0554,0x0b54,0x097c,0x09d0,0x0000} }, /* U+5A41 婁 */
    { 0x5a46u, {0x0988,0x0952,0x0924,0x0780,0x057c,0x0514,0x05b4,0x055f,0x0b54,0x09b4,0x090c,0x0000} }, /* U+5A46 婆 */
    { 0x5a49u, {0x0188,0x0d7e,0x0308,0x0afc,0x0894,0x0514,0x03f4,0x0007,0x0ff4,0x0914,0x0dfc,0x0000} }, /* U+5A49 婉 */
    { 0x5a5au, {0x0188,0x0d7e,0x0308,0x02f8,0x0000,0x0fbe,0x0aaa,0x0a8a,0x0a9e,0x0aaa,0x0faa,0x0000} }, /* U+5A5A 婚 */
    { 0x5a62u, {0x0188,0x0d7e,0x0308,0x02f8,0x0200,0x037c,0x02d4,0x027e,0x0fd5,0x0254,0x027c,0x0000} }, /* U+5A62 婢 */
    { 0x5a66u, {0x0188,0x0d7e,0x0308,0x00e0,0x07aa,0x00aa,0x00aa,0x0fea,0x04aa,0x07be,0x0060,0x0000} }, /* U+5A66 婦 */
    { 0x5a6au, {0x0924,0x0914,0x097f,0x0714,0x0584,0x0520,0x0514,0x050c,0x0b7f,0x0914,0x0924,0x0000} }, /* U+5A6A 婪 */
    { 0x5a6cu, {0x0188,0x0d7e,0x0308,0x02f8,0x0010,0x094e,0x0942,0x095a,0x0fc2,0x094a,0x0952,0x0000} }, /* U+5A6C 婬 */
    { 0x5a7fu, {0x0188,0x0d7e,0x0308,0x02f8,0x0042,0x0ffa,0x02a2,0x02be,0x02aa,0x0aaa,0x0fe6,0x0000} }, /* U+5A7F 婿 */
    { 0x5a92u, {0x0188,0x0d7e,0x0308,0x08f8,0x0904,0x057f,0x0354,0x0fd4,0x0154,0x057f,0x0904,0x0000} }, /* U+5A92 媒 */
    { 0x5a9au, {0x0188,0x0d7e,0x0308,0x02fe,0x000a,0x0fea,0x0aaa,0x0aae,0x0aaa,0x0aaa,0x0fee,0x0000} }, /* U+5A9A 媚 */
    { 0x5a9bu, {0x0188,0x0d7e,0x0308,0x02fa,0x0a52,0x095e,0x0bd2,0x057e,0x0552,0x0b5a,0x0856,0x0000} }, /* U+5A9B 媛 */
    { 0x5abcu, {0x0188,0x0d7e,0x0308,0x08f8,0x0f80,0x08be,0x0faa,0x08a6,0x0faa,0x08be,0x0f80,0x0000} }, /* U+5ABC 媼 */
    { 0x5abdu, {0x0188,0x0d7e,0x0308,0x06f8,0x0000,0x06fe,0x00aa,0x06aa,0x08fe,0x08aa,0x07aa,0x0000} }, /* U+5ABD 媽 */
    { 0x5abeu, {0x0188,0x0d7e,0x0308,0x02f8,0x0414,0x0fd4,0x055f,0x0554,0x07f4,0x055f,0x0fd4,0x0000} }, /* U+5ABE 媾 */
    { 0x5ac1u, {0x0188,0x0d7e,0x0308,0x04fc,0x0484,0x0294,0x0a54,0x0977,0x0794,0x0154,0x062c,0x0000} }, /* U+5AC1 嫁 */
    { 0x5ac2u, {0x0188,0x0d7e,0x0308,0x0988,0x097c,0x0752,0x0540,0x05ff,0x0540,0x0b54,0x097c,0x0000} }, /* U+5AC2 嫂 */
    { 0x5ac9u, {0x0188,0x0d7e,0x0308,0x00f8,0x0690,0x09fc,0x08a4,0x049f,0x03f4,0x0494,0x0894,0x0000} }, /* U+5AC9 嫉 */
    { 0x5acbu, {0x0188,0x0d7e,0x0308,0x0488,0x0a72,0x0952,0x07de,0x0500,0x0a72,0x0952,0x07de,0x0000} }, /* U+5ACB 嫋 */
    { 0x5accu, {0x0188,0x0d7e,0x0308,0x02f8,0x0844,0x0554,0x0fff,0x0154,0x0ffe,0x0555,0x09f4,0x0000} }, /* U+5ACC 嫌 */
    { 0x5ad0u, {0x0188,0x0d7e,0x0308,0x0cbe,0x03aa,0x08fe,0x08aa,0x0788,0x017e,0x0308,0x0cf8,0x0000} }, /* U+5AD0 嫐 */
    { 0x5ad6u, {0x0188,0x0d7e,0x0308,0x01f8,0x0a2a,0x06aa,0x0abe,0x0eaa,0x02be,0x06aa,0x0aba,0x0000} }, /* U+5AD6 嫖 */
    { 0x5ad7u, {0x0188,0x0d7e,0x0308,0x0088,0x0ffe,0x0a82,0x0bba,0x082a,0x0baa,0x0aba,0x0b82,0x0000} }, /* U+5AD7 嫗 */
    { 0x5ae1u, {0x0188,0x097e,0x0508,0x0fe4,0x00a4,0x0ebc,0x0aa4,0x0be7,0x0ea4,0x00bc,0x0fe4,0x0000} }, /* U+5AE1 嫡 */
    { 0x5ae3u, {0x0188,0x0d7e,0x0308,0x02f8,0x0822,0x03fa,0x0aa2,0x02be,0x0aaa,0x0aaa,0x0622,0x0000} }, /* U+5AE3 嫣 */
    { 0x5ae6u, {0x0188,0x0d7e,0x0308,0x00fc,0x0704,0x0176,0x0154,0x0fd7,0x0154,0x0576,0x070c,0x0000} }, /* U+5AE6 嫦 */
    { 0x5ae9u, {0x0188,0x0d7e,0x0308,0x04f4,0x0294,0x0fff,0x0294,0x08f4,0x048f,0x0304,0x0cfc,0x0000} }, /* U+5AE9 嫩 */
    { 0x5afau, {0x0188,0x0d7e,0x0308,0x0088,0x0ffe,0x082a,0x07be,0x0280,0x0fbe,0x002a,0x0ffe,0x0000} }, /* U+5AFA 嫺 */
    { 0x5afbu, {0x0188,0x0d7e,0x0308,0x0088,0x0ffe,0x042a,0x02be,0x0fc0,0x02be,0x042a,0x0ffe,0x0000} }, /* U+5AFB 嫻 */
    { 0x5b09u, {0x0188,0x0d7e,0x0308,0x02f8,0x0004,0x0f74,0x09d4,0x0954,0x095f,0x09d4,0x0f74,0x0000} }, /* U+5B09 嬉 */
    { 0x5b0bu, {0x0188,0x0d7e,0x0308,0x02f8,0x041e,0x05f2,0x055e,0x0ff0,0x055e,0x0552,0x05fe,0x0000} }, /* U+5B0B 嬋 */
    { 0x5b0cu, {0x0188,0x0d7e,0x0308,0x00f8,0x0f4a,0x012a,0x077a,0x054e,0x077a,0x092a,0x0f4a,0x0000} }, /* U+5B0C 嬌 */
    { 0x5b16u, {0x09fe,0x092a,0x092a,0x07ee,0x0510,0x0554,0x055c,0x05f7,0x0b54,0x095c,0x0954,0x0000} }, /* U+5B16 嬖 */
    { 0x5b22u, {0x0188,0x0d7e,0x0308,0x02f8,0x0524,0x0d54,0x0bfc,0x0957,0x0354,0x05fc,0x0b54,0x0000} }, /* U+5B22 嬢 */
    { 0x5b2au, {0x0188,0x0d7e,0x0308,0x0afc,0x08a4,0x07d4,0x0554,0x0577,0x0554,0x0ff4,0x085c,0x0000} }, /* U+5B2A 嬪 */
    { 0x5b2cu, {0x0188,0x0d7e,0x0308,0x00f8,0x0e8a,0x02aa,0x0faa,0x02be,0x0e8a,0x02aa,0x0eba,0x0000} }, /* U+5B2C 嬬 */
    { 0x5b30u, {0x013e,0x09aa,0x096a,0x072a,0x05be,0x0540,0x053e,0x052a,0x0b6a,0x09aa,0x013e,0x0000} }, /* U+5B30 嬰 */
    { 0x5b32u, {0x0cbe,0x03ea,0x08be,0x0faa,0x02ff,0x0108,0x0afe,0x04aa,0x0bfe,0x08aa,0x07be,0x0000} }, /* U+5B32 嬲 */
    { 0x5b36u, {0x0188,0x0d7e,0x0308,0x04f8,0x05c0,0x0d7c,0x0756,0x05d5,0x0554,0x0f7c,0x05c0,0x0000} }, /* U+5B36 嬶 */
    { 0x5b3eu, {0x0188,0x0d7e,0x0308,0x04f4,0x0254,0x0fff,0x0a54,0x07f2,0x02ae,0x06a2,0x0bee,0x0000} }, /* U+5B3E 嬾 */
    { 0x5b40u, {0x0188,0x0d7e,0x0308,0x04f8,0x028a,0x0fea,0x02aa,0x043e,0x0f8a,0x0aaa,0x0fba,0x0000} }, /* U+5B40 孀 */
    { 0x5b43u, {0x0188,0x0d7e,0x0308,0x04f8,0x0544,0x0d5c,0x0bf4,0x095f,0x03f4,0x0554,0x0b5c,0x0000} }, /* U+5B43 孃 */
    { 0x5b45u, {0x0188,0x0d7e,0x0308,0x0954,0x0ffb,0x0814,0x0ff3,0x0954,0x04ff,0x0310,0x0cd6,0x0000} }, /* U+5B45 孅 */
    { 0x5b50u, {0x0040,0x0040,0x0042,0x0842,0x0842,0x0fe2,0x0052,0x004a,0x0046,0x0040,0x0040,0x0000} }, /* U+5B50 子 */
    { 0x5b51u, {0x0080,0x0082,0x0082,0x0082,0x0882,0x0fe2,0x0052,0x004a,0x0046,0x0020,0x0020,0x0000} }, /* U+5B51 孑 */
    { 0x5b54u, {0x0082,0x0882,0x0fe2,0x0092,0x008e,0x0080,0x0000,0x07fe,0x0800,0x0800,0x0f00,0x0000} }, /* U+5B54 孔 */
    { 0x5b55u, {0x0120,0x0122,0x0112,0x0932,0x092a,0x0fa6,0x0162,0x0122,0x014e,0x0148,0x0138,0x0000} }, /* U+5B55 孕 */
    { 0x5b57u, {0x011c,0x0104,0x0114,0x0914,0x0914,0x0f97,0x0154,0x0134,0x0104,0x0104,0x011c,0x0000} }, /* U+5B57 字 */
    { 0x5b58u, {0x0084,0x0fc4,0x0024,0x011c,0x0107,0x0114,0x0914,0x0f94,0x0154,0x0134,0x0104,0x0000} }, /* U+5B58 存 */
    { 0x5b5au, {0x0118,0x0106,0x0122,0x0922,0x0926,0x0f2a,0x01a2,0x0162,0x0126,0x010a,0x0110,0x0000} }, /* U+5B5A 孚 */
    { 0x5b5bu, {0x0274,0x0214,0x0254,0x0a54,0x0a54,0x0f5f,0x02d4,0x0254,0x0254,0x0214,0x0274,0x0000} }, /* U+5B5B 孛 */
    { 0x5b5cu, {0x0082,0x0882,0x0fe2,0x0092,0x088e,0x0830,0x040f,0x04c4,0x0304,0x04fc,0x0804,0x0000} }, /* U+5B5C 孜 */
    { 0x5b5du, {0x0120,0x0124,0x02a4,0x02a4,0x0a64,0x0abf,0x0ea4,0x03b4,0x02ac,0x0224,0x0220,0x0000} }, /* U+5B5D 孝 */
    { 0x5b5fu, {0x0820,0x0f20,0x0922,0x0922,0x0f22,0x09f2,0x0f2a,0x0926,0x0922,0x0f20,0x0820,0x0000} }, /* U+5B5F 孟 */
    { 0x5b63u, {0x0248,0x0248,0x022a,0x0a5a,0x0a4a,0x0f7e,0x02ca,0x025a,0x022a,0x0248,0x0288,0x0000} }, /* U+5B63 季 */
    { 0x5b64u, {0x0882,0x0ff2,0x004e,0x0c00,0x03fe,0x0402,0x07fe,0x0402,0x063e,0x01c2,0x0e02,0x0000} }, /* U+5B64 孤 */
    { 0x5b65u, {0x0244,0x025c,0x02a7,0x0aa4,0x0abc,0x0ec4,0x0282,0x03da,0x02a2,0x0232,0x024e,0x0000} }, /* U+5B65 孥 */
    { 0x5b66u, {0x0138,0x010a,0x012c,0x0928,0x0929,0x0faa,0x0168,0x012c,0x010a,0x0109,0x0138,0x0000} }, /* U+5B66 学 */
    { 0x5b69u, {0x0082,0x0882,0x0ff2,0x004e,0x0804,0x0924,0x0554,0x048f,0x0244,0x0524,0x0894,0x0000} }, /* U+5B69 孩 */
    { 0x5b6bu, {0x0882,0x0ff2,0x004e,0x0400,0x0282,0x0092,0x00aa,0x0fc6,0x00a2,0x0292,0x04c2,0x0000} }, /* U+5B6B 孫 */
    { 0x5b70u, {0x0244,0x0a5c,0x0f57,0x02dc,0x0244,0x0c28,0x0348,0x00ff,0x0108,0x0ff8,0x0800,0x0000} }, /* U+5B70 孰 */
    { 0x5b71u, {0x0600,0x01fe,0x028a,0x0aaa,0x0faa,0x02aa,0x00ea,0x02ba,0x0aaa,0x0faa,0x028e,0x0000} }, /* U+5B71 孱 */
    { 0x5b73u, {0x0204,0x02d4,0x02ac,0x0a97,0x0acc,0x0e84,0x02d4,0x03ae,0x0295,0x02cc,0x0204,0x0000} }, /* U+5B73 孳 */
    { 0x5b75u, {0x01fe,0x0d22,0x03fa,0x0000,0x0ffe,0x0222,0x03fe,0x0102,0x092e,0x0fa2,0x016e,0x0000} }, /* U+5B75 孵 */
    { 0x5b78u, {0x02e0,0x023e,0x022a,0x0aa8,0x0ab5,0x0eaa,0x03b5,0x02a8,0x022a,0x023e,0x02e0,0x0000} }, /* U+5B78 學 */
    { 0x5b7au, {0x0882,0x0ff2,0x004e,0x0000,0x0eba,0x028a,0x0faa,0x02fe,0x0e8a,0x02aa,0x0eba,0x0000} }, /* U+5B7A 孺 */
    { 0x5b80u, {0x00f0,0x0010,0x0010,0x0010,0x0010,0x001e,0x0010,0x0010,0x0010,0x0010,0x00f0,0x0000} }, /* U+5B80 宀 */
    { 0x5b83u, {0x001c,0x0004,0x07f4,0x0884,0x0884,0x0887,0x0844,0x0844,0x0844,0x0e04,0x001c,0x0000} }, /* U+5B83 它 */
    { 0x5b85u, {0x011c,0x0104,0x0124,0x0124,0x0fe4,0x08a7,0x0894,0x0894,0x0894,0x0884,0x0c1c,0x0000} }, /* U+5B85 宅 */
    { 0x5b87u, {0x011c,0x0104,0x0124,0x0924,0x0924,0x0fe7,0x0124,0x0124,0x0124,0x0104,0x011c,0x0000} }, /* U+5B87 宇 */
    { 0x5b88u, {0x005c,0x0044,0x0144,0x0244,0x0044,0x0847,0x0844,0x0ff4,0x0044,0x0044,0x005c,0x0000} }, /* U+5B88 守 */
    { 0x5b89u, {0x005c,0x0844,0x0a44,0x0bc4,0x0474,0x0447,0x0444,0x0644,0x09c4,0x0844,0x005c,0x0000} }, /* U+5B89 安 */
    { 0x5b8bu, {0x045c,0x0444,0x0244,0x0244,0x0144,0x0ff7,0x0044,0x0144,0x0244,0x0444,0x045c,0x0000} }, /* U+5B8B 宋 */
    { 0x5b8cu, {0x081c,0x0884,0x0494,0x0394,0x0094,0x0097,0x0f94,0x0894,0x0894,0x0884,0x0c1c,0x0000} }, /* U+5B8C 完 */
    { 0x5b8du, {0x084c,0x0444,0x0244,0x0044,0x0044,0x0077,0x0044,0x0044,0x0244,0x0444,0x084c,0x0000} }, /* U+5B8D 宍 */
    { 0x5b8fu, {0x001c,0x0c24,0x0324,0x00e4,0x0c3c,0x0b27,0x08e4,0x0824,0x0424,0x0384,0x0c1c,0x0000} }, /* U+5B8F 宏 */
    { 0x5b95u, {0x040c,0x0424,0x0224,0x0f24,0x09e4,0x0927,0x0924,0x0924,0x0924,0x0f24,0x000c,0x0000} }, /* U+5B95 宕 */
    { 0x5b97u, {0x041c,0x0284,0x0084,0x0094,0x0894,0x0f97,0x0094,0x0094,0x0084,0x0284,0x041c,0x0000} }, /* U+5B97 宗 */
    { 0x5b98u, {0x003c,0x0004,0x0ff4,0x0954,0x0954,0x0957,0x0954,0x0974,0x0f04,0x0004,0x003c,0x0000} }, /* U+5B98 官 */
    { 0x5b99u, {0x000c,0x0fe4,0x0924,0x0924,0x0924,0x0fff,0x0924,0x0924,0x0924,0x0fe4,0x000c,0x0000} }, /* U+5B99 宙 */
    { 0x5b9au, {0x081c,0x0804,0x0724,0x0424,0x0424,0x07e7,0x0924,0x0924,0x0924,0x0924,0x080c,0x0000} }, /* U+5B9A 定 */
    { 0x5b9bu, {0x090c,0x08f4,0x04a4,0x0524,0x03e4,0x0007,0x07e4,0x0824,0x0924,0x09e4,0x0c1c,0x0000} }, /* U+5B9B 宛 */
    { 0x5b9cu, {0x081c,0x0804,0x0ff4,0x0954,0x0954,0x0957,0x0954,0x0954,0x0ff4,0x0804,0x081c,0x0000} }, /* U+5B9C 宜 */
    { 0x5b9du, {0x081c,0x0804,0x0924,0x0924,0x0924,0x0fe7,0x0924,0x0924,0x0824,0x0904,0x0a1c,0x0000} }, /* U+5B9D 宝 */
    { 0x5b9fu, {0x090c,0x0904,0x0554,0x0554,0x0354,0x01ff,0x0354,0x0554,0x0554,0x0904,0x090c,0x0000} }, /* U+5B9F 実 */
    { 0x5ba2u, {0x009c,0x00a4,0x0f94,0x094c,0x0954,0x0927,0x0924,0x0954,0x0f4c,0x0084,0x009c,0x0000} }, /* U+5BA2 客 */
    { 0x5ba3u, {0x081c,0x0804,0x0bf4,0x0a54,0x0a54,0x0a57,0x0a54,0x0a54,0x0bf4,0x0804,0x081c,0x0000} }, /* U+5BA3 宣 */
    { 0x5ba4u, {0x081c,0x0884,0x0a94,0x0ad4,0x0ab4,0x0f97,0x0a94,0x0ab4,0x0ad4,0x0884,0x081c,0x0000} }, /* U+5BA4 室 */
    { 0x5ba5u, {0x010c,0x0094,0x0fd4,0x0574,0x055c,0x0557,0x0554,0x0554,0x0554,0x0fd4,0x000c,0x0000} }, /* U+5BA5 宥 */
    { 0x5ba6u, {0x003c,0x0004,0x0ff4,0x0954,0x0954,0x0957,0x0f74,0x0954,0x09d4,0x0814,0x003c,0x0000} }, /* U+5BA6 宦 */
    { 0x5baeu, {0x003c,0x0004,0x0f04,0x0974,0x09d4,0x0957,0x0954,0x0974,0x0f04,0x0004,0x003c,0x0000} }, /* U+5BAE 宮 */
    { 0x5bb0u, {0x008c,0x0294,0x0294,0x02f4,0x0294,0x0f9f,0x0294,0x02f4,0x0294,0x0294,0x008c,0x0000} }, /* U+5BB0 宰 */
    { 0x5bb3u, {0x011c,0x0104,0x0f54,0x0954,0x0954,0x09ff,0x0954,0x0954,0x0f54,0x0104,0x011c,0x0000} }, /* U+5BB3 害 */
    { 0x5bb4u, {0x011c,0x0904,0x097c,0x0754,0x05d4,0x0557,0x0554,0x0554,0x0b7c,0x0904,0x011c,0x0000} }, /* U+5BB4 宴 */
    { 0x5bb5u, {0x000c,0x0fe4,0x02ac,0x02b4,0x02a4,0x02bf,0x02a4,0x02b4,0x0aac,0x0fe4,0x000c,0x0000} }, /* U+5BB5 宵 */
    { 0x5bb6u, {0x041c,0x0484,0x04b4,0x0294,0x0a54,0x0977,0x0794,0x0114,0x0294,0x0444,0x041c,0x0000} }, /* U+5BB6 家 */
    { 0x5bb8u, {0x060c,0x01f4,0x0914,0x0f54,0x0954,0x0957,0x0354,0x0554,0x0554,0x0b54,0x091c,0x0000} }, /* U+5BB8 宸 */
    { 0x5bb9u, {0x021c,0x0124,0x0f94,0x094c,0x0924,0x0927,0x0924,0x094c,0x0f94,0x0124,0x021c,0x0000} }, /* U+5BB9 容 */
    { 0x5bbfu, {0x009c,0x0fc4,0x0034,0x0014,0x0fd4,0x0957,0x0974,0x0954,0x0954,0x0fd4,0x001c,0x0000} }, /* U+5BBF 宿 */
    { 0x5bc2u, {0x069c,0x0884,0x0ffc,0x00a4,0x06a4,0x0887,0x0814,0x0594,0x0614,0x09f4,0x081c,0x0000} }, /* U+5BC2 寂 */
    { 0x5bc3u, {0x085c,0x09e4,0x0554,0x0554,0x0354,0x01d7,0x0754,0x0974,0x0b54,0x09c4,0x0c1c,0x0000} }, /* U+5BC3 寃 */
    { 0x5bc4u, {0x009c,0x0084,0x0e94,0x0ad4,0x0ab4,0x0e9f,0x00b4,0x08d4,0x0f94,0x0084,0x009c,0x0000} }, /* U+5BC4 寄 */
    { 0x5bc5u, {0x081c,0x0804,0x07d4,0x0554,0x0554,0x07f7,0x0554,0x0554,0x07d4,0x0804,0x081c,0x0000} }, /* U+5BC5 寅 */
    { 0x5bc6u, {0x002c,0x0e94,0x0884,0x08b4,0x0844,0x0f4f,0x08a4,0x0894,0x0884,0x0ed4,0x002c,0x0000} }, /* U+5BC6 密 */
    { 0x5bc7u, {0x0c8c,0x0394,0x0094,0x0794,0x0884,0x0a47,0x0ac4,0x097c,0x0954,0x0ad4,0x0c0c,0x0000} }, /* U+5BC7 寇 */
    { 0x5bc9u, {0x009c,0x0044,0x0fe4,0x0abc,0x0aa4,0x0aa7,0x0ff4,0x0aac,0x0aa4,0x0aa4,0x081c,0x0000} }, /* U+5BC9 寉 */
    { 0x5bccu, {0x001c,0x0f84,0x0a94,0x0af4,0x0a94,0x0f97,0x0a94,0x0af4,0x0a94,0x0f84,0x001c,0x0000} }, /* U+5BCC 富 */
    { 0x5bd0u, {0x0d0c,0x0374,0x0144,0x0ffc,0x0484,0x02a7,0x09a4,0x0ffc,0x00a4,0x02a4,0x04ac,0x0000} }, /* U+5BD0 寐 */
    { 0x5bd2u, {0x025c,0x0244,0x0154,0x04fc,0x0554,0x0957,0x0a54,0x0afc,0x0154,0x0244,0x025c,0x0000} }, /* U+5BD2 寒 */
    { 0x5bd3u, {0x0f0c,0x0104,0x057c,0x0554,0x0554,0x07ff,0x0554,0x0554,0x077c,0x0904,0x0f0c,0x0000} }, /* U+5BD3 寓 */
    { 0x5bd4u, {0x089c,0x0884,0x0684,0x04fc,0x0494,0x0797,0x0a94,0x0afc,0x0a84,0x0884,0x089c,0x0000} }, /* U+5BD4 寔 */
    { 0x5bdbu, {0x080c,0x0814,0x05f4,0x055c,0x0354,0x0157,0x0f54,0x095c,0x09f4,0x0814,0x0c0c,0x0000} }, /* U+5BDB 寛 */
    { 0x5bddu, {0x024c,0x0ff4,0x0004,0x08c4,0x0954,0x0757,0x0554,0x0554,0x0554,0x0b74,0x08cc,0x0000} }, /* U+5BDD 寝 */
    { 0x5bdeu, {0x091c,0x0914,0x05f4,0x035c,0x0154,0x0157,0x0154,0x035c,0x05f4,0x0914,0x091c,0x0000} }, /* U+5BDE 寞 */
    { 0x5bdfu, {0x095c,0x0544,0x0134,0x0164,0x095c,0x0f47,0x0154,0x0164,0x013c,0x0544,0x095c,0x0000} }, /* U+5BDF 察 */
    { 0x5be1u, {0x025c,0x0944,0x09c4,0x057c,0x0354,0x0157,0x0954,0x097c,0x07c4,0x0144,0x025c,0x0000} }, /* U+5BE1 寡 */
    { 0x5be2u, {0x0d0c,0x0374,0x0144,0x0ff4,0x0944,0x0b57,0x0554,0x0554,0x0754,0x09f4,0x0b4c,0x0000} }, /* U+5BE2 寢 */
    { 0x5be4u, {0x0d0c,0x0374,0x0144,0x0ffc,0x0104,0x0f57,0x09d4,0x0974,0x0954,0x0fd4,0x011c,0x0000} }, /* U+5BE4 寤 */
    { 0x5be5u, {0x010c,0x0154,0x08ac,0x0a94,0x0a7c,0x0947,0x0554,0x04ac,0x0294,0x0104,0x013c,0x0000} }, /* U+5BE5 寥 */
    { 0x5be6u, {0x081c,0x0814,0x07fc,0x0554,0x0554,0x057f,0x0554,0x0554,0x07fc,0x0814,0x081c,0x0000} }, /* U+5BE6 實 */
    { 0x5be7u, {0x022c,0x0394,0x0284,0x0a9c,0x0ba4,0x0ea7,0x03ac,0x02a4,0x0284,0x0394,0x022c,0x0000} }, /* U+5BE7 寧 */
    { 0x5be8u, {0x095c,0x0944,0x04d4,0x057c,0x0354,0x0fd7,0x0154,0x057c,0x04d4,0x0944,0x094c,0x0000} }, /* U+5BE8 寨 */
    { 0x5be9u, {0x012c,0x0124,0x0fac,0x0af4,0x0aa4,0x0fff,0x0aa4,0x0af4,0x0fac,0x0124,0x012c,0x0000} }, /* U+5BE9 審 */
    { 0x5bebu, {0x020c,0x0904,0x05f4,0x0154,0x0d4c,0x0107,0x0d54,0x0154,0x0df4,0x0904,0x070c,0x0000} }, /* U+5BEB 寫 */
    { 0x5beeu, {0x088c,0x04b4,0x0054,0x01f4,0x0954,0x0f5f,0x0154,0x01f4,0x0054,0x04b4,0x088c,0x0000} }, /* U+5BEE 寮 */
    { 0x5bf0u, {0x045c,0x0444,0x0ddc,0x0b54,0x095c,0x0957,0x035c,0x0554,0x05dc,0x0a44,0x095c,0x0000} }, /* U+5BF0 寰 */
    { 0x5bf3u, {0x084c,0x0854,0x07fc,0x0554,0x0544,0x056f,0x0554,0x0544,0x07fc,0x0814,0x082c,0x0000} }, /* U+5BF3 寳 */
    { 0x5bf5u, {0x0fdc,0x0574,0x055c,0x0554,0x0ff4,0x0047,0x0fb4,0x0aac,0x0aa4,0x0aa4,0x0aec,0x0000} }, /* U+5BF5 寵 */
    { 0x5bf6u, {0x084c,0x0854,0x07d4,0x057c,0x0554,0x0547,0x057c,0x0554,0x07fc,0x0854,0x086c,0x0000} }, /* U+5BF6 寶 */
    { 0x5bf8u, {0x0008,0x0008,0x0048,0x0088,0x0008,0x0808,0x0808,0x0fff,0x0008,0x0008,0x0008,0x0000} }, /* U+5BF8 寸 */
    { 0x5bfau, {0x00a0,0x00a4,0x02a4,0x04a4,0x00a4,0x08bf,0x08a4,0x0fe4,0x00a4,0x00a4,0x00a0,0x0000} }, /* U+5BFA 寺 */
    { 0x5bfeu, {0x0848,0x0488,0x030f,0x02f8,0x0400,0x0048,0x0088,0x0008,0x0808,0x0fff,0x0008,0x0000} }, /* U+5BFE 対 */
    { 0x5bffu, {0x0144,0x0544,0x0354,0x0154,0x05d4,0x097f,0x0154,0x0954,0x0fd4,0x0144,0x0144,0x0000} }, /* U+5BFF 寿 */
    { 0x5c01u, {0x0924,0x0924,0x0fff,0x0924,0x0924,0x0820,0x0048,0x0088,0x0008,0x0808,0x0fff,0x0000} }, /* U+5C01 封 */
    { 0x5c02u, {0x0104,0x0104,0x05f4,0x0954,0x0154,0x01ff,0x0954,0x0954,0x0ff4,0x0104,0x0104,0x0000} }, /* U+5C02 専 */
    { 0x5c0du, {0x0a94,0x0afe,0x0f90,0x0a9e,0x0af4,0x0a92,0x0008,0x0048,0x0088,0x0808,0x0fff,0x0000} }, /* U+5C0D 對 */
    { 0x5c0eu, {0x0124,0x01a8,0x0160,0x0504,0x09f4,0x0157,0x0154,0x095c,0x0f56,0x01f5,0x0104,0x0000} }, /* U+5C0E 導 */
    { 0x5c0fu, {0x0180,0x0070,0x0000,0x0800,0x0800,0x0ffe,0x0000,0x0000,0x0000,0x0030,0x01c0,0x0000} }, /* U+5C0F 小 */
    { 0x5c11u, {0x0040,0x0820,0x0818,0x0800,0x0480,0x04ff,0x0200,0x0200,0x0108,0x0090,0x0020,0x0000} }, /* U+5C11 少 */
    { 0x5c13u, {0x0220,0x0110,0x008f,0x0008,0x0808,0x0808,0x0ff8,0x0008,0x0088,0x0108,0x0208,0x0000} }, /* U+5C13 尓 */
    { 0x5c16u, {0x0890,0x0888,0x0484,0x0480,0x0290,0x01df,0x0280,0x0480,0x0484,0x0888,0x0890,0x0000} }, /* U+5C16 尖 */
    { 0x5c1au, {0x0fe0,0x0024,0x0028,0x07a0,0x04a0,0x04bf,0x04a0,0x07a0,0x0028,0x0824,0x0fe0,0x0000} }, /* U+5C1A 尚 */
    { 0x5c20u, {0x0f84,0x0afe,0x0994,0x0894,0x0bfe,0x0a08,0x0880,0x04ff,0x0400,0x0208,0x0110,0x0000} }, /* U+5C20 尠 */
    { 0x5c22u, {0x0808,0x0808,0x0408,0x0308,0x00f8,0x000f,0x0ff8,0x0808,0x0808,0x0808,0x0e08,0x0000} }, /* U+5C22 尢 */
    { 0x5c24u, {0x0808,0x0808,0x0408,0x0308,0x00c8,0x003f,0x07c8,0x0808,0x0808,0x080a,0x0e04,0x0000} }, /* U+5C24 尤 */
    { 0x5c28u, {0x0c10,0x0310,0x00ff,0x0010,0x07f2,0x0814,0x0810,0x0924,0x0924,0x0892,0x0c92,0x0000} }, /* U+5C28 尨 */
    { 0x5c2du, {0x0820,0x0924,0x0524,0x05f4,0x0324,0x013f,0x0724,0x09f4,0x0924,0x0924,0x0c20,0x0000} }, /* U+5C2D 尭 */
    { 0x5c31u, {0x06f4,0x0894,0x0f97,0x0294,0x00f4,0x0c08,0x0388,0x007f,0x0fc8,0x0808,0x0e0e,0x0000} }, /* U+5C31 就 */
    { 0x5c45u, {0x0600,0x01fe,0x002a,0x0f2a,0x092a,0x092a,0x09fa,0x092a,0x092a,0x0f2e,0x0020,0x0000} }, /* U+5C45 居 */
    { 0x5c46u, {0x0600,0x01fe,0x0012,0x0fd2,0x0812,0x0a92,0x0a92,0x0bf2,0x0a92,0x0a92,0x0fde,0x0000} }, /* U+5C46 屆 */
    { 0x5c48u, {0x0600,0x01fe,0x000a,0x0e0a,0x08ea,0x088a,0x088a,0x0ffa,0x088a,0x088a,0x0eee,0x0000} }, /* U+5C48 屈 */
    { 0x5c4au, {0x0600,0x01fe,0x0012,0x0fd2,0x0952,0x0952,0x0ff2,0x0952,0x0952,0x0952,0x0fde,0x0000} }, /* U+5C4A 届 */
    { 0x5c4bu, {0x0600,0x01fe,0x082a,0x0aaa,0x0aea,0x0aaa,0x0faa,0x0aaa,0x0aea,0x0aaa,0x092e,0x0000} }, /* U+5C4B 屋 */
    { 0x5c4du, {0x0600,0x01fe,0x092a,0x0aea,0x04aa,0x03aa,0x002a,0x07ea,0x092a,0x092a,0x0cae,0x0000} }, /* U+5C4D 屍 */
    { 0x5c4eu, {0x0600,0x01fe,0x0492,0x04b2,0x02d2,0x0192,0x0ff2,0x0092,0x02d2,0x04b2,0x049e,0x0000} }, /* U+5C4E 屎 */
    { 0x5c4fu, {0x0600,0x01fe,0x080a,0x094a,0x055a,0x03ea,0x014a,0x014a,0x0fea,0x015a,0x014e,0x0000} }, /* U+5C4F 屏 */
    { 0x5c50u, {0x0600,0x01fe,0x012a,0x0f9a,0x004a,0x08aa,0x0baa,0x04aa,0x04fa,0x0baa,0x082e,0x0000} }, /* U+5C50 屐 */
    { 0x5c51u, {0x0600,0x01fe,0x000a,0x0fda,0x056a,0x054a,0x057a,0x054a,0x056a,0x055a,0x0fce,0x0000} }, /* U+5C51 屑 */
    { 0x5c53u, {0x0600,0x01fe,0x080a,0x0bfa,0x06aa,0x02aa,0x02aa,0x02aa,0x02aa,0x07fa,0x080e,0x0000} }, /* U+5C53 屓 */
    { 0x5c55u, {0x0600,0x01fe,0x092a,0x0f2a,0x09fa,0x092a,0x032a,0x052a,0x05fa,0x0b2a,0x092e,0x0000} }, /* U+5C55 展 */
    { 0x5c5eu, {0x0300,0x00fe,0x0f0a,0x017a,0x054a,0x054a,0x07fa,0x054a,0x054a,0x097a,0x0f0e,0x0000} }, /* U+5C5E 属 */
    { 0x5c60u, {0x0600,0x01fe,0x048a,0x02aa,0x0faa,0x0afa,0x0aaa,0x0aaa,0x0aea,0x0faa,0x009e,0x0000} }, /* U+5C60 屠 */
    { 0x5c61u, {0x0300,0x08fe,0x092a,0x09ba,0x076a,0x052a,0x05fa,0x052a,0x0b6a,0x09ba,0x092e,0x0000} }, /* U+5C61 屡 */
    { 0x5c64u, {0x0600,0x01fe,0x000a,0x00fa,0x0faa,0x0aaa,0x0aaa,0x0afa,0x0aaa,0x0faa,0x00fe,0x0000} }, /* U+5C64 層 */
    { 0x5c65u, {0x0600,0x01fe,0x0f2a,0x009a,0x0a4a,0x09fa,0x072a,0x052a,0x052a,0x0bea,0x092e,0x0000} }, /* U+5C65 履 */
    { 0x5c6cu, {0x03fe,0x090a,0x0bfa,0x0aaa,0x0fea,0x0aba,0x0aea,0x07aa,0x08ba,0x08ea,0x078e,0x0000} }, /* U+5C6C 屬 */
    { 0x5c6eu, {0x01fc,0x0880,0x0880,0x0880,0x0480,0x03ff,0x0080,0x0080,0x0080,0x0080,0x01fc,0x0000} }, /* U+5C6E 屮 */
    { 0x5c6fu, {0x0008,0x01e8,0x0088,0x0088,0x0088,0x0fff,0x0884,0x0884,0x0884,0x08f4,0x0e04,0x0000} }, /* U+5C6F 屯 */
    { 0x5c71u, {0x0fe0,0x0800,0x0800,0x0800,0x0800,0x0ffe,0x0800,0x0800,0x0800,0x0800,0x0fe0,0x0000} }, /* U+5C71 山 */
    { 0x5c76u, {0x0840,0x085e,0x0450,0x0250,0x01d0,0x005f,0x0850,0x0850,0x0850,0x045e,0x03c0,0x0000} }, /* U+5C76 屶 */
    { 0x5c79u, {0x07f0,0x0400,0x07fe,0x0400,0x07f0,0x0010,0x062f,0x0924,0x08a4,0x0864,0x0e24,0x0000} }, /* U+5C79 屹 */
    { 0x5c8cu, {0x0c16,0x0314,0x08f4,0x0894,0x0994,0x0a97,0x0494,0x0494,0x04d4,0x0ab4,0x0986,0x0000} }, /* U+5C8C 岌 */
    { 0x5c90u, {0x03f0,0x0200,0x03fe,0x0a04,0x0824,0x09a4,0x0624,0x043f,0x0624,0x09e4,0x0804,0x0000} }, /* U+5C90 岐 */
    { 0x5c91u, {0x008e,0x0048,0x0128,0x0158,0x0148,0x094f,0x0948,0x0558,0x0328,0x0048,0x008e,0x0000} }, /* U+5C91 岑 */
    { 0x5c94u, {0x0e10,0x0888,0x0894,0x0852,0x0830,0x0f92,0x0892,0x0892,0x0874,0x0808,0x0e10,0x0000} }, /* U+5C94 岔 */
    { 0x5ca1u, {0x0ffe,0x0002,0x0742,0x047a,0x0442,0x07c2,0x0462,0x045a,0x0742,0x0802,0x0ffe,0x0000} }, /* U+5CA1 岡 */
    { 0x5ca8u, {0x03e0,0x0200,0x03fe,0x0200,0x0800,0x0ffe,0x0892,0x0892,0x0892,0x0892,0x0ffe,0x0000} }, /* U+5CA8 岨 */
    { 0x5ca9u, {0x0220,0x022e,0x0f28,0x09a8,0x0968,0x092f,0x0928,0x0928,0x0928,0x0f2e,0x0020,0x0000} }, /* U+5CA9 岩 */
    { 0x5cabu, {0x07f0,0x0400,0x07fe,0x0400,0x0ff8,0x0888,0x0888,0x0fff,0x0888,0x0888,0x0ff8,0x0000} }, /* U+5CAB 岫 */
    { 0x5cacu, {0x07f0,0x0400,0x07fe,0x0400,0x06fe,0x0092,0x0092,0x0ffe,0x0092,0x0092,0x00fe,0x0000} }, /* U+5CAC 岬 */
    { 0x5cb1u, {0x0e10,0x08f8,0x0806,0x0808,0x0808,0x0f88,0x080f,0x0838,0x0848,0x088a,0x0e84,0x0000} }, /* U+5CB1 岱 */
    { 0x5cb3u, {0x0080,0x0e80,0x08fc,0x0894,0x0894,0x0f94,0x0892,0x08f2,0x0892,0x0e90,0x0080,0x0000} }, /* U+5CB3 岳 */
    { 0x5cb6u, {0x07f0,0x0400,0x07fe,0x0400,0x0400,0x0ff8,0x088c,0x088b,0x0888,0x0888,0x0ff8,0x0000} }, /* U+5CB6 岶 */
    { 0x5cb7u, {0x07f0,0x0400,0x07fe,0x0400,0x0400,0x0ffe,0x0892,0x0892,0x00f2,0x0392,0x0c9e,0x0000} }, /* U+5CB7 岷 */
    { 0x5cb8u, {0x0600,0x01f6,0x0214,0x0254,0x0254,0x0254,0x0fd7,0x0254,0x0254,0x0254,0x0216,0x0000} }, /* U+5CB8 岸 */
    { 0x5cbbu, {0x07f0,0x0400,0x07fe,0x0400,0x0800,0x0bfc,0x0a24,0x0a24,0x083c,0x08e2,0x0b22,0x0000} }, /* U+5CBB 岻 */
    { 0x5cbcu, {0x07f0,0x0400,0x07fe,0x0400,0x078a,0x0092,0x0082,0x0ffe,0x0082,0x0092,0x008a,0x0000} }, /* U+5CBC 岼 */
    { 0x5cbeu, {0x07f0,0x0400,0x07fe,0x0400,0x0ff0,0x0880,0x0880,0x08ff,0x0888,0x0888,0x0f88,0x0000} }, /* U+5CBE 岾 */
    { 0x5cc5u, {0x07f0,0x0400,0x07fe,0x0400,0x0488,0x0c8c,0x03ea,0x0089,0x0088,0x0fe8,0x008c,0x0000} }, /* U+5CC5 峅 */
    { 0x5cc7u, {0x008e,0x0048,0x0f28,0x0958,0x0948,0x094f,0x0948,0x0958,0x0f28,0x0048,0x008e,0x0000} }, /* U+5CC7 峇 */
    { 0x5cd9u, {0x07f0,0x0400,0x07fe,0x0400,0x00a0,0x02a4,0x04a4,0x00bf,0x08a4,0x0fe4,0x00a4,0x0000} }, /* U+5CD9 峙 */
    { 0x5ce0u, {0x07f0,0x0400,0x07fe,0x0400,0x07f0,0x00a0,0x00a0,0x0fbf,0x02a4,0x04a4,0x00a0,0x0000} }, /* U+5CE0 峠 */
    { 0x5ce1u, {0x07f0,0x0400,0x07fe,0x0884,0x0894,0x04a4,0x0284,0x01ff,0x0284,0x04a4,0x0894,0x0000} }, /* U+5CE1 峡 */
    { 0x5ce8u, {0x07f0,0x0400,0x07fe,0x0520,0x0922,0x0ffe,0x0892,0x0410,0x04ff,0x0310,0x0cd6,0x0000} }, /* U+5CE8 峨 */
    { 0x5ce9u, {0x0256,0x0a54,0x0ff4,0x0154,0x0954,0x0847,0x0474,0x05c4,0x0244,0x0554,0x08a6,0x0000} }, /* U+5CE9 峩 */
    { 0x5ceau, {0x07f0,0x0400,0x07fe,0x0400,0x0480,0x0f44,0x0922,0x0910,0x0910,0x0922,0x0f44,0x0000} }, /* U+5CEA 峪 */
    { 0x5cedu, {0x07f0,0x0400,0x07fe,0x0400,0x0408,0x0fe4,0x02a0,0x02bf,0x02a0,0x0aa4,0x0fe8,0x0000} }, /* U+5CED 峭 */
    { 0x5cefu, {0x0486,0x0494,0x0554,0x054c,0x0534,0x0fa7,0x0524,0x055c,0x0544,0x0484,0x0486,0x0000} }, /* U+5CEF 峯 */
    { 0x5cf0u, {0x07f0,0x0400,0x07fe,0x0400,0x07a4,0x0424,0x055a,0x0552,0x0ff2,0x055a,0x0566,0x0000} }, /* U+5CF0 峰 */
    { 0x5cf6u, {0x0000,0x0c00,0x09fc,0x0f54,0x0956,0x0955,0x0d54,0x0154,0x097c,0x0940,0x0740,0x0000} }, /* U+5CF6 島 */
    { 0x5cfau, {0x07f0,0x0400,0x07fe,0x0c00,0x08fa,0x05aa,0x02aa,0x03fe,0x04aa,0x08aa,0x08fa,0x0000} }, /* U+5CFA 峺 */
    { 0x5cfbu, {0x07f0,0x0400,0x07fe,0x0808,0x0948,0x0b4c,0x04bb,0x0488,0x06b8,0x09ce,0x0868,0x0000} }, /* U+5CFB 峻 */
    { 0x5cfdu, {0x07f0,0x0400,0x07fe,0x0c00,0x08c4,0x0434,0x0244,0x01ff,0x0244,0x0434,0x08c4,0x0000} }, /* U+5CFD 峽 */
    { 0x5d07u, {0x0930,0x0516,0x0154,0x0154,0x0954,0x0f5f,0x0154,0x0154,0x0154,0x0516,0x0930,0x0000} }, /* U+5D07 崇 */
    { 0x5d0bu, {0x0446,0x0554,0x05f4,0x0554,0x0554,0x0ff7,0x0554,0x0554,0x05f4,0x0554,0x0446,0x0000} }, /* U+5D0B 崋 */
    { 0x5d0eu, {0x07f0,0x0400,0x07fe,0x0400,0x0064,0x0754,0x054c,0x0747,0x004c,0x0854,0x0fe4,0x0000} }, /* U+5D0E 崎 */
    { 0x5d11u, {0x0806,0x0ffc,0x0954,0x0954,0x0954,0x0057,0x07d4,0x0954,0x0954,0x097c,0x0d06,0x0000} }, /* U+5D11 崑 */
    { 0x5d1fu, {0x088e,0x0948,0x0b28,0x0d58,0x0948,0x0fcf,0x0948,0x0d58,0x0b28,0x0948,0x088e,0x0000} }, /* U+5D1F 崟 */
    { 0x5d22u, {0x07f0,0x0400,0x07fe,0x0400,0x0498,0x02a6,0x0aa2,0x0aae,0x0fe2,0x02a6,0x03ea,0x0000} }, /* U+5D22 崢 */
    { 0x5d29u, {0x0c06,0x03f4,0x0154,0x0954,0x0ff4,0x0007,0x0ff4,0x0154,0x0154,0x0954,0x0ff6,0x0000} }, /* U+5D29 崩 */
    { 0x5d4bu, {0x07f0,0x0400,0x07fe,0x0c00,0x03fe,0x000a,0x0fea,0x0aae,0x0aaa,0x0aaa,0x0fee,0x0000} }, /* U+5D4B 嵋 */
    { 0x5d4cu, {0x0ff6,0x0924,0x0924,0x0ff4,0x0024,0x0987,0x087c,0x0424,0x03e4,0x0424,0x08e6,0x0000} }, /* U+5D4C 嵌 */
    { 0x5d4eu, {0x07f0,0x0400,0x07fe,0x0400,0x0fbe,0x04aa,0x07aa,0x04fe,0x06aa,0x08aa,0x0fbe,0x0000} }, /* U+5D4E 嵎 */
    { 0x5d50u, {0x0c06,0x03fc,0x0414,0x05d4,0x0554,0x07f7,0x0554,0x05d4,0x0614,0x01fc,0x0e06,0x0000} }, /* U+5D50 嵐 */
    { 0x5d52u, {0x0ef0,0x0890,0x089e,0x0892,0x08f2,0x0f12,0x08f2,0x0892,0x089e,0x0890,0x0ef0,0x0000} }, /* U+5D52 嵒 */
    { 0x5d5cu, {0x0086,0x0094,0x0e94,0x0af4,0x0a94,0x0a9f,0x0e94,0x00f4,0x0894,0x0f94,0x0086,0x0000} }, /* U+5D5C 嵜 */
    { 0x5d69u, {0x0f10,0x0116,0x0114,0x0774,0x0554,0x055f,0x0554,0x0774,0x0114,0x0916,0x0f10,0x0000} }, /* U+5D69 嵩 */
    { 0x5d6cu, {0x0806,0x09f4,0x0554,0x0554,0x035c,0x01f7,0x0f54,0x0954,0x0b54,0x09f4,0x0c06,0x0000} }, /* U+5D6C 嵬 */
    { 0x5d6fu, {0x03f0,0x0200,0x03fe,0x0200,0x0a44,0x0957,0x09d4,0x097c,0x0f56,0x0955,0x0954,0x0000} }, /* U+5D6F 嵯 */
    { 0x5d73u, {0x0516,0x0554,0x0b54,0x095c,0x0954,0x09f7,0x0f54,0x095c,0x0954,0x0954,0x0916,0x0000} }, /* U+5D73 嵳 */
    { 0x5d76u, {0x07f0,0x0400,0x07fe,0x0400,0x02f2,0x0952,0x0fde,0x0400,0x02f2,0x0952,0x0fde,0x0000} }, /* U+5D76 嵶 */
    { 0x5d82u, {0x07f0,0x0400,0x07fe,0x0400,0x05f4,0x0554,0x055c,0x0f57,0x0554,0x055c,0x05f4,0x0000} }, /* U+5D82 嶂 */
    { 0x5d84u, {0x05f6,0x0554,0x0ffc,0x0554,0x05f4,0x0c17,0x03f4,0x0094,0x0094,0x0f94,0x0096,0x0000} }, /* U+5D84 嶄 */
    { 0x5d87u, {0x07f0,0x0400,0x07fe,0x0400,0x0ffe,0x0a82,0x0bba,0x082a,0x0baa,0x0aba,0x0b82,0x0000} }, /* U+5D87 嶇 */
    { 0x5d8bu, {0x07f0,0x0400,0x0ffc,0x0000,0x0dfc,0x0154,0x0d56,0x0155,0x0954,0x097c,0x0740,0x0000} }, /* U+5D8B 嶋 */
    { 0x5d8cu, {0x0806,0x0404,0x01f4,0x0d54,0x015c,0x0d57,0x0154,0x0d54,0x01f4,0x0904,0x0f06,0x0000} }, /* U+5D8C 嶌 */
    { 0x5d90u, {0x0ff6,0x0254,0x01b4,0x0924,0x0b24,0x0adf,0x0a94,0x0f94,0x0ad4,0x0b34,0x0906,0x0000} }, /* U+5D90 嶐 */
    { 0x5d9du, {0x07f0,0x0400,0x07fe,0x0400,0x084a,0x0bb2,0x0eaa,0x0aa6,0x0aa8,0x0eb4,0x0baa,0x0000} }, /* U+5D9D 嶝 */
    { 0x5da2u, {0x07f0,0x0400,0x07fe,0x0400,0x0954,0x09f4,0x0754,0x011f,0x0f54,0x09f4,0x0d54,0x0000} }, /* U+5DA2 嶢 */
    { 0x5dacu, {0x07f0,0x0400,0x07fe,0x0400,0x0544,0x0fd7,0x0554,0x097c,0x0bd6,0x0555,0x0b54,0x0000} }, /* U+5DAC 嶬 */
    { 0x5daeu, {0x07f0,0x0400,0x07fe,0x0808,0x05e4,0x032a,0x05ea,0x080a,0x05ea,0x032a,0x0dec,0x0000} }, /* U+5DAE 嶮 */
    { 0x5db7u, {0x09be,0x0954,0x0554,0x03d4,0x0554,0x0947,0x0e94,0x0894,0x0fd4,0x0ab4,0x0a96,0x0000} }, /* U+5DB7 嶷 */
    { 0x5dbau, {0x00b6,0x0fac,0x00a4,0x04a4,0x07ac,0x0817,0x05f4,0x0154,0x015c,0x0554,0x09f6,0x0000} }, /* U+5DBA 嶺 */
    { 0x5dbcu, {0x07f0,0x0400,0x07fe,0x0a00,0x0bfe,0x0692,0x03be,0x0224,0x03e4,0x0692,0x0bfe,0x0000} }, /* U+5DBC 嶼 */
    { 0x5dbdu, {0x0a56,0x0924,0x07d4,0x0004,0x0f54,0x0957,0x0f54,0x0444,0x03f4,0x0444,0x0876,0x0000} }, /* U+5DBD 嶽 */
    { 0x5dc9u, {0x07f0,0x0400,0x07fe,0x0488,0x0bbc,0x0aea,0x06aa,0x03aa,0x0eee,0x0aaa,0x0bb8,0x0000} }, /* U+5DC9 巉 */
    { 0x5dccu, {0x0c00,0x03f6,0x045c,0x07d4,0x0574,0x0fd7,0x085c,0x0774,0x0454,0x0bdc,0x0856,0x0000} }, /* U+5DCC 巌 */
    { 0x5dcdu, {0x0956,0x0734,0x05fc,0x0554,0x0b14,0x09f7,0x0754,0x01fc,0x0f54,0x0954,0x0df6,0x0000} }, /* U+5DCD 巍 */
    { 0x5dd2u, {0x0e54,0x08fa,0x0854,0x0812,0x08ea,0x0fab,0x08ea,0x0812,0x0854,0x08fa,0x0e54,0x0000} }, /* U+5DD2 巒 */
    { 0x5dd3u, {0x07be,0x0c54,0x07d4,0x0554,0x0fd4,0x0407,0x07d4,0x0d54,0x0574,0x0554,0x0fd6,0x0000} }, /* U+5DD3 巓 */
    { 0x5dd6u, {0x0c06,0x03fc,0x0854,0x0fd4,0x057c,0x0557,0x0fdc,0x0854,0x05f4,0x025c,0x0dd6,0x0000} }, /* U+5DD6 巖 */
    { 0x5ddbu, {0x0060,0x0198,0x0e06,0x0000,0x0060,0x0198,0x0e06,0x0000,0x0060,0x0198,0x0e06,0x0000} }, /* U+5DDB 巛 */
    { 0x5dddu, {0x0e00,0x01fe,0x0000,0x0000,0x0000,0x03fc,0x0000,0x0000,0x0000,0x0ffe,0x0000,0x0000} }, /* U+5DDD 川 */
    { 0x5ddeu, {0x00f0,0x0c00,0x03fe,0x0000,0x00f0,0x0000,0x07fe,0x0000,0x00f0,0x0000,0x0ffe,0x0000} }, /* U+5DDE 州 */
    { 0x5de1u, {0x0840,0x0444,0x03c8,0x0400,0x0830,0x084e,0x09b0,0x084e,0x09b0,0x084e,0x0980,0x0000} }, /* U+5DE1 巡 */
    { 0x5de3u, {0x0900,0x0902,0x05fc,0x0528,0x0329,0x0ffa,0x0128,0x032c,0x05fa,0x0901,0x0900,0x0000} }, /* U+5DE3 巣 */
    { 0x5de5u, {0x0400,0x0404,0x0404,0x0404,0x0404,0x07fc,0x0404,0x0404,0x0404,0x0404,0x0400,0x0000} }, /* U+5DE5 工 */
    { 0x5de6u, {0x0004,0x0604,0x0184,0x087c,0x0847,0x0844,0x0844,0x0fc4,0x0844,0x0844,0x0844,0x0000} }, /* U+5DE6 左 */
    { 0x5de7u, {0x0404,0x0404,0x03fc,0x0204,0x0002,0x0302,0x00c2,0x083e,0x0822,0x0422,0x03e2,0x0000} }, /* U+5DE7 巧 */
    { 0x5de8u, {0x0000,0x0ffe,0x0892,0x0892,0x0892,0x0892,0x0892,0x0892,0x08f2,0x0802,0x0802,0x0000} }, /* U+5DE8 巨 */
    { 0x5debu, {0x0902,0x0882,0x0872,0x0882,0x0902,0x0ffe,0x0902,0x0882,0x0872,0x0882,0x0902,0x0000} }, /* U+5DEB 巫 */
    { 0x5deeu, {0x0244,0x0a54,0x0954,0x09d7,0x0954,0x097c,0x0f54,0x0956,0x0955,0x0954,0x0844,0x0000} }, /* U+5DEE 差 */
    { 0x5df1u, {0x0000,0x0fe2,0x0822,0x0822,0x0822,0x0822,0x0822,0x0822,0x083e,0x0f00,0x0000,0x0000} }, /* U+5DF1 己 */
    { 0x5df2u, {0x0000,0x07f2,0x0822,0x0822,0x0822,0x0822,0x0822,0x0822,0x083e,0x0700,0x0000,0x0000} }, /* U+5DF2 已 */
    { 0x5df3u, {0x0000,0x07fe,0x0822,0x0822,0x0822,0x0822,0x0822,0x0822,0x0822,0x083e,0x0e00,0x0000} }, /* U+5DF3 巳 */
    { 0x5df4u, {0x07fe,0x0842,0x0842,0x0842,0x0842,0x087e,0x0842,0x0842,0x0842,0x087e,0x0e00,0x0000} }, /* U+5DF4 巴 */
    { 0x5df5u, {0x0600,0x01fc,0x0014,0x07d4,0x0954,0x0954,0x09d4,0x0952,0x0952,0x09d2,0x0c10,0x0000} }, /* U+5DF5 巵 */
    { 0x5df7u, {0x0210,0x0114,0x0094,0x0f7f,0x0954,0x0954,0x0954,0x09ff,0x0854,0x0c94,0x0090,0x0000} }, /* U+5DF7 巷 */
    { 0x5dfbu, {0x0120,0x0128,0x0eae,0x0ae8,0x0ab8,0x0aaf,0x0aa8,0x0ab8,0x0bec,0x0caa,0x0120,0x0000} }, /* U+5DFB 巻 */
    { 0x5dfdu, {0x0a80,0x0aba,0x06aa,0x03ea,0x02ae,0x0280,0x02ba,0x03ea,0x06aa,0x0aae,0x0ab0,0x0000} }, /* U+5DFD 巽 */
    { 0x5dfeu, {0x03f8,0x0008,0x0008,0x0008,0x0008,0x0fff,0x0008,0x0008,0x0208,0x0208,0x03f8,0x0000} }, /* U+5DFE 巾 */
    { 0x5e02u, {0x0004,0x07e4,0x0024,0x0024,0x0024,0x0fff,0x0024,0x0024,0x0424,0x07e4,0x0004,0x0000} }, /* U+5E02 市 */
    { 0x5e03u, {0x0084,0x0044,0x07e4,0x005c,0x0047,0x0044,0x0ff4,0x0044,0x0444,0x07c4,0x0004,0x0000} }, /* U+5E03 布 */
    { 0x5e06u, {0x03f8,0x0008,0x0ffe,0x0208,0x03f8,0x0c00,0x03fe,0x0022,0x0042,0x0ffe,0x0800,0x0000} }, /* U+5E06 帆 */
    { 0x5e0bu, {0x0040,0x077e,0x014a,0x014a,0x010a,0x0fce,0x011a,0x012a,0x052a,0x074a,0x0048,0x0000} }, /* U+5E0B 帋 */
    { 0x5e0cu, {0x0120,0x0128,0x00aa,0x07ea,0x00a4,0x00b4,0x0fe4,0x00aa,0x04aa,0x07b2,0x0020,0x0000} }, /* U+5E0C 希 */
    { 0x5e11u, {0x0044,0x0f5c,0x0127,0x0124,0x013c,0x0fc4,0x0142,0x015a,0x0922,0x0f32,0x004e,0x0000} }, /* U+5E11 帑 */
    { 0x5e16u, {0x01f0,0x0010,0x0ffe,0x0010,0x00f0,0x0f80,0x0880,0x08ff,0x0888,0x0888,0x0f88,0x0000} }, /* U+5E16 帖 */
    { 0x5e19u, {0x01f0,0x0010,0x0ffe,0x0010,0x09f0,0x084e,0x0448,0x0348,0x00ff,0x0348,0x0c48,0x0040} }, /* U+5E19 帙 */
    { 0x5e1au, {0x00e8,0x0028,0x07aa,0x00aa,0x00aa,0x0fea,0x00aa,0x04aa,0x07be,0x0028,0x00e8,0x0000} }, /* U+5E1A 帚 */
    { 0x5e1bu, {0x0f00,0x017c,0x0154,0x0154,0x0156,0x0fd5,0x0154,0x0154,0x0154,0x097c,0x0f00,0x0000} }, /* U+5E1B 帛 */
    { 0x5e1du, {0x00e4,0x0024,0x0fa4,0x00bc,0x00a4,0x0fe7,0x00a4,0x08bc,0x0fa4,0x0024,0x00e4,0x0000} }, /* U+5E1D 帝 */
    { 0x5e25u, {0x0ffc,0x04a6,0x04a5,0x07bc,0x0000,0x07f8,0x0008,0x0fff,0x0008,0x0408,0x07f8,0x0000} }, /* U+5E25 帥 */
    { 0x5e2bu, {0x0ffc,0x08a6,0x08a5,0x0fbc,0x0002,0x07f2,0x0012,0x0ffe,0x0012,0x0412,0x07f2,0x0000} }, /* U+5E2B 師 */
    { 0x5e2du, {0x0600,0x01fc,0x0014,0x0f14,0x017c,0x0154,0x0fd7,0x0154,0x097c,0x0f14,0x0014,0x0000} }, /* U+5E2D 席 */
    { 0x5e2fu, {0x01c4,0x0044,0x075e,0x0154,0x0154,0x0fdf,0x0154,0x0554,0x075e,0x0044,0x01c4,0x0000} }, /* U+5E2F 帯 */
    { 0x5e30u, {0x00fc,0x0c00,0x03fe,0x0020,0x07aa,0x00aa,0x00aa,0x0fea,0x04aa,0x07be,0x00e0,0x0000} }, /* U+5E30 帰 */
    { 0x5e33u, {0x01f0,0x0010,0x0ffe,0x0010,0x0090,0x0ffe,0x08aa,0x09aa,0x02aa,0x04aa,0x0a82,0x0000} }, /* U+5E33 帳 */
    { 0x5e36u, {0x01d4,0x0054,0x0f4e,0x0144,0x015f,0x0fd4,0x015f,0x0944,0x0f5e,0x0054,0x01d4,0x0000} }, /* U+5E36 帶 */
    { 0x5e37u, {0x01f0,0x0010,0x0ffe,0x0010,0x0020,0x0ff8,0x092f,0x0928,0x0ff8,0x092e,0x0928,0x0000} }, /* U+5E37 帷 */
    { 0x5e38u, {0x001c,0x0f04,0x0106,0x0174,0x0154,0x0fd7,0x0154,0x0174,0x0906,0x0f04,0x001c,0x0000} }, /* U+5E38 常 */
    { 0x5e3du, {0x03f0,0x0010,0x0ffe,0x0010,0x0f90,0x0abe,0x0aaa,0x0aaa,0x0aaa,0x0abe,0x0f80,0x0000} }, /* U+5E3D 帽 */
    { 0x5e40u, {0x01f0,0x0010,0x0ffe,0x0010,0x0810,0x0bf0,0x0650,0x025f,0x0254,0x0654,0x0bf4,0x0000} }, /* U+5E40 幀 */
    { 0x5e43u, {0x01f0,0x0010,0x0ffe,0x0010,0x04f0,0x0714,0x0574,0x055c,0x0fd7,0x0554,0x057c,0x0000} }, /* U+5E43 幃 */
    { 0x5e44u, {0x01f0,0x0010,0x0ffe,0x0010,0x03fe,0x082a,0x0aea,0x0aaa,0x0faa,0x0aea,0x0aae,0x0000} }, /* U+5E44 幄 */
    { 0x5e45u, {0x03f0,0x0010,0x0ffe,0x0010,0x0f82,0x0aba,0x0aaa,0x0faa,0x0aaa,0x0aba,0x0f82,0x0000} }, /* U+5E45 幅 */
    { 0x5e47u, {0x0054,0x0f54,0x017f,0x0154,0x0144,0x0f90,0x0124,0x0104,0x0944,0x0f7f,0x0004,0x0000} }, /* U+5E47 幇 */
    { 0x5e4cu, {0x01f0,0x0010,0x0ffe,0x0810,0x0950,0x05be,0x032a,0x01ea,0x0f2a,0x09aa,0x0d7e,0x0000} }, /* U+5E4C 幌 */
    { 0x5e4eu, {0x01f0,0x0010,0x0ffe,0x0010,0x0a0e,0x0afa,0x06aa,0x03aa,0x02aa,0x06fa,0x0a0e,0x0000} }, /* U+5E4E 幎 */
    { 0x5e54u, {0x01f0,0x0010,0x0ffe,0x0010,0x08e0,0x09be,0x06ea,0x04aa,0x04ea,0x0bbe,0x08e0,0x0000} }, /* U+5E54 幔 */
    { 0x5e55u, {0x0244,0x0144,0x0ff4,0x015f,0x0154,0x0fd4,0x0154,0x095f,0x0ff4,0x0144,0x0244,0x0000} }, /* U+5E55 幕 */
    { 0x5e57u, {0x01f0,0x0010,0x0ffe,0x0010,0x0ffe,0x0aaa,0x0aea,0x0e0e,0x09fa,0x0a4a,0x0ffe,0x0000} }, /* U+5E57 幗 */
    { 0x5e5fu, {0x01f0,0x0010,0x0ffe,0x0024,0x0fbc,0x0aa7,0x0fbc,0x0824,0x04ff,0x0310,0x0cd6,0x0000} }, /* U+5E5F 幟 */
    { 0x5e61u, {0x03f0,0x0010,0x0ffe,0x0090,0x0fd2,0x0ab6,0x0a92,0x0ffe,0x0a9a,0x0ab6,0x0fd2,0x0000} }, /* U+5E61 幡 */
    { 0x5e62u, {0x01f0,0x0010,0x0ffe,0x0010,0x0824,0x0be4,0x0abc,0x0fe7,0x0aa4,0x0abc,0x0be4,0x0000} }, /* U+5E62 幢 */
    { 0x5e63u, {0x007a,0x0f28,0x017f,0x0128,0x014a,0x0ff8,0x0147,0x0134,0x0924,0x0f5c,0x0044,0x0000} }, /* U+5E63 幣 */
    { 0x5e64u, {0x007a,0x0f28,0x012f,0x0138,0x010a,0x0ff8,0x0147,0x0134,0x0924,0x0f5c,0x0044,0x0000} }, /* U+5E64 幤 */
    { 0x5e72u, {0x0040,0x0042,0x0042,0x0042,0x0042,0x0ffe,0x0042,0x0042,0x0042,0x0042,0x0040,0x0000} }, /* U+5E72 干 */
    { 0x5e73u, {0x0082,0x008a,0x0092,0x0082,0x0082,0x0ffe,0x0082,0x0082,0x0092,0x008a,0x0082,0x0000} }, /* U+5E73 平 */
    { 0x5e74u, {0x0110,0x0108,0x01e7,0x0124,0x0124,0x0124,0x0ffc,0x0124,0x0124,0x0124,0x0104,0x0000} }, /* U+5E74 年 */
    { 0x5e75u, {0x0042,0x0042,0x0ffe,0x0042,0x0042,0x0040,0x0042,0x0042,0x0ffe,0x0042,0x0042,0x0000} }, /* U+5E75 幵 */
    { 0x5e76u, {0x0880,0x0888,0x0489,0x03fa,0x0088,0x0088,0x0088,0x0ffc,0x008b,0x0088,0x0080,0x0000} }, /* U+5E76 并 */
    { 0x5e81u, {0x0600,0x01fc,0x0004,0x0024,0x0024,0x0824,0x0827,0x0fe4,0x0024,0x0024,0x0024,0x0000} }, /* U+5E81 庁 */
    { 0x5e83u, {0x0e00,0x01fc,0x0004,0x0c04,0x0b84,0x0877,0x0804,0x0404,0x0404,0x0384,0x0c04,0x0000} }, /* U+5E83 広 */
    { 0x5e84u, {0x0600,0x01fc,0x0004,0x0804,0x0844,0x0844,0x0847,0x0ff4,0x0844,0x0844,0x0844,0x0000} }, /* U+5E84 庄 */
    { 0x5e87u, {0x0600,0x01fc,0x0804,0x0ff4,0x0844,0x0844,0x0007,0x0ff4,0x0844,0x0844,0x0c44,0x0000} }, /* U+5E87 庇 */
    { 0x5e8au, {0x0600,0x01fc,0x0424,0x0424,0x0224,0x0124,0x0fff,0x00a4,0x0124,0x0224,0x0424,0x0000} }, /* U+5E8A 床 */
    { 0x5e8fu, {0x0600,0x01fc,0x0004,0x0084,0x0094,0x0894,0x0897,0x0fd4,0x00b4,0x0294,0x0184,0x0000} }, /* U+5E8F 序 */
    { 0x5e95u, {0x0600,0x01fc,0x0804,0x0bf4,0x0a54,0x0a54,0x0a57,0x08f4,0x0954,0x0a54,0x0a44,0x0000} }, /* U+5E95 底 */
    { 0x5e96u, {0x0600,0x01fc,0x0044,0x0f24,0x095c,0x0954,0x0957,0x0954,0x09d4,0x0a14,0x0df4,0x0000} }, /* U+5E96 庖 */
    { 0x5e97u, {0x0600,0x01fc,0x0004,0x0f04,0x0904,0x0904,0x09ff,0x0924,0x0924,0x0924,0x0f24,0x0000} }, /* U+5E97 店 */
    { 0x5e9au, {0x0600,0x01fc,0x0844,0x0954,0x0554,0x0354,0x01ff,0x0354,0x0554,0x0954,0x09f4,0x0000} }, /* U+5E9A 庚 */
    { 0x5e9cu, {0x0600,0x01fc,0x0044,0x0fe4,0x001c,0x0024,0x00a7,0x0124,0x0824,0x0ffc,0x0024,0x0000} }, /* U+5E9C 府 */
    { 0x5ea0u, {0x0600,0x01fc,0x0004,0x0224,0x02a4,0x02bc,0x02a7,0x0fe4,0x02b4,0x02ac,0x02a4,0x0000} }, /* U+5EA0 庠 */
    { 0x5ea6u, {0x0300,0x08fc,0x0814,0x0914,0x077c,0x0554,0x0557,0x0554,0x0b7c,0x0914,0x0814,0x0000} }, /* U+5EA6 度 */
    { 0x5ea7u, {0x0600,0x01fc,0x0844,0x0924,0x091c,0x0924,0x0fc7,0x0924,0x091c,0x0924,0x0944,0x0000} }, /* U+5EA7 座 */
    { 0x5eabu, {0x0c00,0x03fc,0x0404,0x05f4,0x0554,0x0554,0x0557,0x0ffc,0x0554,0x0554,0x05f4,0x0000} }, /* U+5EAB 庫 */
    { 0x5eadu, {0x0300,0x08fc,0x0894,0x06d4,0x05b4,0x0807,0x0a54,0x0a54,0x0bf4,0x0a54,0x0a54,0x0000} }, /* U+5EAD 庭 */
    { 0x5eb5u, {0x0c00,0x03fc,0x0094,0x07d4,0x02b4,0x029c,0x0ff7,0x0a94,0x0ab4,0x0bd4,0x0c94,0x0000} }, /* U+5EB5 庵 */
    { 0x5eb6u, {0x0980,0x047c,0x0024,0x0424,0x09fc,0x0124,0x0527,0x0924,0x01fc,0x0424,0x0824,0x0000} }, /* U+5EB6 庶 */
    { 0x5eb7u, {0x0600,0x01fc,0x0894,0x0554,0x0254,0x0854,0x0fff,0x0154,0x0254,0x0554,0x08fc,0x0000} }, /* U+5EB7 康 */
    { 0x5eb8u, {0x0600,0x01fc,0x0f14,0x0554,0x0554,0x0554,0x0fff,0x0554,0x0554,0x0554,0x0f7c,0x0000} }, /* U+5EB8 庸 */
    { 0x5ec1u, {0x0600,0x01fc,0x0804,0x07f4,0x0254,0x0254,0x07f7,0x0804,0x03f4,0x0804,0x0ff4,0x0000} }, /* U+5EC1 廁 */
    { 0x5ec2u, {0x0600,0x01fc,0x0624,0x01a4,0x0ffc,0x0224,0x0ff7,0x0954,0x0954,0x0954,0x0ff4,0x0000} }, /* U+5EC2 廂 */
    { 0x5ec3u, {0x0600,0x01fc,0x0884,0x0954,0x0564,0x03dc,0x0147,0x0fdc,0x0964,0x0954,0x0d8c,0x0000} }, /* U+5EC3 廃 */
    { 0x5ec8u, {0x0600,0x01fc,0x0a14,0x09d4,0x0b54,0x0554,0x0557,0x0574,0x0554,0x0b54,0x09d4,0x0000} }, /* U+5EC8 廈 */
    { 0x5ec9u, {0x0600,0x01fc,0x0844,0x0554,0x015c,0x0ff4,0x0157,0x0ff4,0x015c,0x0554,0x09f4,0x0000} }, /* U+5EC9 廉 */
    { 0x5ecau, {0x0ffc,0x0004,0x0ff4,0x095c,0x0b54,0x05f7,0x0804,0x0ff4,0x0414,0x04d4,0x0334,0x0000} }, /* U+5ECA 廊 */
    { 0x5ecfu, {0x0600,0x01fc,0x0004,0x0ff4,0x0a5c,0x0a54,0x09d7,0x0774,0x0514,0x0574,0x0b44,0x0000} }, /* U+5ECF 廏 */
    { 0x5ed0u, {0x0600,0x01fc,0x0004,0x0ff4,0x0a5c,0x0a54,0x0af7,0x0494,0x0294,0x0ff4,0x0894,0x0000} }, /* U+5ED0 廐 */
    { 0x5ed3u, {0x0ffc,0x0214,0x0a74,0x0b5c,0x0ed4,0x0277,0x0204,0x0ff4,0x0414,0x04d4,0x0334,0x0000} }, /* U+5ED3 廓 */
    { 0x5ed6u, {0x0600,0x01fc,0x0154,0x092c,0x0a94,0x0abc,0x0947,0x0554,0x04ac,0x0114,0x013c,0x0000} }, /* U+5ED6 廖 */
    { 0x5edau, {0x0bfc,0x0954,0x0f54,0x097c,0x0f54,0x09d7,0x00a4,0x0124,0x0824,0x0ffc,0x0024,0x0000} }, /* U+5EDA 廚 */
    { 0x5edbu, {0x0600,0x01fc,0x0a44,0x097c,0x0ad4,0x0a54,0x0f7f,0x0a54,0x0ad4,0x097c,0x0944,0x0000} }, /* U+5EDB 廛 */
    { 0x5eddu, {0x0600,0x09fc,0x0554,0x0154,0x05fc,0x0914,0x0107,0x07f4,0x0054,0x0054,0x0fd4,0x0000} }, /* U+5EDD 廝 */
    { 0x5edfu, {0x0ffc,0x0414,0x05f4,0x0f5c,0x0554,0x05f7,0x0c14,0x03f4,0x0154,0x0954,0x0ff4,0x0000} }, /* U+5EDF 廟 */
    { 0x5ee0u, {0x0ffc,0x0544,0x057c,0x0754,0x0844,0x0fc7,0x083c,0x0594,0x0614,0x09f4,0x0814,0x0000} }, /* U+5EE0 廠 */
    { 0x5ee1u, {0x0600,0x01fc,0x0924,0x05f4,0x015c,0x0df4,0x0157,0x0df4,0x0154,0x05f4,0x0954,0x0000} }, /* U+5EE1 廡 */
    { 0x5ee2u, {0x07fc,0x0054,0x0bf4,0x0aac,0x0eb4,0x08ec,0x0b87,0x056c,0x0534,0x0bec,0x08a4,0x0000} }, /* U+5EE2 廢 */
    { 0x5ee3u, {0x0600,0x01fc,0x0844,0x0854,0x07d4,0x057c,0x0557,0x07d4,0x057c,0x0fd4,0x0854,0x0000} }, /* U+5EE3 廣 */
    { 0x5ee8u, {0x0ffc,0x0254,0x03f4,0x0254,0x0a5c,0x0ff4,0x0527,0x04d4,0x0f8c,0x04a4,0x04bc,0x0000} }, /* U+5EE8 廨 */
    { 0x5ee9u, {0x0600,0x01fc,0x0904,0x097c,0x0544,0x035c,0x0fd7,0x015c,0x0344,0x057c,0x0904,0x0000} }, /* U+5EE9 廩 */
    { 0x5eecu, {0x0600,0x01fc,0x0e04,0x09fc,0x0e14,0x0bd4,0x0e7f,0x0bd4,0x0e54,0x0bd4,0x0e34,0x0000} }, /* U+5EEC 廬 */
    { 0x5ef0u, {0x07fc,0x0554,0x0554,0x0ff4,0x0094,0x0c97,0x09f4,0x0a9c,0x08f4,0x0294,0x04f4,0x0000} }, /* U+5EF0 廰 */
    { 0x5ef1u, {0x0ffc,0x0a94,0x0bec,0x0ab4,0x0bec,0x0047,0x0ff4,0x095c,0x0954,0x0ffc,0x0954,0x0000} }, /* U+5EF1 廱 */
    { 0x5ef3u, {0x057c,0x07d4,0x0554,0x0ffc,0x0954,0x0557,0x0174,0x0f5c,0x0974,0x0b54,0x0574,0x0000} }, /* U+5EF3 廳 */
    { 0x5ef4u, {0x08a2,0x0532,0x032a,0x04e6,0x0400,0x0800,0x0800,0x0800,0x0800,0x0800,0x0800,0x0000} }, /* U+5EF4 廴 */
    { 0x5ef6u, {0x0d64,0x0254,0x05cc,0x0400,0x0a04,0x0be4,0x0a04,0x0bfc,0x0a22,0x0a22,0x0a20,0x0000} }, /* U+5EF6 延 */
    { 0x5ef7u, {0x0964,0x0654,0x05cc,0x0400,0x0a20,0x0a24,0x0a24,0x0bfc,0x0a22,0x0a22,0x0a20,0x0000} }, /* U+5EF7 廷 */
    { 0x5ef8u, {0x0964,0x0654,0x05cc,0x0800,0x0bf8,0x0a48,0x0a48,0x0bff,0x0a48,0x0a48,0x0bf8,0x0000} }, /* U+5EF8 廸 */
    { 0x5efau, {0x0964,0x0654,0x05cc,0x0810,0x0914,0x0954,0x0954,0x0bff,0x0954,0x0954,0x097c,0x0000} }, /* U+5EFA 建 */
    { 0x5efbu, {0x0d64,0x0254,0x05cc,0x0400,0x09fe,0x0902,0x097a,0x094a,0x097a,0x0902,0x09fe,0x0000} }, /* U+5EFB 廻 */
    { 0x5efcu, {0x0964,0x0654,0x05cc,0x0800,0x0bf2,0x0a92,0x0a7e,0x0a12,0x0afe,0x0a92,0x0bf2,0x0000} }, /* U+5EFC 廼 */
    { 0x5efeu, {0x0810,0x0810,0x0410,0x03ff,0x0010,0x0010,0x0010,0x0010,0x0fff,0x0010,0x0010,0x0000} }, /* U+5EFE 廾 */
    { 0x5effu, {0x0008,0x0008,0x0fff,0x0808,0x0808,0x0808,0x0808,0x0808,0x0fff,0x0008,0x0008,0x0000} }, /* U+5EFF 廿 */
    { 0x5f01u, {0x0890,0x0890,0x0498,0x03f4,0x0093,0x0090,0x0090,0x0ff0,0x0094,0x0098,0x0090,0x0000} }, /* U+5F01 弁 */
    { 0x5f03u, {0x0904,0x0924,0x0534,0x03ec,0x0124,0x0127,0x0124,0x0fe4,0x0134,0x0124,0x0144,0x0000} }, /* U+5F03 弃 */
    { 0x5f04u, {0x0942,0x0942,0x054a,0x03ca,0x014a,0x017e,0x014a,0x0fca,0x014a,0x0142,0x0142,0x0000} }, /* U+5F04 弄 */
    { 0x5f09u, {0x0956,0x0934,0x0514,0x03ff,0x0100,0x0124,0x0124,0x0fe4,0x013f,0x0124,0x0124,0x0000} }, /* U+5F09 弉 */
    { 0x5f0au, {0x027a,0x0a28,0x0a7f,0x07a8,0x027a,0x0248,0x0247,0x0fb4,0x0224,0x025c,0x0244,0x0000} }, /* U+5F0A 弊 */
    { 0x5f0bu, {0x0010,0x0010,0x0010,0x001f,0x00f0,0x0310,0x0410,0x0812,0x0814,0x0e10,0x0010,0x0000} }, /* U+5F0B 弋 */
    { 0x5f0cu, {0x0208,0x0208,0x0208,0x0208,0x0208,0x0208,0x000f,0x0038,0x00c8,0x0308,0x0c0e,0x0000} }, /* U+5F0C 弌 */
    { 0x5f0du, {0x0408,0x0448,0x0448,0x0448,0x0448,0x0408,0x000f,0x0038,0x00c8,0x0308,0x0c0e,0x0000} }, /* U+5F0D 弍 */
    { 0x5f0fu, {0x0808,0x0848,0x0848,0x07c8,0x0448,0x0448,0x0408,0x001f,0x00e8,0x0308,0x0c0e,0x0000} }, /* U+5F0F 式 */
    { 0x5f10u, {0x0808,0x084a,0x084a,0x084a,0x044a,0x0408,0x0408,0x003f,0x00c8,0x0308,0x0c0e,0x0000} }, /* U+5F10 弐 */
    { 0x5f11u, {0x04a0,0x0294,0x0fc8,0x0294,0x04a2,0x0424,0x07e4,0x0424,0x047f,0x0384,0x0c06,0x0000} }, /* U+5F11 弑 */
    { 0x5f13u, {0x0000,0x0300,0x00f2,0x0092,0x0092,0x0092,0x0892,0x0892,0x0892,0x049e,0x0380,0x0000} }, /* U+5F13 弓 */
    { 0x5f14u, {0x0180,0x00f2,0x0092,0x0092,0x0092,0x0ffe,0x0092,0x0092,0x0492,0x049e,0x0380,0x0000} }, /* U+5F14 弔 */
    { 0x5f15u, {0x00f2,0x0892,0x0892,0x0492,0x039e,0x0000,0x0000,0x0000,0x0000,0x0ffe,0x0000,0x0000} }, /* U+5F15 引 */
    { 0x5f16u, {0x08c0,0x0872,0x0852,0x0852,0x0852,0x0852,0x0a52,0x0a52,0x0a52,0x0a5e,0x09c0,0x0000} }, /* U+5F16 弖 */
    { 0x5f17u, {0x0984,0x08f4,0x0494,0x03ff,0x0094,0x0094,0x0fff,0x0094,0x0894,0x089c,0x0780,0x0000} }, /* U+5F17 弗 */
    { 0x5f18u, {0x08f2,0x0892,0x0492,0x039e,0x0c00,0x0b00,0x08e0,0x081e,0x0400,0x0380,0x0c00,0x0000} }, /* U+5F18 弘 */
    { 0x5f1bu, {0x08f2,0x0892,0x079e,0x0020,0x0020,0x0ffc,0x0810,0x09ff,0x0808,0x0884,0x0cfc,0x0000} }, /* U+5F1B 弛 */
    { 0x5f1fu, {0x0800,0x08e8,0x04a9,0x02aa,0x01a8,0x0ff8,0x00ac,0x00ab,0x08a8,0x08b8,0x0780,0x0000} }, /* U+5F1F 弟 */
    { 0x5f25u, {0x00f2,0x0892,0x0892,0x079e,0x0100,0x0098,0x0847,0x0804,0x0ffc,0x0044,0x0184,0x0000} }, /* U+5F25 弥 */
    { 0x5f26u, {0x08f2,0x0892,0x0492,0x039e,0x0000,0x0c44,0x0aa4,0x0917,0x088c,0x0844,0x0e24,0x0000} }, /* U+5F26 弦 */
    { 0x5f27u, {0x08f2,0x0892,0x079e,0x0c00,0x03fe,0x0402,0x07fe,0x0402,0x063e,0x01c2,0x0e02,0x0000} }, /* U+5F27 弧 */
    { 0x5f29u, {0x0024,0x062c,0x0397,0x0294,0x02bc,0x02a4,0x0ab2,0x0aae,0x0aaa,0x0aea,0x0616,0x0000} }, /* U+5F29 弩 */
    { 0x5f2du, {0x08f2,0x0892,0x0892,0x079e,0x0002,0x0402,0x07fe,0x024a,0x024a,0x024a,0x0ffe,0x0000} }, /* U+5F2D 弭 */
    { 0x5f2fu, {0x0614,0x03ac,0x02a4,0x02a4,0x02bc,0x02a7,0x0aa4,0x0abc,0x0aa4,0x0aec,0x0614,0x0000} }, /* U+5F2F 弯 */
    { 0x5f31u, {0x08f2,0x0552,0x0a52,0x0852,0x07de,0x0000,0x08f2,0x0552,0x0a52,0x0852,0x07de,0x0000} }, /* U+5F31 弱 */
    { 0x5f35u, {0x08f2,0x0892,0x079e,0x0000,0x0080,0x0ffe,0x08aa,0x09aa,0x02aa,0x04aa,0x0a82,0x0000} }, /* U+5F35 張 */
    { 0x5f37u, {0x08f2,0x0892,0x079e,0x0000,0x09ec,0x092a,0x0929,0x0ff8,0x0928,0x0928,0x0dec,0x0000} }, /* U+5F37 強 */
    { 0x5f38u, {0x08f2,0x0892,0x079e,0x0000,0x0ffe,0x0092,0x0ffe,0x0000,0x0ffe,0x0092,0x0ffe,0x0000} }, /* U+5F38 弸 */
    { 0x5f3cu, {0x08f2,0x0892,0x079e,0x0000,0x0ff2,0x089e,0x0ff2,0x0000,0x08f2,0x0892,0x079e,0x0000} }, /* U+5F3C 弼 */
    { 0x5f3eu, {0x08f2,0x0892,0x079e,0x0000,0x05fa,0x052c,0x0529,0x0ffa,0x052c,0x052a,0x05f9,0x0000} }, /* U+5F3E 弾 */
    { 0x5f41u, {0x08f2,0x0892,0x079e,0x0042,0x0042,0x03de,0x0252,0x03de,0x0842,0x0ffe,0x0042,0x0000} }, /* U+5F41 彁 */
    { 0x5f48u, {0x08f2,0x0892,0x079e,0x0400,0x07ee,0x04aa,0x04ae,0x0fe0,0x04ae,0x04aa,0x07ee,0x0000} }, /* U+5F48 彈 */
    { 0x5f4au, {0x08f2,0x0892,0x079e,0x0800,0x0882,0x0fbe,0x0aaa,0x0fbe,0x0aaa,0x0aaa,0x0fbe,0x0000} }, /* U+5F4A 彊 */
    { 0x5f4cu, {0x08f2,0x0892,0x079e,0x0002,0x0ffa,0x02b6,0x0552,0x0ffe,0x0552,0x02b6,0x0ffa,0x0000} }, /* U+5F4C 彌 */
    { 0x5f4eu, {0x0654,0x03fa,0x0294,0x0292,0x02ea,0x02ab,0x0aea,0x0a92,0x0a94,0x0afa,0x0654,0x0000} }, /* U+5F4E 彎 */
    { 0x5f51u, {0x0800,0x0800,0x0980,0x0960,0x0918,0x0d17,0x0b10,0x08d0,0x0830,0x0800,0x0800,0x0000} }, /* U+5F51 彑 */
    { 0x5f53u, {0x0000,0x0924,0x0928,0x0920,0x0920,0x093f,0x0920,0x0920,0x0920,0x0928,0x0fe4,0x0000} }, /* U+5F53 当 */
    { 0x5f56u, {0x0520,0x0560,0x0528,0x02ac,0x0aaa,0x096a,0x07ba,0x012a,0x02a6,0x0462,0x0420,0x0000} }, /* U+5F56 彖 */
    { 0x5f57u, {0x0214,0x0214,0x0abf,0x0a94,0x0a94,0x0a80,0x0a94,0x0a94,0x0fbf,0x0214,0x0214,0x0000} }, /* U+5F57 彗 */
    { 0x5f59u, {0x0938,0x0908,0x05fc,0x052a,0x032a,0x0ffa,0x012a,0x032e,0x05fa,0x0908,0x0938,0x0000} }, /* U+5F59 彙 */
    { 0x5f5cu, {0x0258,0x0a28,0x0afc,0x072a,0x025a,0x02aa,0x027a,0x0f2a,0x02ae,0x02fa,0x0228,0x0000} }, /* U+5F5C 彜 */
    { 0x5f5du, {0x0258,0x0a28,0x0afc,0x072a,0x025a,0x024a,0x02ea,0x0f5a,0x02ee,0x025a,0x02e8,0x0000} }, /* U+5F5D 彝 */
    { 0x5f61u, {0x0000,0x0808,0x0888,0x0888,0x0884,0x0844,0x0444,0x0442,0x0422,0x0220,0x0200,0x0000} }, /* U+5F61 彡 */
    { 0x5f62u, {0x0c22,0x03fe,0x0022,0x0022,0x0ffe,0x0022,0x0022,0x0000,0x0888,0x0444,0x0222,0x0000} }, /* U+5F62 形 */
    { 0x5f66u, {0x0604,0x01e4,0x0824,0x0abc,0x0aa4,0x0aa7,0x0964,0x053c,0x04a4,0x02a4,0x0224,0x0000} }, /* U+5F66 彦 */
    { 0x5f69u, {0x048a,0x0492,0x0286,0x0fca,0x0082,0x0298,0x0486,0x0000,0x0888,0x0444,0x0222,0x0000} }, /* U+5F69 彩 */
    { 0x5f6au, {0x0600,0x09f8,0x0828,0x06ff,0x00aa,0x0eaa,0x0898,0x0924,0x0924,0x0892,0x0c92,0x0000} }, /* U+5F6A 彪 */
    { 0x5f6bu, {0x0ffe,0x0002,0x0752,0x057e,0x0752,0x0802,0x0ffe,0x0000,0x0888,0x0444,0x0222,0x0000} }, /* U+5F6B 彫 */
    { 0x5f6cu, {0x0308,0x00c8,0x0ffe,0x0108,0x0088,0x0048,0x0ffe,0x0048,0x0888,0x0444,0x0222,0x0000} }, /* U+5F6C 彬 */
    { 0x5f6du, {0x09d4,0x0f54,0x095f,0x0954,0x0f54,0x09d4,0x0000,0x0844,0x0844,0x0422,0x0422,0x0000} }, /* U+5F6D 彭 */
    { 0x5f70u, {0x0414,0x05f4,0x055c,0x0f57,0x0554,0x05fc,0x0414,0x0010,0x0888,0x0444,0x0222,0x0000} }, /* U+5F70 彰 */
    { 0x5f71u, {0x0cbe,0x03aa,0x0aaa,0x0eea,0x03aa,0x04be,0x0880,0x0000,0x0888,0x0444,0x0222,0x0000} }, /* U+5F71 影 */
    { 0x5f73u, {0x0000,0x0080,0x0088,0x0088,0x0048,0x0044,0x0fc4,0x0022,0x0022,0x0010,0x0010,0x0000} }, /* U+5F73 彳 */
    { 0x5f77u, {0x0088,0x0fc4,0x0022,0x0000,0x0304,0x00c4,0x003f,0x0824,0x0824,0x0424,0x03e4,0x0000} }, /* U+5F77 彷 */
    { 0x5f79u, {0x0088,0x0fc4,0x0022,0x0800,0x08a0,0x0b9e,0x0482,0x0482,0x06be,0x09a0,0x0830,0x0000} }, /* U+5F79 役 */
    { 0x5f7cu, {0x0088,0x0fc4,0x0022,0x0300,0x08fc,0x0824,0x04a4,0x053f,0x0224,0x05e4,0x080c,0x0000} }, /* U+5F7C 彼 */
    { 0x5f7fu, {0x0088,0x0fc4,0x0022,0x0800,0x08f4,0x0494,0x03ff,0x0094,0x0fff,0x0494,0x039c,0x0000} }, /* U+5F7F 彿 */
    { 0x5f80u, {0x0088,0x0fc4,0x0022,0x0000,0x0888,0x0888,0x0889,0x0ffa,0x0888,0x0888,0x0888,0x0000} }, /* U+5F80 往 */
    { 0x5f81u, {0x0088,0x0fc4,0x0022,0x0800,0x0fe2,0x0802,0x0802,0x0ffe,0x0842,0x0842,0x0842,0x0000} }, /* U+5F81 征 */
    { 0x5f82u, {0x0088,0x0fc4,0x0022,0x0000,0x0800,0x0ffe,0x0892,0x0892,0x0892,0x0892,0x0ffe,0x0000} }, /* U+5F82 徂 */
    { 0x5f83u, {0x0088,0x0fc4,0x0022,0x0000,0x0830,0x088e,0x0888,0x0888,0x0fff,0x0888,0x0888,0x0000} }, /* U+5F83 徃 */
    { 0x5f84u, {0x0088,0x0fc4,0x0022,0x0000,0x0822,0x0922,0x092a,0x0fd2,0x0912,0x092a,0x0926,0x0000} }, /* U+5F84 径 */
    { 0x5f85u, {0x0088,0x0fc4,0x0022,0x0000,0x00a0,0x02a4,0x04a4,0x00bf,0x08a4,0x0fe4,0x00a4,0x0000} }, /* U+5F85 待 */
    { 0x5f87u, {0x0088,0x0fc4,0x0002,0x0018,0x03e7,0x02a4,0x02a4,0x0be4,0x0804,0x0404,0x03fc,0x0000} }, /* U+5F87 徇 */
    { 0x5f88u, {0x0088,0x0fc4,0x0022,0x0010,0x0000,0x0ffe,0x084a,0x09ca,0x024a,0x044a,0x0b7e,0x0000} }, /* U+5F88 很 */
    { 0x5f8au, {0x0088,0x0fc4,0x0022,0x0000,0x0ffe,0x0802,0x09f2,0x0912,0x09f2,0x0802,0x0ffe,0x0000} }, /* U+5F8A 徊 */
    { 0x5f8bu, {0x0088,0x0fc4,0x0022,0x0410,0x0554,0x0554,0x0554,0x0fff,0x0554,0x0554,0x057c,0x0000} }, /* U+5F8B 律 */
    { 0x5f8cu, {0x0088,0x0fc4,0x0022,0x0a00,0x0948,0x0bd4,0x0562,0x0558,0x0546,0x0b70,0x0840,0x0000} }, /* U+5F8C 後 */
    { 0x5f90u, {0x0088,0x0fc4,0x0022,0x0408,0x0294,0x0092,0x0892,0x0ff2,0x0092,0x0294,0x0498,0x0000} }, /* U+5F90 徐 */
    { 0x5f91u, {0x0088,0x0fc4,0x0022,0x0010,0x0000,0x0912,0x096e,0x0912,0x0f6e,0x0912,0x096e,0x0000} }, /* U+5F91 徑 */
    { 0x5f92u, {0x0088,0x0fc4,0x0822,0x0800,0x0724,0x0424,0x0424,0x07ff,0x0924,0x0924,0x0924,0x0000} }, /* U+5F92 徒 */
    { 0x5f93u, {0x0088,0x0fc4,0x0822,0x0800,0x07c9,0x040a,0x0408,0x07f8,0x088c,0x088b,0x0888,0x0000} }, /* U+5F93 従 */
    { 0x5f97u, {0x0088,0x0fc4,0x0022,0x0000,0x0080,0x02be,0x04aa,0x00aa,0x08aa,0x0fea,0x00be,0x0000} }, /* U+5F97 得 */
    { 0x5f98u, {0x0088,0x0fc4,0x0022,0x0904,0x0924,0x0524,0x03fe,0x0000,0x0fff,0x0224,0x0224,0x0000} }, /* U+5F98 徘 */
    { 0x5f99u, {0x0088,0x0fc4,0x0822,0x0820,0x073c,0x0420,0x0420,0x07ff,0x0924,0x0924,0x0924,0x0000} }, /* U+5F99 徙 */
    { 0x5f9eu, {0x0088,0x0fc4,0x0822,0x0808,0x0784,0x040b,0x0410,0x07e8,0x0884,0x088b,0x0890,0x0000} }, /* U+5F9E 從 */
    { 0x5fa0u, {0x0088,0x0fc4,0x0022,0x0484,0x0444,0x0234,0x0144,0x0fff,0x0104,0x0234,0x04c4,0x0000} }, /* U+5FA0 徠 */
    { 0x5fa1u, {0x0088,0x0fc4,0x0020,0x0f2f,0x0824,0x07fc,0x04a4,0x0424,0x0ffe,0x0202,0x03fe,0x0000} }, /* U+5FA1 御 */
    { 0x5fa8u, {0x0088,0x0fc4,0x0022,0x0010,0x0800,0x097c,0x0954,0x0956,0x0fd5,0x0954,0x097c,0x0000} }, /* U+5FA8 徨 */
    { 0x5fa9u, {0x0088,0x0fc4,0x0022,0x0a08,0x097c,0x0bd7,0x0554,0x0554,0x0554,0x0b7c,0x0904,0x0000} }, /* U+5FA9 復 */
    { 0x5faau, {0x0088,0x0fc4,0x0022,0x0600,0x01fc,0x0014,0x0fd4,0x0954,0x097c,0x0952,0x0fd2,0x0000} }, /* U+5FAA 循 */
    { 0x5fadu, {0x0088,0x0fc4,0x0022,0x0000,0x0da4,0x0934,0x0962,0x0fda,0x0952,0x094a,0x0d46,0x0000} }, /* U+5FAD 徭 */
    { 0x5faeu, {0x0088,0x0fc4,0x0020,0x062e,0x01e8,0x002f,0x0be8,0x0a28,0x04ef,0x0304,0x0cfc,0x0000} }, /* U+5FAE 微 */
    { 0x5fb3u, {0x0088,0x0fc4,0x0422,0x0000,0x06f4,0x0894,0x09f4,0x0a9f,0x08f4,0x0294,0x04f4,0x0000} }, /* U+5FB3 徳 */
    { 0x5fb4u, {0x0088,0x0fc4,0x0020,0x092e,0x0928,0x0fef,0x0928,0x0928,0x04cf,0x0304,0x0cfc,0x0000} }, /* U+5FB4 徴 */
    { 0x5fb9u, {0x0088,0x0fc4,0x0022,0x0ff4,0x02ac,0x02a7,0x0ff4,0x0824,0x04cf,0x0304,0x0cfc,0x0000} }, /* U+5FB9 徹 */
    { 0x5fbcu, {0x0088,0x0fc4,0x0022,0x027c,0x09d6,0x0955,0x077c,0x0810,0x04cf,0x0304,0x0cfc,0x0000} }, /* U+5FBC 徼 */
    { 0x5fbdu, {0x0088,0x0fc4,0x0822,0x054e,0x01a8,0x0f5f,0x09a8,0x090f,0x04e4,0x0304,0x0cfc,0x0000} }, /* U+5FBD 徽 */
    { 0x5fc3u, {0x0300,0x00c0,0x0000,0x07e2,0x0802,0x0804,0x0804,0x0800,0x0600,0x0060,0x0180,0x0000} }, /* U+5FC3 心 */
    { 0x5fc5u, {0x0180,0x0860,0x0400,0x07f2,0x0902,0x0884,0x0844,0x0820,0x0600,0x0030,0x01c0,0x0000} }, /* U+5FC5 必 */
    { 0x5fccu, {0x0800,0x0400,0x00f2,0x0692,0x0892,0x0992,0x0a92,0x0892,0x089e,0x02c0,0x0400,0x0000} }, /* U+5FCC 忌 */
    { 0x5fcdu, {0x0800,0x0442,0x0042,0x062a,0x0812,0x092e,0x0a02,0x0842,0x0842,0x023e,0x0400,0x0000} }, /* U+5FCD 忍 */
    { 0x5fd6u, {0x01f0,0x0000,0x0ffe,0x0020,0x0040,0x0008,0x0048,0x0088,0x0808,0x0808,0x0fff,0x0000} }, /* U+5FD6 忖 */
    { 0x5fd7u, {0x0804,0x0424,0x0024,0x0624,0x0824,0x08bf,0x0924,0x0824,0x0824,0x0224,0x0404,0x0000} }, /* U+5FD7 志 */
    { 0x5fd8u, {0x0404,0x0204,0x003c,0x0744,0x0844,0x08c7,0x0944,0x0844,0x0844,0x0244,0x0404,0x0000} }, /* U+5FD8 忘 */
    { 0x5fd9u, {0x01f0,0x0000,0x0ffe,0x0000,0x0008,0x07f8,0x0808,0x080f,0x0808,0x0808,0x0808,0x0000} }, /* U+5FD9 忙 */
    { 0x5fdcu, {0x0c00,0x03fc,0x0404,0x0204,0x0004,0x0784,0x0817,0x0824,0x0804,0x0884,0x0d04,0x0000} }, /* U+5FDC 応 */
    { 0x5fddu, {0x0090,0x0494,0x0254,0x0054,0x0834,0x0f9c,0x0032,0x0252,0x0452,0x0290,0x0490,0x0000} }, /* U+5FDD 忝 */
    { 0x5fe0u, {0x0400,0x023c,0x0024,0x0724,0x0824,0x08bf,0x0924,0x0824,0x0824,0x023c,0x0400,0x0000} }, /* U+5FE0 忠 */
    { 0x5fe4u, {0x01f0,0x0000,0x0ffe,0x0000,0x0098,0x0087,0x0084,0x0084,0x0ffc,0x0084,0x0084,0x0000} }, /* U+5FE4 忤 */
    { 0x5febu, {0x01f0,0x0000,0x0ffe,0x0840,0x0844,0x0444,0x0244,0x01ff,0x0244,0x0444,0x087c,0x0000} }, /* U+5FEB 快 */
    { 0x5ff0u, {0x01f0,0x0000,0x0ffe,0x0100,0x0104,0x0164,0x011f,0x0fc4,0x0104,0x013c,0x0120,0x0000} }, /* U+5FF0 忰 */
    { 0x5ff1u, {0x01f0,0x0000,0x0ffe,0x0800,0x083c,0x0404,0x0384,0x007f,0x0fc4,0x0804,0x0e3c,0x0000} }, /* U+5FF1 忱 */
    { 0x5ff5u, {0x0410,0x0208,0x0024,0x062a,0x082a,0x092a,0x0aaa,0x086a,0x0824,0x0208,0x0410,0x0000} }, /* U+5FF5 念 */
    { 0x5ff8u, {0x01f0,0x0000,0x0ffe,0x0000,0x0840,0x0842,0x0fc2,0x087e,0x0842,0x0842,0x0ffe,0x0000} }, /* U+5FF8 忸 */
    { 0x5ffbu, {0x01f0,0x0000,0x0ffe,0x0020,0x0640,0x01fc,0x0024,0x0024,0x0022,0x0fe2,0x0020,0x0000} }, /* U+5FFB 忻 */
    { 0x5ffdu, {0x0810,0x0408,0x0047,0x0624,0x081c,0x0944,0x0a24,0x081c,0x0844,0x0244,0x043c,0x0000} }, /* U+5FFD 忽 */
    { 0x5fffu, {0x0810,0x0488,0x0094,0x0652,0x0830,0x0912,0x0a92,0x0892,0x0874,0x0208,0x0410,0x0000} }, /* U+5FFF 忿 */
    { 0x600eu, {0x0860,0x0418,0x0007,0x0604,0x08fc,0x0954,0x0a54,0x0854,0x0854,0x0254,0x0404,0x0000} }, /* U+600E 怎 */
    { 0x600fu, {0x01f0,0x0000,0x0ffe,0x0880,0x08fc,0x0484,0x0284,0x01ff,0x0284,0x0484,0x08fc,0x0000} }, /* U+600F 怏 */
    { 0x6010u, {0x01f0,0x0000,0x0ffe,0x0000,0x0018,0x01e7,0x0124,0x09e4,0x0804,0x0404,0x03fc,0x0000} }, /* U+6010 怐 */
    { 0x6012u, {0x0844,0x045c,0x0027,0x0624,0x083c,0x0944,0x0a42,0x085a,0x0822,0x0232,0x044e,0x0000} }, /* U+6012 怒 */
    { 0x6015u, {0x01f0,0x0000,0x0ffe,0x0020,0x0040,0x0ff8,0x088c,0x088b,0x0888,0x0888,0x0ff8,0x0000} }, /* U+6015 怕 */
    { 0x6016u, {0x01f0,0x0000,0x0ffe,0x0080,0x0044,0x07e4,0x005c,0x0047,0x0ff4,0x0444,0x07c4,0x0000} }, /* U+6016 怖 */
    { 0x6019u, {0x01f0,0x0000,0x0ffe,0x0020,0x0040,0x0f88,0x0888,0x0888,0x08ff,0x0888,0x0f88,0x0000} }, /* U+6019 怙 */
    { 0x601bu, {0x01f0,0x0000,0x0ffe,0x0020,0x0040,0x09fe,0x0912,0x0912,0x0912,0x0912,0x09fe,0x0000} }, /* U+601B 怛 */
    { 0x601cu, {0x01f0,0x0000,0x0ffe,0x0000,0x0098,0x0094,0x0f92,0x0092,0x0492,0x0494,0x0388,0x0000} }, /* U+601C 怜 */
    { 0x601du, {0x0800,0x047e,0x004a,0x064a,0x084a,0x097e,0x0a4a,0x084a,0x084a,0x027e,0x0400,0x0000} }, /* U+601D 思 */
    { 0x6020u, {0x0808,0x0408,0x00e8,0x06ac,0x08ab,0x09a8,0x0aa8,0x08aa,0x08ec,0x0208,0x0410,0x0000} }, /* U+6020 怠 */
    { 0x6021u, {0x01f0,0x0000,0x0ffe,0x0020,0x0040,0x0f98,0x0894,0x0892,0x0890,0x0890,0x0f98,0x0000} }, /* U+6021 怡 */
    { 0x6025u, {0x0800,0x0408,0x00ac,0x06aa,0x08aa,0x09aa,0x0aae,0x08aa,0x08a8,0x02f8,0x0400,0x0000} }, /* U+6025 急 */
    { 0x6026u, {0x01f0,0x0000,0x0ffe,0x0000,0x0122,0x0112,0x0102,0x0ffe,0x0102,0x0112,0x0122,0x0000} }, /* U+6026 怦 */
    { 0x6027u, {0x01f0,0x0000,0x0ffe,0x0000,0x0830,0x088e,0x0888,0x0888,0x0fff,0x0888,0x0888,0x0000} }, /* U+6027 性 */
    { 0x6028u, {0x0890,0x048e,0x004a,0x0652,0x083e,0x0900,0x0a7e,0x0882,0x0892,0x0292,0x04de,0x0000} }, /* U+6028 怨 */
    { 0x6029u, {0x01f0,0x0000,0x0ffe,0x0200,0x01fe,0x0012,0x07d2,0x0912,0x0912,0x0892,0x0c9e,0x0000} }, /* U+6029 怩 */
    { 0x602au, {0x01f0,0x0000,0x0ffe,0x0000,0x0822,0x0922,0x092a,0x0fd2,0x0912,0x092a,0x0926,0x0000} }, /* U+602A 怪 */
    { 0x602bu, {0x01f0,0x0000,0x0ffe,0x0800,0x08f4,0x0494,0x03ff,0x0094,0x0fff,0x0494,0x039c,0x0000} }, /* U+602B 怫 */
    { 0x602fu, {0x01f0,0x0000,0x0ffe,0x0000,0x0c44,0x0a44,0x09c4,0x087f,0x0444,0x0344,0x0c44,0x0000} }, /* U+602F 怯 */
    { 0x6031u, {0x0810,0x0408,0x0097,0x0654,0x083c,0x08a4,0x0964,0x083c,0x08a4,0x0284,0x047c,0x0000} }, /* U+6031 怱 */
    { 0x603au, {0x01f0,0x0000,0x0ffe,0x0420,0x0228,0x01e8,0x0809,0x0ffa,0x0140,0x0220,0x0410,0x0000} }, /* U+603A 怺 */
    { 0x6041u, {0x0810,0x04f8,0x0006,0x0610,0x0892,0x0992,0x0a92,0x08fe,0x0892,0x0892,0x0292,0x0400} }, /* U+6041 恁 */
    { 0x6042u, {0x01f0,0x0000,0x0ffe,0x0010,0x03ef,0x02a4,0x02a4,0x0be4,0x0804,0x0404,0x03fc,0x0000} }, /* U+6042 恂 */
    { 0x6043u, {0x01f0,0x0000,0x0ffe,0x0000,0x00a4,0x02a4,0x04a4,0x00bf,0x08a4,0x0fe4,0x00a4,0x0000} }, /* U+6043 恃 */
    { 0x6046u, {0x01f0,0x0000,0x0ffe,0x0000,0x0982,0x0862,0x089e,0x0932,0x0e52,0x0992,0x0872,0x0000} }, /* U+6046 恆 */
    { 0x604au, {0x01f0,0x0000,0x0ffe,0x0480,0x03c4,0x08a4,0x0f9f,0x0484,0x03c4,0x08bc,0x0f80,0x0000} }, /* U+604A 恊 */
    { 0x604bu, {0x0824,0x0414,0x0084,0x0644,0x083c,0x0907,0x0a04,0x087c,0x0804,0x0214,0x0424,0x0000} }, /* U+604B 恋 */
    { 0x604du, {0x01f0,0x0000,0x0ffe,0x0840,0x0844,0x0448,0x03c0,0x007f,0x0fc0,0x0848,0x0c44,0x0000} }, /* U+604D 恍 */
    { 0x6050u, {0x0842,0x0442,0x003e,0x0722,0x0800,0x08be,0x090a,0x0812,0x0802,0x027e,0x0440,0x0000} }, /* U+6050 恐 */
    { 0x6052u, {0x01f0,0x0000,0x0ffe,0x0020,0x0802,0x0bfa,0x0a4a,0x0a4a,0x0a4a,0x0a4a,0x0bfa,0x0000} }, /* U+6052 恒 */
    { 0x6055u, {0x0884,0x04b4,0x004c,0x0647,0x08a4,0x091c,0x0800,0x087c,0x0844,0x0244,0x047c,0x0000} }, /* U+6055 恕 */
    { 0x6059u, {0x0844,0x0444,0x0054,0x0657,0x0854,0x097c,0x0a54,0x0856,0x0855,0x0244,0x0444,0x0000} }, /* U+6059 恙 */
    { 0x605au, {0x0910,0x0514,0x0154,0x0754,0x0954,0x09ff,0x0b54,0x0954,0x0954,0x0314,0x0510,0x0000} }, /* U+605A 恚 */
    { 0x605fu, {0x01f0,0x0000,0x0ffe,0x0288,0x0257,0x0224,0x0254,0x028c,0x0bc4,0x0804,0x07fc,0x0000} }, /* U+605F 恟 */
    { 0x6060u, {0x01f0,0x0000,0x0ffe,0x0100,0x0084,0x0fe4,0x081f,0x0844,0x0844,0x0ff4,0x0844,0x0000} }, /* U+6060 恠 */
    { 0x6062u, {0x01f0,0x0000,0x0ffe,0x0000,0x09fe,0x0802,0x0472,0x0302,0x00fe,0x0302,0x0c72,0x0000} }, /* U+6062 恢 */
    { 0x6063u, {0x0884,0x0444,0x0024,0x0600,0x0898,0x0947,0x0a24,0x081c,0x0824,0x0244,0x048c,0x0000} }, /* U+6063 恣 */
    { 0x6064u, {0x01f0,0x0000,0x0ffe,0x0800,0x0ff8,0x0808,0x0ffc,0x080b,0x0ff8,0x0808,0x0ff8,0x0000} }, /* U+6064 恤 */
    { 0x6065u, {0x07fe,0x024a,0x024a,0x0ffe,0x0102,0x0080,0x0ff0,0x0802,0x0802,0x0864,0x0d84,0x0000} }, /* U+6065 恥 */
    { 0x6068u, {0x01f0,0x0000,0x0ffe,0x0010,0x0020,0x0ffe,0x084a,0x09ca,0x024a,0x044a,0x0b7e,0x0000} }, /* U+6068 恨 */
    { 0x6069u, {0x0800,0x04fe,0x0082,0x06ca,0x08aa,0x099e,0x0aaa,0x08ca,0x0882,0x02fe,0x0400,0x0000} }, /* U+6069 恩 */
    { 0x606au, {0x01f0,0x0000,0x0ffe,0x0000,0x0110,0x0f88,0x0957,0x0924,0x0924,0x0954,0x0f8c,0x0000} }, /* U+606A 恪 */
    { 0x606bu, {0x01f0,0x0000,0x0ffe,0x0000,0x0ffe,0x0002,0x03d2,0x0252,0x03d2,0x0802,0x0ffe,0x0000} }, /* U+606B 恫 */
    { 0x606cu, {0x01f0,0x0000,0x0ffe,0x0000,0x0024,0x0f24,0x0924,0x09fc,0x0922,0x0922,0x0f22,0x0000} }, /* U+606C 恬 */
    { 0x606du, {0x0120,0x04a4,0x0264,0x013f,0x0824,0x0fa4,0x0024,0x063f,0x0064,0x06a4,0x0120,0x0000} }, /* U+606D 恭 */
    { 0x606fu, {0x0800,0x0400,0x00fc,0x0694,0x0896,0x0995,0x0a94,0x0894,0x08fc,0x0200,0x0400,0x0000} }, /* U+606F 息 */
    { 0x6070u, {0x01f0,0x0000,0x0ffe,0x0000,0x0008,0x0f24,0x0922,0x0922,0x0922,0x0922,0x0f24,0x0000} }, /* U+6070 恰 */
    { 0x6075u, {0x0804,0x05f4,0x0154,0x0754,0x0954,0x09ff,0x0b54,0x0954,0x0954,0x03f4,0x0404,0x0000} }, /* U+6075 恵 */
    { 0x6077u, {0x0810,0x0478,0x0006,0x0640,0x0844,0x0924,0x0a14,0x087f,0x0814,0x0224,0x0444,0x0000} }, /* U+6077 恷 */
    { 0x6081u, {0x01f0,0x0000,0x0ffe,0x0020,0x0040,0x0fee,0x02aa,0x02aa,0x02aa,0x0aaa,0x0fee,0x0000} }, /* U+6081 悁 */
    { 0x6083u, {0x01f0,0x0000,0x0ffe,0x0000,0x0ffe,0x0892,0x0852,0x0bfe,0x0892,0x0912,0x0ffe,0x0000} }, /* U+6083 悃 */
    { 0x6084u, {0x01f0,0x0000,0x0ffe,0x0020,0x0008,0x0fe4,0x02a0,0x02bf,0x02a0,0x0aa4,0x0fe8,0x0000} }, /* U+6084 悄 */
    { 0x6089u, {0x0890,0x0496,0x005a,0x0652,0x0832,0x097e,0x0a12,0x0832,0x085a,0x0296,0x0490,0x0000} }, /* U+6089 悉 */
    { 0x608bu, {0x01f0,0x0000,0x0ffe,0x0000,0x0044,0x0f4c,0x0954,0x0924,0x0927,0x0954,0x0f4c,0x0000} }, /* U+608B 悋 */
    { 0x608cu, {0x01f0,0x0000,0x0ffe,0x0000,0x08e8,0x04a9,0x02aa,0x0ff8,0x08ac,0x08ab,0x07b8,0x0000} }, /* U+608C 悌 */
    { 0x608du, {0x01f0,0x0000,0x0ffe,0x0020,0x0200,0x02be,0x02aa,0x02aa,0x0faa,0x02aa,0x02be,0x0000} }, /* U+608D 悍 */
    { 0x6092u, {0x01f0,0x0000,0x0ffe,0x0000,0x0fe0,0x092e,0x092a,0x09ea,0x092a,0x092e,0x0de0,0x0000} }, /* U+6092 悒 */
    { 0x6094u, {0x01f0,0x0000,0x0ffe,0x0080,0x0798,0x04f7,0x0794,0x04f4,0x0c94,0x07f4,0x0484,0x0000} }, /* U+6094 悔 */
    { 0x6096u, {0x01f0,0x0000,0x0ffe,0x0000,0x0234,0x0254,0x0a54,0x0f5f,0x02d4,0x0254,0x0234,0x0000} }, /* U+6096 悖 */
    { 0x6097u, {0x01f0,0x0000,0x0ffe,0x0808,0x08f4,0x0492,0x0392,0x00fa,0x0f96,0x0890,0x0cf0,0x0000} }, /* U+6097 悗 */
    { 0x609au, {0x01f0,0x0000,0x0ffe,0x0400,0x04f4,0x0294,0x0194,0x0fff,0x0094,0x0294,0x04f4,0x0000} }, /* U+609A 悚 */
    { 0x609bu, {0x01f0,0x0000,0x0ffe,0x0808,0x0948,0x0b4c,0x04bb,0x0488,0x06b8,0x09ce,0x0868,0x0000} }, /* U+609B 悛 */
    { 0x609fu, {0x01f0,0x0000,0x0ffe,0x0000,0x0042,0x0f4a,0x097a,0x094e,0x094a,0x094a,0x0f7a,0x0000} }, /* U+609F 悟 */
    { 0x60a0u, {0x0810,0x04f8,0x0006,0x0670,0x0888,0x0887,0x0954,0x0a24,0x0824,0x025c,0x0484,0x0000} }, /* U+60A0 悠 */
    { 0x60a3u, {0x0800,0x05dc,0x0154,0x0754,0x0954,0x09ff,0x0b54,0x0954,0x0954,0x05dc,0x0800,0x0000} }, /* U+60A3 患 */
    { 0x60a6u, {0x01f0,0x0000,0x0ffe,0x0810,0x0820,0x0479,0x03ca,0x0048,0x0fcc,0x084b,0x0c78,0x0000} }, /* U+60A6 悦 */
    { 0x60a7u, {0x01f0,0x0000,0x0ffe,0x0124,0x00a4,0x0ffc,0x0122,0x0222,0x03fc,0x0800,0x0ffe,0x0000} }, /* U+60A7 悧 */
    { 0x60a9u, {0x01f0,0x0000,0x0ffe,0x0000,0x0fc4,0x0a28,0x0942,0x0884,0x0940,0x0a18,0x0fc6,0x0000} }, /* U+60A9 悩 */
    { 0x60aau, {0x0882,0x04ba,0x00aa,0x06aa,0x08fe,0x09aa,0x0afe,0x08aa,0x08aa,0x02ba,0x0482,0x0000} }, /* U+60AA 悪 */
    { 0x60b2u, {0x0844,0x0454,0x0054,0x06d4,0x087e,0x0900,0x0aff,0x0854,0x0854,0x0254,0x0444,0x0000} }, /* U+60B2 悲 */
    { 0x60b3u, {0x0804,0x05f4,0x0104,0x0704,0x097c,0x0957,0x0b54,0x0954,0x0954,0x037c,0x0504,0x0000} }, /* U+60B3 悳 */
    { 0x60b4u, {0x01f0,0x0000,0x0ffe,0x0104,0x0164,0x011c,0x0124,0x0fc7,0x0124,0x011c,0x0164,0x0000} }, /* U+60B4 悴 */
    { 0x60b5u, {0x01f0,0x0000,0x0ffe,0x0040,0x0080,0x0ffe,0x08aa,0x09aa,0x02aa,0x04aa,0x0a82,0x0000} }, /* U+60B5 悵 */
    { 0x60b6u, {0x0ffe,0x022a,0x002a,0x062a,0x08be,0x0900,0x083e,0x082a,0x022a,0x042a,0x0ffe,0x0000} }, /* U+60B6 悶 */
    { 0x60b8u, {0x01f0,0x0000,0x0ffe,0x0048,0x022a,0x025a,0x0a4a,0x0f7e,0x02ca,0x025a,0x022a,0x0000} }, /* U+60B8 悸 */
    { 0x60bcu, {0x01f0,0x0000,0x0ffe,0x0010,0x0400,0x05f0,0x0550,0x055f,0x0f54,0x0554,0x05f4,0x0000} }, /* U+60BC 悼 */
    { 0x60bdu, {0x01f0,0x0000,0x0ffe,0x0904,0x0914,0x0754,0x05d4,0x057f,0x0554,0x0b54,0x097c,0x0000} }, /* U+60BD 悽 */
    { 0x60c5u, {0x01f0,0x0000,0x0ffe,0x0000,0x0044,0x0fd4,0x0554,0x057f,0x0554,0x0554,0x0fd4,0x0000} }, /* U+60C5 情 */
    { 0x60c6u, {0x01f0,0x0000,0x0ffe,0x0000,0x0ffe,0x0002,0x072a,0x057e,0x072a,0x0802,0x0ffe,0x0000} }, /* U+60C6 惆 */
    { 0x60c7u, {0x01f0,0x0000,0x0ffe,0x0000,0x0204,0x0274,0x0a54,0x0a57,0x0f54,0x02d4,0x0274,0x0000} }, /* U+60C7 惇 */
    { 0x60d1u, {0x0804,0x04f4,0x0094,0x0694,0x08f4,0x0804,0x0884,0x095f,0x0824,0x0254,0x0486,0x0000} }, /* U+60D1 惑 */
    { 0x60d3u, {0x01f0,0x0000,0x0ffe,0x0100,0x00ac,0x0fea,0x08b8,0x0aaf,0x0aa8,0x0bfa,0x0cac,0x0000} }, /* U+60D3 惓 */
    { 0x60d8u, {0x01f0,0x0000,0x0ffe,0x0000,0x0ffe,0x00a2,0x07ba,0x04e2,0x04ba,0x08a2,0x0ffe,0x0000} }, /* U+60D8 惘 */
    { 0x60dau, {0x00f0,0x0800,0x05fe,0x0048,0x0624,0x0817,0x094c,0x0a24,0x081c,0x0284,0x047c,0x0000} }, /* U+60DA 惚 */
    { 0x60dcu, {0x01f0,0x0000,0x0ffe,0x0000,0x0024,0x0fa4,0x0abf,0x0aa4,0x0aa4,0x0abf,0x0fa4,0x0000} }, /* U+60DC 惜 */
    { 0x60dfu, {0x01f0,0x0000,0x0ffe,0x0040,0x0020,0x0ff8,0x092f,0x0928,0x0ff8,0x092e,0x0928,0x0000} }, /* U+60DF 惟 */
    { 0x60e0u, {0x0904,0x057c,0x0154,0x0754,0x0954,0x09ff,0x0b54,0x0954,0x0954,0x037c,0x0584,0x0000} }, /* U+60E0 惠 */
    { 0x60e1u, {0x0882,0x04ba,0x00aa,0x06aa,0x08ee,0x0982,0x0aee,0x08aa,0x08aa,0x02ba,0x0482,0x0000} }, /* U+60E1 惡 */
    { 0x60e3u, {0x085e,0x0448,0x00fe,0x0628,0x0824,0x0917,0x0a4c,0x0824,0x089c,0x0284,0x047c,0x0000} }, /* U+60E3 惣 */
    { 0x60e7u, {0x01f0,0x0000,0x0ffe,0x0020,0x0900,0x09fe,0x052a,0x012a,0x012a,0x052a,0x09fe,0x0000} }, /* U+60E7 惧 */
    { 0x60e8u, {0x01f0,0x0000,0x0ffe,0x0120,0x0928,0x0aac,0x0a6b,0x0938,0x0568,0x04ae,0x02a8,0x0000} }, /* U+60E8 惨 */
    { 0x60f0u, {0x01f0,0x0000,0x0ffe,0x0000,0x0024,0x0fd4,0x055c,0x0557,0x0574,0x0554,0x0fd4,0x0000} }, /* U+60F0 惰 */
    { 0x60f1u, {0x01f0,0x0000,0x0ffe,0x0014,0x0fe2,0x0848,0x0ad4,0x0962,0x0ac8,0x0854,0x0fe2,0x0000} }, /* U+60F1 惱 */
    { 0x60f3u, {0x0844,0x0424,0x00ff,0x0614,0x0824,0x0900,0x0a7e,0x084a,0x084a,0x024a,0x047e,0x0000} }, /* U+60F3 想 */
    { 0x60f4u, {0x01f0,0x0000,0x0ffe,0x0000,0x0fae,0x00a8,0x07e8,0x00af,0x07a8,0x08a8,0x0fae,0x0000} }, /* U+60F4 惴 */
    { 0x60f6u, {0x01f0,0x0000,0x0ffe,0x0020,0x0840,0x097c,0x0954,0x0956,0x0fd5,0x0954,0x097c,0x0000} }, /* U+60F6 惶 */
    { 0x60f7u, {0x0940,0x04c4,0x0054,0x07d4,0x0974,0x095f,0x0b54,0x09f4,0x0054,0x04d4,0x0944,0x0000} }, /* U+60F7 惷 */
    { 0x60f9u, {0x0884,0x0494,0x0054,0x07f7,0x095c,0x0954,0x0b54,0x0957,0x0954,0x03d4,0x0414,0x0000} }, /* U+60F9 惹 */
    { 0x60fau, {0x01f0,0x0000,0x0ffe,0x0010,0x0920,0x0afe,0x0aaa,0x0aaa,0x0fea,0x0aaa,0x0abe,0x0000} }, /* U+60FA 惺 */
    { 0x60fbu, {0x01f0,0x0000,0x0ffe,0x0800,0x05fe,0x012a,0x05fe,0x0800,0x01fc,0x0800,0x0ffe,0x0000} }, /* U+60FB 惻 */
    { 0x6100u, {0x01f0,0x0000,0x0ffe,0x0224,0x0124,0x0ffc,0x0422,0x0322,0x00ff,0x0380,0x0c38,0x0000} }, /* U+6100 愀 */
    { 0x6101u, {0x0894,0x0454,0x00fc,0x0652,0x0812,0x0940,0x0a4c,0x0820,0x083e,0x0240,0x048c,0x0000} }, /* U+6101 愁 */
    { 0x6103u, {0x01f0,0x0000,0x0ffe,0x0040,0x088c,0x0bf4,0x0a54,0x0a57,0x0a54,0x0a54,0x0bfc,0x0000} }, /* U+6103 愃 */
    { 0x6106u, {0x0824,0x04f2,0x0008,0x0692,0x0844,0x0920,0x0a0a,0x088a,0x088a,0x02fa,0x040a,0x0000} }, /* U+6106 愆 */
    { 0x6108u, {0x0810,0x04f8,0x002c,0x06aa,0x08fa,0x090a,0x0a7a,0x080a,0x0884,0x02f8,0x0410,0x0000} }, /* U+6108 愈 */
    { 0x6109u, {0x01f0,0x0000,0x0ffe,0x0008,0x0fe4,0x02aa,0x0fea,0x000a,0x03ea,0x080a,0x0fec,0x0000} }, /* U+6109 愉 */
    { 0x610du, {0x08fe,0x04aa,0x002a,0x067a,0x08ae,0x0930,0x0a8f,0x0874,0x0844,0x02bc,0x0484,0x0000} }, /* U+610D 愍 */
    { 0x610eu, {0x01f0,0x0000,0x0ffe,0x0020,0x0a48,0x097c,0x0bd7,0x0554,0x0554,0x0554,0x0b7c,0x0000} }, /* U+610E 愎 */
    { 0x610fu, {0x0814,0x0414,0x01f4,0x075c,0x0954,0x0957,0x0b54,0x095c,0x09f4,0x0214,0x0414,0x0000} }, /* U+610F 意 */
    { 0x6115u, {0x01f0,0x0000,0x0ffe,0x0080,0x06ae,0x03aa,0x02ae,0x0aa0,0x0aae,0x0aaa,0x06ae,0x0000} }, /* U+6115 愕 */
    { 0x611au, {0x08e0,0x0420,0x00be,0x06aa,0x08aa,0x09fe,0x0aaa,0x08aa,0x083e,0x02a0,0x04e0,0x0000} }, /* U+611A 愚 */
    { 0x611bu, {0x08b0,0x0856,0x091a,0x0972,0x0696,0x049a,0x04b2,0x0ad2,0x0998,0x0856,0x08b0,0x0000} }, /* U+611B 愛 */
    { 0x611fu, {0x08c0,0x043c,0x0004,0x0674,0x0854,0x0974,0x0a84,0x085f,0x0824,0x0254,0x0486,0x0000} }, /* U+611F 感 */
    { 0x6121u, {0x00f0,0x0800,0x05fe,0x0008,0x0654,0x0837,0x091c,0x0a64,0x083c,0x0284,0x047c,0x0000} }, /* U+6121 愡 */
    { 0x6127u, {0x01f0,0x0000,0x0ffe,0x0000,0x0cfc,0x0394,0x0096,0x0ffd,0x0894,0x0b94,0x0cfc,0x0000} }, /* U+6127 愧 */
    { 0x6128u, {0x0834,0x0494,0x009f,0x0694,0x0834,0x0908,0x0ab6,0x0852,0x0852,0x02be,0x0490,0x0000} }, /* U+6128 愨 */
    { 0x612cu, {0x0834,0x04a6,0x007c,0x0627,0x0834,0x0880,0x097e,0x082a,0x082a,0x02aa,0x04fe,0x0000} }, /* U+612C 愬 */
    { 0x6134u, {0x01f0,0x0000,0x0ffe,0x0020,0x0608,0x01fc,0x0eaa,0x0aaa,0x0aaa,0x0aaa,0x0efc,0x0000} }, /* U+6134 愴 */
    { 0x613cu, {0x01f0,0x0000,0x0ffe,0x0000,0x09e0,0x090f,0x05f4,0x0154,0x0154,0x0552,0x09fa,0x0000} }, /* U+613C 愼 */
    { 0x613du, {0x01f0,0x0000,0x0ffe,0x0200,0x02f4,0x0654,0x0a54,0x02ff,0x0a54,0x0f54,0x02f6,0x0000} }, /* U+613D 愽 */
    { 0x613eu, {0x01f0,0x0000,0x0ffe,0x0000,0x0ad8,0x0647,0x0fd4,0x0254,0x0a54,0x03d4,0x0c04,0x0000} }, /* U+613E 愾 */
    { 0x613fu, {0x08c0,0x043e,0x0102,0x06be,0x082a,0x092a,0x09ea,0x082a,0x002a,0x04be,0x0902,0x0000} }, /* U+613F 愿 */
    { 0x6142u, {0x0908,0x0492,0x0044,0x0600,0x08fa,0x082a,0x092a,0x0afa,0x082e,0x02aa,0x04f8,0x0000} }, /* U+6142 慂 */
    { 0x6144u, {0x01f0,0x0000,0x0ffe,0x0800,0x097a,0x054a,0x037e,0x0fca,0x017e,0x054a,0x097a,0x0000} }, /* U+6144 慄 */
    { 0x6147u, {0x08fe,0x042a,0x00aa,0x06ba,0x0862,0x0918,0x0ab6,0x0852,0x0852,0x02be,0x0490,0x0000} }, /* U+6147 慇 */
    { 0x6148u, {0x0884,0x04d4,0x00ac,0x0697,0x08c4,0x0904,0x0a84,0x08d6,0x08ad,0x0294,0x04c4,0x0000} }, /* U+6148 慈 */
    { 0x614au, {0x01f0,0x0000,0x0ffe,0x0044,0x0954,0x0552,0x0fff,0x0154,0x0ffe,0x0555,0x09f4,0x0000} }, /* U+614A 慊 */
    { 0x614bu, {0x09fc,0x04aa,0x00a9,0x06a8,0x09fc,0x0800,0x0bff,0x0954,0x0954,0x0552,0x095a,0x0000} }, /* U+614B 態 */
    { 0x614cu, {0x01f0,0x0000,0x0ffe,0x0000,0x0824,0x06ef,0x00a4,0x0eb4,0x00a4,0x0eaf,0x08a4,0x0000} }, /* U+614C 慌 */
    { 0x614du, {0x01f0,0x0000,0x0ffe,0x0800,0x0f80,0x08be,0x0faa,0x08a6,0x0faa,0x08be,0x0f80,0x0000} }, /* U+614D 慍 */
    { 0x614eu, {0x01f0,0x0000,0x0ffe,0x0000,0x0904,0x05f4,0x0154,0x015f,0x0154,0x0554,0x09f4,0x0000} }, /* U+614E 慎 */
    { 0x6153u, {0x01f0,0x0000,0x0ffe,0x0000,0x0aba,0x06aa,0x0abe,0x0eaa,0x02be,0x06aa,0x0aba,0x0000} }, /* U+6153 慓 */
    { 0x6155u, {0x0244,0x0a44,0x0574,0x00df,0x0854,0x0f54,0x0054,0x0c5f,0x00f4,0x0d44,0x0244,0x0000} }, /* U+6155 慕 */
    { 0x6158u, {0x01f0,0x0000,0x0ffe,0x0100,0x0934,0x0aae,0x0a65,0x0934,0x056c,0x04a6,0x02b4,0x0000} }, /* U+6158 慘 */
    { 0x6159u, {0x0844,0x047c,0x0054,0x06ff,0x0854,0x097c,0x0ac4,0x083e,0x080a,0x02fa,0x040a,0x0000} }, /* U+6159 慙 */
    { 0x615au, {0x01f0,0x0000,0x0ffe,0x0554,0x0fff,0x0554,0x0554,0x05fe,0x0012,0x0012,0x0ff2,0x0000} }, /* U+615A 慚 */
    { 0x615du, {0x09fe,0x0502,0x01aa,0x076a,0x093e,0x09ea,0x0b2a,0x093e,0x01ea,0x052a,0x0902,0x0000} }, /* U+615D 慝 */
    { 0x615fu, {0x01f0,0x0000,0x0ffe,0x0808,0x0afa,0x0aaa,0x0ffe,0x0aaa,0x03ff,0x0808,0x0ff8,0x0000} }, /* U+615F 慟 */
    { 0x6162u, {0x01f0,0x0000,0x0ffe,0x08a0,0x09be,0x0aea,0x04aa,0x04aa,0x04ea,0x0bbe,0x08e0,0x0000} }, /* U+6162 慢 */
    { 0x6163u, {0x01f0,0x0000,0x0ffe,0x0008,0x0bfe,0x0aaa,0x06aa,0x02be,0x02aa,0x06aa,0x0bfe,0x0000} }, /* U+6163 慣 */
    { 0x6165u, {0x01f0,0x0000,0x0ffe,0x0808,0x0452,0x07c4,0x0830,0x0bae,0x0aa8,0x0aff,0x0ba8,0x0000} }, /* U+6165 慥 */
    { 0x6167u, {0x0814,0x0554,0x017f,0x0754,0x0954,0x0940,0x0b54,0x0954,0x097f,0x05d4,0x0814,0x0000} }, /* U+6167 慧 */
    { 0x6168u, {0x01f0,0x0000,0x0ffe,0x0020,0x03fe,0x0a4a,0x094a,0x057e,0x0222,0x0ffe,0x0822,0x0000} }, /* U+6168 慨 */
    { 0x616bu, {0x0848,0x0424,0x00f2,0x0688,0x0864,0x0947,0x0a78,0x08a8,0x08a4,0x02a7,0x0488,0x0000} }, /* U+616B 慫 */
    { 0x616eu, {0x0300,0x08fc,0x0404,0x01f4,0x0754,0x095f,0x09f5,0x0b55,0x0955,0x05f4,0x080c,0x0000} }, /* U+616E 慮 */
    { 0x616fu, {0x01f0,0x0000,0x0ffe,0x0008,0x057c,0x03d7,0x0954,0x0554,0x0b54,0x097c,0x0744,0x0000} }, /* U+616F 慯 */
    { 0x6170u, {0x09be,0x042a,0x01ea,0x062a,0x08ae,0x0904,0x0814,0x0824,0x0104,0x05ff,0x0804,0x0000} }, /* U+6170 慰 */
    { 0x6171u, {0x01f0,0x0000,0x0ffe,0x0104,0x017c,0x0554,0x0954,0x01ff,0x0954,0x0f54,0x01fc,0x0000} }, /* U+6171 慱 */
    { 0x6173u, {0x01f0,0x0000,0x0ffe,0x0000,0x08fe,0x0aaa,0x0aee,0x0fba,0x0ace,0x0a32,0x0ace,0x0000} }, /* U+6173 慳 */
    { 0x6174u, {0x01f0,0x0000,0x0ffe,0x0022,0x0f96,0x0a8a,0x0afe,0x0aa0,0x0a96,0x0aaa,0x0fbe,0x0000} }, /* U+6174 慴 */
    { 0x6175u, {0x01f0,0x0000,0x0ffe,0x0200,0x0ffc,0x0554,0x0554,0x0fff,0x0554,0x0554,0x0f7c,0x0000} }, /* U+6175 慵 */
    { 0x6176u, {0x0600,0x01fc,0x0954,0x0a54,0x09fc,0x0754,0x0557,0x057c,0x05d4,0x0b54,0x08f4,0x0000} }, /* U+6176 慶 */
    { 0x6177u, {0x01f0,0x0000,0x0ffe,0x0100,0x04fc,0x0514,0x0254,0x0954,0x0fff,0x0254,0x057c,0x0000} }, /* U+6177 慷 */
    { 0x617eu, {0x0824,0x04f2,0x00a8,0x06a8,0x08f2,0x0924,0x0a98,0x0847,0x083c,0x0244,0x048c,0x0000} }, /* U+617E 慾 */
    { 0x6182u, {0x0962,0x0aa2,0x0a3e,0x0aea,0x052a,0x052a,0x056a,0x05aa,0x0b3e,0x08a2,0x0962,0x0000} }, /* U+6182 憂 */
    { 0x6187u, {0x08ea,0x04aa,0x00be,0x06aa,0x08ea,0x0904,0x0aff,0x0894,0x0894,0x02ff,0x0404,0x0000} }, /* U+6187 憇 */
    { 0x618au, {0x0810,0x05f8,0x0046,0x0624,0x09f4,0x095f,0x0a54,0x09f4,0x005f,0x0554,0x09f4,0x0000} }, /* U+618A 憊 */
    { 0x618eu, {0x01f0,0x0000,0x0ffe,0x0054,0x0fd7,0x0954,0x097c,0x0954,0x0956,0x0fd5,0x007c,0x0000} }, /* U+618E 憎 */
    { 0x6190u, {0x01f0,0x0000,0x0ffe,0x0900,0x09e8,0x065e,0x03c8,0x02bf,0x0288,0x0fdc,0x02aa,0x0000} }, /* U+6190 憐 */
    { 0x6191u, {0x0840,0x0422,0x0084,0x0640,0x083e,0x09aa,0x082a,0x08be,0x012a,0x052a,0x08e2,0x0000} }, /* U+6191 憑 */
    { 0x6194u, {0x01f0,0x0000,0x0ffe,0x0800,0x0410,0x01fc,0x0d57,0x0154,0x0dfc,0x0157,0x0d54,0x0000} }, /* U+6194 憔 */
    { 0x6196u, {0x0894,0x044c,0x0024,0x06ff,0x0814,0x094c,0x0a94,0x0844,0x083f,0x0244,0x0486,0x0000} }, /* U+6196 憖 */
    { 0x6199u, {0x0844,0x0454,0x01d4,0x0774,0x0954,0x095f,0x0b54,0x0974,0x01d4,0x0454,0x0844,0x0000} }, /* U+6199 憙 */
    { 0x619au, {0x01f0,0x0000,0x0ffe,0x0400,0x05fe,0x0552,0x055e,0x0ff0,0x055e,0x0552,0x05fe,0x0000} }, /* U+619A 憚 */
    { 0x61a4u, {0x01f0,0x0000,0x0ffe,0x0820,0x0ba4,0x06f4,0x02a4,0x02bf,0x02a4,0x06f4,0x0ba4,0x0000} }, /* U+61A4 憤 */
    { 0x61a7u, {0x01f0,0x0000,0x0ffe,0x0024,0x0be4,0x0abc,0x0aa4,0x0fe7,0x0aa4,0x0abc,0x0be4,0x0000} }, /* U+61A7 憧 */
    { 0x61a9u, {0x08ea,0x04aa,0x00be,0x06aa,0x08ea,0x0908,0x0afc,0x0896,0x0895,0x0294,0x04fc,0x0000} }, /* U+61A9 憩 */
    { 0x61abu, {0x01f0,0x0000,0x0ffe,0x0000,0x0ffe,0x08aa,0x05be,0x02c0,0x05be,0x08aa,0x0ffe,0x0000} }, /* U+61AB 憫 */
    { 0x61acu, {0x01f0,0x0000,0x0ffe,0x0040,0x0880,0x04be,0x03aa,0x0aaa,0x0eea,0x02aa,0x0bbe,0x0000} }, /* U+61AC 憬 */
    { 0x61aeu, {0x01f0,0x0000,0x0ffe,0x0820,0x0528,0x01ff,0x0d24,0x01fc,0x0d24,0x01fc,0x0d24,0x0000} }, /* U+61AE 憮 */
    { 0x61b2u, {0x084c,0x05c4,0x0154,0x0754,0x09d4,0x097f,0x0bd4,0x0954,0x0954,0x05c4,0x084c,0x0000} }, /* U+61B2 憲 */
    { 0x61b6u, {0x01f0,0x0000,0x0ffe,0x0410,0x01f4,0x0f5c,0x0954,0x0b57,0x0954,0x055c,0x09f4,0x0000} }, /* U+61B6 憶 */
    { 0x61bau, {0x01f0,0x0000,0x0ffe,0x0208,0x01fc,0x0eaa,0x0aaa,0x0a9a,0x0ace,0x0aba,0x0ea8,0x0000} }, /* U+61BA 憺 */
    { 0x61beu, {0x00f0,0x0800,0x05fe,0x0000,0x06fc,0x0854,0x0974,0x0a84,0x085f,0x0224,0x04d6,0x0000} }, /* U+61BE 憾 */
    { 0x61c3u, {0x0974,0x055f,0x01f4,0x0754,0x095f,0x0974,0x0a04,0x0864,0x011f,0x0504,0x08fc,0x0000} }, /* U+61C3 懃 */
    { 0x61d0u, {0x01f0,0x0000,0x0ffe,0x0284,0x0ebc,0x09a4,0x08fc,0x03a7,0x04bc,0x0aa4,0x09bc,0x0000} }, /* U+61D0 懐 */
    { 0x61e3u, {0x0908,0x0492,0x0004,0x06f4,0x0854,0x093f,0x0a54,0x08b4,0x085f,0x0294,0x04f4,0x0000} }, /* U+61E3 懣 */
    { 0x61e6u, {0x01f0,0x0000,0x0ffe,0x0000,0x0eba,0x028a,0x0faa,0x02fe,0x0e8a,0x02aa,0x0eba,0x0000} }, /* U+61E6 懦 */
    { 0x61f2u, {0x0824,0x04f2,0x0000,0x0656,0x0854,0x097f,0x0a54,0x088c,0x08b7,0x0244,0x04bc,0x0000} }, /* U+61F2 懲 */
    { 0x61f4u, {0x01f0,0x0000,0x0ffe,0x0954,0x0ff4,0x081f,0x0ff4,0x0954,0x04ff,0x0310,0x0cd6,0x0000} }, /* U+61F4 懴 */
    { 0x61f6u, {0x01f0,0x0000,0x0ffe,0x0254,0x0fff,0x0954,0x0bf6,0x06aa,0x02a6,0x06aa,0x0bee,0x0000} }, /* U+61F6 懶 */
    { 0x61f7u, {0x01f0,0x0000,0x0ffe,0x0204,0x0abc,0x0ea4,0x093c,0x08e7,0x033c,0x04a4,0x0abc,0x0000} }, /* U+61F7 懷 */
    { 0x61f8u, {0x097c,0x04c0,0x007e,0x07ca,0x087e,0x0940,0x0a2a,0x08f6,0x082a,0x0266,0x04b2,0x0000} }, /* U+61F8 懸 */
    { 0x61fau, {0x01f0,0x0000,0x0ffe,0x0954,0x0ffb,0x0814,0x0ff3,0x0954,0x04ff,0x0310,0x0cd6,0x0000} }, /* U+61FA 懺 */
    { 0x61fcu, {0x01f0,0x0000,0x0ffe,0x0100,0x0fbe,0x0aea,0x0abe,0x0fc0,0x0abe,0x0aaa,0x0abe,0x0000} }, /* U+61FC 懼 */
    { 0x61fdu, {0x01f0,0x0000,0x0ffe,0x0084,0x0fdc,0x0977,0x095c,0x0fc4,0x097f,0x0954,0x095c,0x0000} }, /* U+61FD 懽 */
    { 0x61feu, {0x01f0,0x0000,0x0ffe,0x0420,0x07e2,0x02be,0x0fea,0x042a,0x07ea,0x02be,0x0fe2,0x0000} }, /* U+61FE 懾 */
    { 0x61ffu, {0x0bb4,0x0e94,0x0adf,0x0e94,0x0bb4,0x0424,0x0f48,0x08a7,0x091c,0x0824,0x034c,0x0000} }, /* U+61FF 懿 */
    { 0x6200u, {0x0854,0x04fa,0x0054,0x0612,0x08ea,0x09ab,0x0aea,0x0812,0x0854,0x02fa,0x0454,0x0000} }, /* U+6200 戀 */
    { 0x6208u, {0x0810,0x0810,0x0810,0x0410,0x041f,0x02f0,0x0310,0x0510,0x0892,0x0854,0x0e10,0x0000} }, /* U+6208 戈 */
    { 0x6209u, {0x0400,0x03fc,0x0904,0x0884,0x0404,0x0404,0x027f,0x0184,0x0244,0x0434,0x0f06,0x0000} }, /* U+6209 戉 */
    { 0x620au, {0x0c00,0x03fc,0x0004,0x0804,0x0804,0x0404,0x0404,0x02ff,0x0304,0x0484,0x0846,0x0000} }, /* U+620A 戊 */
    { 0x620cu, {0x0c00,0x03fc,0x0844,0x0844,0x0444,0x0404,0x027f,0x0184,0x0244,0x0434,0x0f06,0x0000} }, /* U+620C 戌 */
    { 0x620du, {0x0c00,0x03fc,0x0804,0x0844,0x0484,0x0404,0x027f,0x0184,0x0244,0x0434,0x0f06,0x0000} }, /* U+620D 戍 */
    { 0x620eu, {0x0044,0x0e44,0x01f4,0x0044,0x0844,0x0804,0x043f,0x02c4,0x0304,0x04c4,0x0836,0x0000} }, /* U+620E 戎 */
    { 0x6210u, {0x0c00,0x03fc,0x0024,0x0224,0x0be4,0x0804,0x0404,0x04ff,0x0304,0x04c4,0x0e36,0x0000} }, /* U+6210 成 */
    { 0x6211u, {0x0124,0x0924,0x0ffc,0x0122,0x0092,0x0890,0x0810,0x041f,0x02f0,0x0312,0x0cd4,0x0000} }, /* U+6211 我 */
    { 0x6212u, {0x0044,0x0644,0x01f4,0x0844,0x09f4,0x0444,0x0404,0x02ff,0x0304,0x04c4,0x0836,0x0000} }, /* U+6212 戒 */
    { 0x6214u, {0x0924,0x0924,0x09a6,0x0b2c,0x0514,0x0555,0x0596,0x0aaa,0x0aaa,0x08a2,0x0cb2,0x0000} }, /* U+6214 戔 */
    { 0x6216u, {0x0404,0x04f4,0x0494,0x0294,0x0af4,0x0804,0x0404,0x043f,0x02c4,0x0304,0x0ce6,0x0000} }, /* U+6216 或 */
    { 0x621au, {0x0600,0x01fc,0x0244,0x0944,0x0ffc,0x0054,0x0b54,0x0847,0x04fc,0x0304,0x0ce6,0x0000} }, /* U+621A 戚 */
    { 0x621bu, {0x0902,0x0902,0x097a,0x0baa,0x052a,0x052e,0x052a,0x052a,0x0bfa,0x0902,0x0d02,0x0000} }, /* U+621B 戛 */
    { 0x621du, {0x09fe,0x052a,0x012a,0x052a,0x09fe,0x0810,0x0410,0x04ff,0x0310,0x04d0,0x0816,0x0000} }, /* U+621D 戝 */
    { 0x621eu, {0x0982,0x0882,0x09fa,0x092a,0x0baa,0x052e,0x052a,0x052a,0x0bfa,0x0882,0x0d82,0x0000} }, /* U+621E 戞 */
    { 0x621fu, {0x05f4,0x0554,0x0f5f,0x0554,0x09f4,0x0810,0x0410,0x04ff,0x0310,0x04d2,0x0814,0x0000} }, /* U+621F 戟 */
    { 0x6221u, {0x0f84,0x0afe,0x0994,0x0894,0x0bfe,0x0a84,0x0494,0x0410,0x02ff,0x0310,0x0cd6,0x0000} }, /* U+6221 戡 */
    { 0x6226u, {0x05fa,0x052c,0x0ff9,0x052a,0x05fc,0x0812,0x0810,0x04ff,0x0310,0x04d0,0x0816,0x0000} }, /* U+6226 戦 */
    { 0x622au, {0x0094,0x0fd4,0x0974,0x095f,0x0fd4,0x0974,0x0954,0x0810,0x04ff,0x0310,0x0cd6,0x0000} }, /* U+622A 截 */
    { 0x622eu, {0x0896,0x0a8a,0x0a7e,0x054a,0x0556,0x008a,0x093e,0x0810,0x04ff,0x0310,0x0cd6,0x0000} }, /* U+622E 戮 */
    { 0x622fu, {0x0300,0x08f8,0x0a28,0x0fff,0x08aa,0x0faa,0x0aba,0x0910,0x04ff,0x0310,0x0cd6,0x0000} }, /* U+622F 戯 */
    { 0x6230u, {0x07ee,0x04aa,0x0fee,0x04aa,0x04aa,0x07ee,0x0810,0x0810,0x04ff,0x0310,0x0cd6,0x0000} }, /* U+6230 戰 */
    { 0x6232u, {0x0300,0x08f8,0x0ba8,0x0eff,0x0aaa,0x0eaa,0x0bba,0x0890,0x04ff,0x0310,0x0cd6,0x0000} }, /* U+6232 戲 */
    { 0x6233u, {0x0096,0x0fca,0x097e,0x094a,0x0fd6,0x096a,0x095e,0x0810,0x04ff,0x0310,0x0cd6,0x0000} }, /* U+6233 戳 */
    { 0x6234u, {0x0510,0x0df4,0x0754,0x05ff,0x0554,0x0f54,0x05f0,0x081f,0x04f0,0x0312,0x0cd4,0x0000} }, /* U+6234 戴 */
    { 0x6238u, {0x0c02,0x03f2,0x0092,0x0092,0x0092,0x0092,0x0092,0x0092,0x0092,0x00f2,0x0002,0x0000} }, /* U+6238 戸 */
    { 0x623bu, {0x0302,0x08fa,0x08aa,0x04aa,0x04aa,0x02aa,0x01ea,0x02aa,0x04aa,0x08ba,0x0882,0x0000} }, /* U+623B 戻 */
    { 0x623fu, {0x0602,0x01fa,0x0caa,0x03aa,0x02ea,0x02aa,0x02aa,0x0aaa,0x0aaa,0x06ba,0x0082,0x0000} }, /* U+623F 房 */
    { 0x6240u, {0x0c02,0x03f2,0x0092,0x0092,0x00f2,0x0600,0x01fc,0x0024,0x0024,0x0fe2,0x0022,0x0000} }, /* U+6240 所 */
    { 0x6241u, {0x0602,0x01fa,0x0faa,0x02aa,0x02aa,0x0faa,0x02aa,0x0faa,0x02aa,0x0aba,0x0f82,0x0000} }, /* U+6241 扁 */
    { 0x6247u, {0x0602,0x01fa,0x04aa,0x02aa,0x08aa,0x0faa,0x002a,0x04aa,0x02aa,0x08ba,0x0f82,0x0000} }, /* U+6247 扇 */
    { 0x6248u, {0x0702,0x00fa,0x0faa,0x0aaa,0x0aea,0x0aaa,0x0baa,0x0aaa,0x0aea,0x0aaa,0x0bba,0x0000} }, /* U+6248 扈 */
    { 0x6249u, {0x0602,0x01fa,0x0a2a,0x0aaa,0x06aa,0x03ea,0x002a,0x0fea,0x02aa,0x02aa,0x023a,0x0000} }, /* U+6249 扉 */
    { 0x624bu, {0x0100,0x0124,0x0124,0x0924,0x0924,0x0ffc,0x0122,0x0122,0x0122,0x0122,0x0100,0x0000} }, /* U+624B 手 */
    { 0x624du, {0x0208,0x0208,0x0208,0x0108,0x0908,0x0888,0x0fff,0x0048,0x0028,0x0008,0x0008,0x0000} }, /* U+624D 才 */
    { 0x624eu, {0x0108,0x0908,0x0ffe,0x0088,0x0008,0x0000,0x07fe,0x0800,0x0800,0x0800,0x0f00,0x0000} }, /* U+624E 扎 */
    { 0x6253u, {0x0108,0x0908,0x0ffe,0x0088,0x0000,0x0002,0x0002,0x0802,0x0802,0x0ffe,0x0002,0x0000} }, /* U+6253 打 */
    { 0x6255u, {0x0908,0x0ffe,0x0088,0x0008,0x0e00,0x09c0,0x083e,0x0800,0x0400,0x0380,0x0c00,0x0000} }, /* U+6255 払 */
    { 0x6258u, {0x0908,0x0ffe,0x0088,0x0000,0x0044,0x0044,0x0ffc,0x0844,0x0842,0x0842,0x0c42,0x0000} }, /* U+6258 托 */
    { 0x625bu, {0x0908,0x0ffe,0x0088,0x0008,0x0000,0x0802,0x0802,0x0802,0x0ffe,0x0802,0x0802,0x0000} }, /* U+625B 扛 */
    { 0x625eu, {0x0908,0x0ffe,0x0088,0x0000,0x0042,0x0042,0x0042,0x0ffe,0x0042,0x0042,0x0042,0x0000} }, /* U+625E 扞 */
    { 0x6260u, {0x0908,0x0ffe,0x0088,0x0808,0x0802,0x0402,0x044a,0x0292,0x0302,0x04c2,0x083e,0x0000} }, /* U+6260 扠 */
    { 0x6263u, {0x0108,0x0908,0x0ffe,0x0088,0x0008,0x0ffe,0x0802,0x0802,0x0802,0x0802,0x0ffe,0x0000} }, /* U+6263 扣 */
    { 0x6268u, {0x0908,0x0ffe,0x0088,0x0000,0x060a,0x0192,0x007e,0x0842,0x0882,0x0502,0x03fe,0x0000} }, /* U+6268 扨 */
    { 0x626eu, {0x0908,0x0ffe,0x0108,0x0060,0x0c58,0x03c2,0x0042,0x0842,0x0842,0x07ce,0x0070,0x0000} }, /* U+626E 扮 */
    { 0x6271u, {0x0908,0x0ffe,0x0088,0x0302,0x08c2,0x083e,0x0482,0x0532,0x022a,0x05e6,0x0800,0x0000} }, /* U+6271 扱 */
    { 0x6276u, {0x0908,0x0ffe,0x0088,0x0800,0x0848,0x0448,0x0248,0x01ff,0x0248,0x0448,0x0848,0x0000} }, /* U+6276 扶 */
    { 0x6279u, {0x0908,0x0ffe,0x0088,0x0800,0x0ffe,0x0410,0x0410,0x0fff,0x0820,0x0810,0x0e08,0x0000} }, /* U+6279 批 */
    { 0x627cu, {0x0908,0x0ffe,0x0088,0x0608,0x01fe,0x0002,0x0ff2,0x0812,0x0912,0x09f2,0x0c02,0x0000} }, /* U+627C 扼 */
    { 0x627eu, {0x0108,0x0908,0x0ffe,0x0088,0x0810,0x0810,0x0410,0x04ff,0x0310,0x04d2,0x0814,0x0000} }, /* U+627E 找 */
    { 0x627fu, {0x0610,0x0190,0x0072,0x0902,0x0952,0x0ffa,0x0156,0x0112,0x0072,0x01a0,0x0610,0x0000} }, /* U+627F 承 */
    { 0x6280u, {0x0908,0x0ffe,0x0088,0x0804,0x0824,0x09a4,0x0624,0x043f,0x0624,0x09e4,0x0804,0x0000} }, /* U+6280 技 */
    { 0x6282u, {0x0908,0x0ffe,0x0088,0x0008,0x0842,0x0842,0x0842,0x0ffe,0x0842,0x0842,0x0842,0x0000} }, /* U+6282 抂 */
    { 0x6283u, {0x0908,0x0ffe,0x0088,0x0000,0x0008,0x0008,0x0008,0x0fff,0x0048,0x0088,0x0108,0x0000} }, /* U+6283 抃 */
    { 0x6284u, {0x0908,0x0ffe,0x0088,0x0000,0x0810,0x0808,0x0880,0x04ff,0x0400,0x0208,0x0110,0x0000} }, /* U+6284 抄 */
    { 0x6289u, {0x0908,0x0ffe,0x0088,0x0808,0x0840,0x0444,0x0244,0x01ff,0x0244,0x0444,0x087c,0x0000} }, /* U+6289 抉 */
    { 0x628au, {0x0908,0x0ffe,0x0088,0x0000,0x0ffe,0x0842,0x0842,0x087e,0x0842,0x0842,0x0e7e,0x0000} }, /* U+628A 把 */
    { 0x629bu, {0x0908,0x0ffe,0x0088,0x0c08,0x03ff,0x0008,0x0ff8,0x0848,0x093f,0x0908,0x0cf8,0x0000} }, /* U+629B 抛 */
    { 0x629cu, {0x0908,0x0ffe,0x0088,0x0304,0x08c4,0x083f,0x04a4,0x0524,0x0224,0x05e4,0x0804,0x0000} }, /* U+629C 抜 */
    { 0x629eu, {0x0908,0x0ffe,0x0088,0x0008,0x0c00,0x03fe,0x0022,0x0022,0x00e2,0x0322,0x0c3e,0x0000} }, /* U+629E 択 */
    { 0x62abu, {0x0908,0x0ffe,0x0088,0x0300,0x08fc,0x0824,0x04a4,0x053f,0x0224,0x05e4,0x080c,0x0000} }, /* U+62AB 披 */
    { 0x62acu, {0x0108,0x0908,0x0ffe,0x0088,0x0000,0x0f98,0x0894,0x0893,0x0890,0x0890,0x0f9c,0x0000} }, /* U+62AC 抬 */
    { 0x62b1u, {0x0108,0x0908,0x0ffe,0x0088,0x0038,0x0f97,0x0894,0x0894,0x08f4,0x0904,0x0cfc,0x0000} }, /* U+62B1 抱 */
    { 0x62b5u, {0x0108,0x0908,0x0ffe,0x0088,0x0800,0x0bfc,0x0a24,0x0a24,0x083c,0x08e2,0x0b22,0x0000} }, /* U+62B5 抵 */
    { 0x62b9u, {0x0908,0x0ffe,0x0088,0x0404,0x0424,0x0224,0x0124,0x0fff,0x0124,0x0224,0x0424,0x0000} }, /* U+62B9 抹 */
    { 0x62bbu, {0x0908,0x0ffe,0x0088,0x0008,0x01fc,0x0124,0x0124,0x0fff,0x0124,0x0124,0x01fc,0x0000} }, /* U+62BB 抻 */
    { 0x62bcu, {0x0908,0x0ffe,0x0088,0x0000,0x01fe,0x0112,0x0112,0x0ffe,0x0112,0x0112,0x01fe,0x0000} }, /* U+62BC 押 */
    { 0x62bdu, {0x0908,0x0ffe,0x0088,0x0000,0x0ff8,0x0888,0x0888,0x0fff,0x0888,0x0888,0x0ff8,0x0000} }, /* U+62BD 抽 */
    { 0x62c2u, {0x0908,0x0ffe,0x0088,0x0804,0x08f4,0x0494,0x03ff,0x0094,0x0fff,0x0494,0x039c,0x0000} }, /* U+62C2 拂 */
    { 0x62c5u, {0x0908,0x0ffe,0x0088,0x0008,0x0800,0x09fe,0x0912,0x0912,0x0912,0x0912,0x09fe,0x0000} }, /* U+62C5 担 */
    { 0x62c6u, {0x0908,0x0ffe,0x0088,0x0008,0x0600,0x01fc,0x0024,0x00a4,0x0fe2,0x0122,0x0220,0x0000} }, /* U+62C6 拆 */
    { 0x62c7u, {0x0908,0x0ffe,0x0008,0x0720,0x04fe,0x0422,0x04aa,0x0532,0x0c22,0x07fe,0x0420,0x0000} }, /* U+62C7 拇 */
    { 0x62c8u, {0x0108,0x0908,0x0ffe,0x0088,0x0008,0x0f80,0x0880,0x08ff,0x0888,0x0888,0x0f88,0x0000} }, /* U+62C8 拈 */
    { 0x62c9u, {0x0908,0x0ffe,0x0088,0x0808,0x0808,0x0be8,0x0808,0x080f,0x0f08,0x08e8,0x0808,0x0000} }, /* U+62C9 拉 */
    { 0x62cau, {0x0908,0x0ffe,0x0088,0x0010,0x0ff8,0x0006,0x0048,0x0088,0x0808,0x0fff,0x0008,0x0000} }, /* U+62CA 拊 */
    { 0x62ccu, {0x0908,0x0ffe,0x0088,0x0000,0x0128,0x0124,0x0120,0x0fff,0x0120,0x0124,0x0128,0x0000} }, /* U+62CC 拌 */
    { 0x62cdu, {0x0908,0x0ffe,0x0088,0x0000,0x0ff8,0x0888,0x088c,0x088b,0x0888,0x0888,0x0ff8,0x0000} }, /* U+62CD 拍 */
    { 0x62cfu, {0x0444,0x045c,0x0527,0x0564,0x055c,0x0fc4,0x0542,0x055a,0x0522,0x0432,0x044e,0x0000} }, /* U+62CF 拏 */
    { 0x62d0u, {0x0908,0x0ffe,0x0088,0x0808,0x0880,0x049e,0x0392,0x0092,0x0892,0x089e,0x0780,0x0000} }, /* U+62D0 拐 */
    { 0x62d1u, {0x0908,0x0ffe,0x0088,0x0008,0x0008,0x0fff,0x0888,0x0888,0x0888,0x0888,0x0ffe,0x0000} }, /* U+62D1 拑 */
    { 0x62d2u, {0x0908,0x0ffe,0x0088,0x0000,0x0ffe,0x0892,0x0892,0x0892,0x0892,0x08f2,0x0802,0x0000} }, /* U+62D2 拒 */
    { 0x62d3u, {0x0908,0x0ffe,0x0108,0x0088,0x0082,0x0fc2,0x0862,0x085e,0x0842,0x0842,0x0fc2,0x0000} }, /* U+62D3 拓 */
    { 0x62d4u, {0x0908,0x0ffe,0x0088,0x0008,0x0b08,0x08c8,0x043f,0x04c8,0x0308,0x0488,0x086e,0x0000} }, /* U+62D4 拔 */
    { 0x62d7u, {0x0908,0x0ffe,0x0088,0x0c18,0x0b26,0x08c0,0x0e38,0x0188,0x087f,0x0808,0x07f8,0x0000} }, /* U+62D7 拗 */
    { 0x62d8u, {0x0908,0x0ffe,0x0088,0x0000,0x0018,0x01e7,0x0124,0x09e4,0x0804,0x0404,0x03fc,0x0000} }, /* U+62D8 拘 */
    { 0x62d9u, {0x0908,0x0ffe,0x0088,0x0000,0x0f3c,0x0820,0x0820,0x0fff,0x0820,0x0820,0x0f3c,0x0000} }, /* U+62D9 拙 */
    { 0x62dbu, {0x0108,0x0908,0x0ffe,0x0088,0x0000,0x0fa2,0x0892,0x088e,0x08a2,0x08a2,0x0f9e,0x0000} }, /* U+62DB 招 */
    { 0x62dcu, {0x0c92,0x03fe,0x0092,0x0090,0x0102,0x0112,0x0112,0x0ffe,0x0112,0x0112,0x0112,0x0000} }, /* U+62DC 拜 */
    { 0x62ddu, {0x0908,0x0ffe,0x0088,0x0000,0x0112,0x0112,0x0112,0x0ffe,0x0112,0x0112,0x0112,0x0000} }, /* U+62DD 拝 */
    { 0x62e0u, {0x0908,0x0ffe,0x0888,0x047f,0x0384,0x047c,0x0980,0x087e,0x0802,0x0bfe,0x0a00,0x0000} }, /* U+62E0 拠 */
    { 0x62e1u, {0x0908,0x0ffe,0x0088,0x0608,0x01fc,0x0c04,0x0b84,0x0877,0x0404,0x0384,0x0c04,0x0000} }, /* U+62E1 拡 */
    { 0x62ecu, {0x0108,0x0908,0x0ffe,0x0088,0x0000,0x0f24,0x0924,0x0924,0x09fc,0x0922,0x0f22,0x0000} }, /* U+62EC 括 */
    { 0x62edu, {0x0908,0x0ffe,0x0088,0x0448,0x0448,0x07c8,0x0448,0x044f,0x0078,0x0388,0x0c0e,0x0000} }, /* U+62ED 拭 */
    { 0x62eeu, {0x0908,0x0ffe,0x0088,0x0008,0x0004,0x0f24,0x0924,0x0924,0x093f,0x0924,0x0f24,0x0000} }, /* U+62EE 拮 */
    { 0x62efu, {0x0908,0x0ffe,0x0088,0x0810,0x0992,0x0872,0x0a02,0x0bfa,0x0846,0x08a2,0x0910,0x0000} }, /* U+62EF 拯 */
    { 0x62f1u, {0x0908,0x0ffe,0x0088,0x0908,0x0508,0x01ff,0x0108,0x0108,0x01ff,0x0508,0x0908,0x0000} }, /* U+62F1 拱 */
    { 0x62f3u, {0x02a8,0x02ac,0x026a,0x0ab8,0x0aa8,0x0fef,0x02a8,0x02b8,0x026a,0x02ac,0x0328,0x0000} }, /* U+62F3 拳 */
    { 0x62f5u, {0x0908,0x0ffe,0x0108,0x0084,0x0fe4,0x001c,0x0117,0x0914,0x0fd4,0x0134,0x0104,0x0000} }, /* U+62F5 拵 */
    { 0x62f6u, {0x0908,0x0ffe,0x0088,0x0014,0x0922,0x0908,0x0ad4,0x04a2,0x0488,0x0294,0x01a2,0x0000} }, /* U+62F6 拶 */
    { 0x62f7u, {0x0108,0x0908,0x0ffe,0x0288,0x0124,0x03a4,0x02e4,0x02bf,0x0aa4,0x0ab4,0x06ac,0x0000} }, /* U+62F7 拷 */
    { 0x62feu, {0x0108,0x0908,0x0ffe,0x0088,0x0000,0x0f24,0x0922,0x0922,0x0922,0x0922,0x0f24,0x0000} }, /* U+62FE 拾 */
    { 0x62ffu, {0x0410,0x0448,0x054c,0x057a,0x054a,0x0fca,0x054a,0x057a,0x054c,0x0448,0x0410,0x0000} }, /* U+62FF 拿 */
    { 0x6301u, {0x0908,0x0ffe,0x0088,0x0000,0x00a4,0x02a4,0x04a4,0x00bf,0x08a4,0x0fe4,0x00a4,0x0000} }, /* U+6301 持 */
    { 0x6302u, {0x0908,0x0ffe,0x0088,0x0008,0x0820,0x0924,0x0924,0x0fff,0x0924,0x0924,0x0924,0x0000} }, /* U+6302 挂 */
    { 0x6307u, {0x0108,0x0908,0x0ffe,0x0088,0x0000,0x0fbe,0x0aa4,0x0aa4,0x0aa4,0x0aa2,0x0fb2,0x0000} }, /* U+6307 指 */
    { 0x6308u, {0x0454,0x0454,0x057f,0x052a,0x054a,0x0fc0,0x0572,0x054e,0x0542,0x0442,0x043e,0x0000} }, /* U+6308 挈 */
    { 0x6309u, {0x0908,0x0ffe,0x0088,0x085c,0x0a44,0x0bc4,0x0477,0x0444,0x0644,0x09c4,0x085c,0x0000} }, /* U+6309 按 */
    { 0x630cu, {0x0908,0x0ffe,0x0088,0x0008,0x0110,0x0f88,0x0957,0x0924,0x0924,0x0954,0x0f8c,0x0000} }, /* U+630C 挌 */
    { 0x6311u, {0x0908,0x0ffe,0x0908,0x0884,0x0448,0x03fe,0x0000,0x07ff,0x0840,0x0888,0x0d04,0x0000} }, /* U+6311 挑 */
    { 0x6319u, {0x0248,0x0228,0x029a,0x0aac,0x0aa9,0x0fea,0x02a8,0x02ac,0x029a,0x0229,0x0248,0x0000} }, /* U+6319 挙 */
    { 0x631fu, {0x0908,0x0ffe,0x0088,0x0800,0x0894,0x04a4,0x0284,0x01ff,0x0284,0x04a4,0x0894,0x0000} }, /* U+631F 挟 */
    { 0x6327u, {0x0908,0x0ffe,0x0088,0x0202,0x0122,0x0892,0x0ffe,0x0202,0x0122,0x0892,0x0ffe,0x0000} }, /* U+6327 挧 */
    { 0x6328u, {0x0908,0x0ffe,0x0088,0x0988,0x0978,0x052c,0x032b,0x01e8,0x0328,0x052e,0x0928,0x0000} }, /* U+6328 挨 */
    { 0x632bu, {0x0908,0x0ffe,0x0108,0x0860,0x091c,0x0920,0x0940,0x0fff,0x0920,0x091c,0x0960,0x0000} }, /* U+632B 挫 */
    { 0x632fu, {0x0908,0x0ffe,0x0088,0x0600,0x01fe,0x0842,0x0fca,0x084a,0x03ca,0x044a,0x0b42,0x0000} }, /* U+632F 振 */
    { 0x633au, {0x0908,0x0ffe,0x0108,0x0cb2,0x032a,0x04e6,0x0a24,0x0a24,0x0bfc,0x0a22,0x0a22,0x0000} }, /* U+633A 挺 */
    { 0x633du, {0x0908,0x0ffe,0x0088,0x0808,0x08f4,0x0492,0x0392,0x00fa,0x0f96,0x0890,0x0cf0,0x0000} }, /* U+633D 挽 */
    { 0x633eu, {0x0908,0x0ffe,0x0088,0x0800,0x08c4,0x0434,0x0244,0x01ff,0x0244,0x0434,0x08c4,0x0000} }, /* U+633E 挾 */
    { 0x633fu, {0x0908,0x0ffe,0x0080,0x0008,0x03ea,0x02aa,0x02aa,0x0ffe,0x02aa,0x02aa,0x03ea,0x0000} }, /* U+633F 挿 */
    { 0x6349u, {0x0908,0x0ffe,0x0888,0x0800,0x079e,0x0412,0x0412,0x07f2,0x0892,0x0892,0x089e,0x0000} }, /* U+6349 捉 */
    { 0x634cu, {0x0908,0x0ffe,0x0088,0x031e,0x08f2,0x0852,0x07de,0x0000,0x01fc,0x0800,0x0ffe,0x0000} }, /* U+634C 捌 */
    { 0x634du, {0x0108,0x0908,0x0ffe,0x0088,0x0200,0x02be,0x02aa,0x02aa,0x0faa,0x02aa,0x02be,0x0000} }, /* U+634D 捍 */
    { 0x634fu, {0x0108,0x0908,0x0ffe,0x0088,0x0800,0x097e,0x094a,0x094a,0x0fca,0x094a,0x097e,0x0000} }, /* U+634F 捏 */
    { 0x6350u, {0x0108,0x0908,0x0ffe,0x0088,0x0000,0x0fee,0x02aa,0x02aa,0x02aa,0x0aaa,0x0fee,0x0000} }, /* U+6350 捐 */
    { 0x6355u, {0x0908,0x0ffe,0x0088,0x0000,0x0ff4,0x0154,0x0154,0x0fff,0x0154,0x0954,0x0ff6,0x0000} }, /* U+6355 捕 */
    { 0x6357u, {0x0908,0x0ffe,0x0008,0x0090,0x085e,0x0910,0x09ff,0x0414,0x0414,0x0254,0x0090,0x0000} }, /* U+6357 捗 */
    { 0x635cu, {0x0908,0x0ffe,0x0088,0x097c,0x0954,0x0b54,0x0554,0x05ff,0x0554,0x0b54,0x097c,0x0000} }, /* U+635C 捜 */
    { 0x6367u, {0x0908,0x0ffe,0x0008,0x0140,0x04d4,0x0574,0x055c,0x0fd7,0x0574,0x05d4,0x0554,0x0000} }, /* U+6367 捧 */
    { 0x6368u, {0x0908,0x0ffe,0x0088,0x0000,0x0048,0x0f54,0x0952,0x0952,0x097a,0x0952,0x0f54,0x0000} }, /* U+6368 捨 */
    { 0x6369u, {0x0908,0x0ffe,0x0088,0x0302,0x08fa,0x08aa,0x04aa,0x03ea,0x02aa,0x04aa,0x08ba,0x0000} }, /* U+6369 捩 */
    { 0x636bu, {0x0908,0x0ffe,0x0088,0x0000,0x0ffe,0x002a,0x003e,0x0000,0x003e,0x082a,0x0ffe,0x0000} }, /* U+636B 捫 */
    { 0x636eu, {0x0908,0x0ffe,0x0088,0x0600,0x01fe,0x0f2a,0x092a,0x092a,0x09fa,0x092a,0x0f2e,0x0000} }, /* U+636E 据 */
    { 0x6372u, {0x0908,0x0ffe,0x0088,0x02a8,0x0faa,0x0afc,0x0aa9,0x0aaa,0x0ab8,0x0bec,0x0caa,0x0000} }, /* U+6372 捲 */
    { 0x6376u, {0x0908,0x0ffe,0x0088,0x0020,0x092a,0x09fa,0x092a,0x0ffe,0x092a,0x092a,0x09fa,0x0000} }, /* U+6376 捶 */
    { 0x6377u, {0x0908,0x0ffe,0x0888,0x0800,0x0714,0x0454,0x0454,0x07ff,0x0954,0x0954,0x097c,0x0000} }, /* U+6377 捷 */
    { 0x637au, {0x0908,0x0ffe,0x0108,0x04a4,0x0294,0x00ac,0x08a4,0x0fa7,0x00ac,0x0294,0x04a4,0x0000} }, /* U+637A 捺 */
    { 0x637bu, {0x0908,0x0ffe,0x0088,0x0010,0x0608,0x0824,0x092a,0x0a2a,0x08aa,0x0264,0x0408,0x0000} }, /* U+637B 捻 */
    { 0x6380u, {0x0908,0x0ffe,0x0088,0x07fe,0x0012,0x0ff2,0x0418,0x0307,0x00fc,0x0304,0x0c3c,0x0000} }, /* U+6380 掀 */
    { 0x6383u, {0x0908,0x0ffe,0x0088,0x0060,0x07aa,0x00aa,0x00aa,0x0fea,0x04aa,0x07be,0x00e0,0x0000} }, /* U+6383 掃 */
    { 0x6388u, {0x0908,0x0ffe,0x0088,0x0862,0x08aa,0x0bb2,0x04a6,0x04aa,0x06a2,0x09b8,0x0866,0x0000} }, /* U+6388 授 */
    { 0x6389u, {0x0908,0x0ffe,0x0088,0x0400,0x05f0,0x0550,0x055f,0x0f54,0x0554,0x0554,0x05f4,0x0000} }, /* U+6389 掉 */
    { 0x638cu, {0x020c,0x0224,0x02a6,0x0abc,0x0aa4,0x0fe7,0x02a4,0x02bc,0x02a6,0x0224,0x020c,0x0000} }, /* U+638C 掌 */
    { 0x638eu, {0x0908,0x0ffe,0x0088,0x0008,0x0764,0x0554,0x054c,0x0747,0x004c,0x0854,0x0fe4,0x0000} }, /* U+638E 掎 */
    { 0x638fu, {0x0908,0x0ffe,0x0088,0x0000,0x0358,0x0257,0x03f4,0x0254,0x0b54,0x0804,0x07fc,0x0000} }, /* U+638F 掏 */
    { 0x6392u, {0x0908,0x0ffe,0x0088,0x0904,0x0924,0x0524,0x03fe,0x0000,0x0fff,0x0224,0x0224,0x0000} }, /* U+6392 排 */
    { 0x6396u, {0x0908,0x0ffe,0x0088,0x0fe4,0x001c,0x0984,0x0864,0x059f,0x0614,0x09f4,0x0804,0x0000} }, /* U+6396 掖 */
    { 0x6398u, {0x0908,0x0ffe,0x0088,0x0600,0x01fe,0x0e0a,0x08ea,0x088a,0x0ffa,0x088a,0x0eee,0x0000} }, /* U+6398 掘 */
    { 0x639bu, {0x0908,0x0ffe,0x0088,0x0820,0x0924,0x0fff,0x0924,0x0924,0x0000,0x0ffe,0x0040,0x0080} }, /* U+639B 掛 */
    { 0x639fu, {0x0908,0x0ffe,0x0888,0x0800,0x072c,0x0424,0x0424,0x07e7,0x0924,0x0924,0x092c,0x0000} }, /* U+639F 掟 */
    { 0x63a0u, {0x0908,0x0ffe,0x0088,0x0404,0x02f4,0x0094,0x0894,0x0f97,0x0094,0x02f4,0x0404,0x0000} }, /* U+63A0 掠 */
    { 0x63a1u, {0x0908,0x0ffe,0x0088,0x0400,0x048a,0x0292,0x0186,0x0fca,0x0082,0x0298,0x0486,0x0000} }, /* U+63A1 採 */
    { 0x63a2u, {0x0908,0x0ffe,0x0108,0x042e,0x04a2,0x0292,0x018e,0x0fc2,0x009e,0x02a2,0x04a6,0x0000} }, /* U+63A2 探 */
    { 0x63a3u, {0x047e,0x0414,0x0554,0x057f,0x0554,0x0ff4,0x0540,0x055e,0x0500,0x0440,0x047e,0x0000} }, /* U+63A3 掣 */
    { 0x63a5u, {0x0908,0x0ffe,0x0108,0x00a0,0x0aa4,0x0bbc,0x04e4,0x04a7,0x04a4,0x0bbc,0x08a4,0x0000} }, /* U+63A5 接 */
    { 0x63a7u, {0x0908,0x0ffe,0x0108,0x081c,0x0944,0x0944,0x093c,0x0f07,0x097c,0x0944,0x086c,0x0000} }, /* U+63A7 控 */
    { 0x63a8u, {0x0108,0x0908,0x0ffe,0x0088,0x0020,0x0ff8,0x092f,0x0928,0x0ff8,0x092e,0x0928,0x0000} }, /* U+63A8 推 */
    { 0x63a9u, {0x0908,0x0ffe,0x0088,0x0024,0x03f4,0x02ac,0x02a4,0x0ff7,0x0aa4,0x0aac,0x0bf4,0x0000} }, /* U+63A9 掩 */
    { 0x63aau, {0x0108,0x0908,0x0ffe,0x0088,0x0020,0x0fa4,0x0abf,0x0aa4,0x0aa4,0x0abf,0x0fa4,0x0000} }, /* U+63AA 措 */
    { 0x63abu, {0x0908,0x0ffe,0x0088,0x040a,0x07fe,0x024a,0x0ffe,0x080a,0x04ea,0x030a,0x0cfa,0x0000} }, /* U+63AB 掫 */
    { 0x63acu, {0x0908,0x0ffe,0x0108,0x0498,0x02a7,0x0084,0x07f4,0x01a4,0x0a94,0x0884,0x07fc,0x0000} }, /* U+63AC 掬 */
    { 0x63b2u, {0x0908,0x0ffe,0x0088,0x0100,0x07be,0x04ea,0x04aa,0x06aa,0x08aa,0x08be,0x0780,0x0000} }, /* U+63B2 掲 */
    { 0x63b4u, {0x0908,0x0ffe,0x0088,0x0008,0x0ffe,0x0a0a,0x0a4a,0x0bfa,0x0a4a,0x0a8a,0x0ffe,0x0000} }, /* U+63B4 掴 */
    { 0x63b5u, {0x0908,0x0ffe,0x0088,0x07c8,0x0454,0x07d2,0x0012,0x0fd2,0x0052,0x0454,0x07d8,0x0000} }, /* U+63B5 掵 */
    { 0x63bbu, {0x0908,0x0ffe,0x0088,0x0820,0x0ba2,0x0aaa,0x0a92,0x0fd2,0x0a9a,0x0aa6,0x0da0,0x0000} }, /* U+63BB 掻 */
    { 0x63beu, {0x0908,0x0ffe,0x0088,0x0420,0x0538,0x056e,0x0aaa,0x0aea,0x07ba,0x012e,0x06a2,0x0000} }, /* U+63BE 掾 */
    { 0x63c0u, {0x0908,0x0ffe,0x0088,0x0804,0x09f4,0x0554,0x0314,0x0fff,0x0114,0x0554,0x09f4,0x0000} }, /* U+63C0 揀 */
    { 0x63c3u, {0x0908,0x0ffe,0x0088,0x0004,0x0ff4,0x0157,0x0ff4,0x0004,0x03e6,0x0805,0x0ff4,0x0000} }, /* U+63C3 揃 */
    { 0x63c4u, {0x0908,0x0ffe,0x0088,0x0012,0x0fca,0x0556,0x0fd2,0x0312,0x0cd2,0x0314,0x0cd8,0x0000} }, /* U+63C4 揄 */
    { 0x63c6u, {0x0908,0x0ffe,0x0108,0x0842,0x092a,0x0552,0x054e,0x03c8,0x0556,0x0928,0x0944,0x0000} }, /* U+63C6 揆 */
    { 0x63c9u, {0x0908,0x0ffe,0x0088,0x0808,0x0950,0x0552,0x0332,0x0ffa,0x0116,0x0552,0x0930,0x0000} }, /* U+63C9 揉 */
    { 0x63cfu, {0x0908,0x0ffe,0x0088,0x0000,0x0fe4,0x0924,0x093f,0x0fe4,0x0924,0x093f,0x0fe4,0x0000} }, /* U+63CF 描 */
    { 0x63d0u, {0x0908,0x0ffe,0x0908,0x0880,0x07be,0x04aa,0x04aa,0x07aa,0x0aaa,0x0abe,0x0880,0x0000} }, /* U+63D0 提 */
    { 0x63d2u, {0x0908,0x0ffe,0x0088,0x0008,0x0fca,0x092a,0x080a,0x0ffe,0x080a,0x094a,0x0fca,0x0000} }, /* U+63D2 插 */
    { 0x63d6u, {0x0108,0x0908,0x0ffe,0x0088,0x0420,0x07ee,0x02aa,0x02aa,0x02aa,0x02aa,0x0fee,0x0000} }, /* U+63D6 揖 */
    { 0x63dau, {0x0908,0x0ffe,0x0108,0x0480,0x02fe,0x09aa,0x04aa,0x02aa,0x09aa,0x08be,0x07a0,0x0000} }, /* U+63DA 揚 */
    { 0x63dbu, {0x0908,0x0ffe,0x0088,0x0908,0x09fc,0x054a,0x033a,0x018a,0x037e,0x054a,0x09f8,0x0000} }, /* U+63DB 換 */
    { 0x63e1u, {0x0908,0x0ffe,0x0088,0x0600,0x01fe,0x082a,0x0aea,0x0aaa,0x0faa,0x0aea,0x0aae,0x0000} }, /* U+63E1 握 */
    { 0x63e3u, {0x0908,0x0ffe,0x0088,0x0000,0x0fae,0x00a8,0x07a8,0x00ef,0x07a8,0x08a8,0x0fae,0x0000} }, /* U+63E3 揣 */
    { 0x63e9u, {0x0908,0x0ffe,0x0088,0x0008,0x0fbe,0x0aa4,0x0aa4,0x0ac0,0x0abf,0x0aa4,0x0fb4,0x0000} }, /* U+63E9 揩 */
    { 0x63eeu, {0x0908,0x0ffe,0x0088,0x040e,0x05fa,0x052a,0x052a,0x0ffe,0x052a,0x052a,0x05fe,0x0000} }, /* U+63EE 揮 */
    { 0x63f4u, {0x0908,0x0ffe,0x0088,0x0242,0x0a52,0x095e,0x0bd2,0x057e,0x0552,0x0b5a,0x0856,0x0000} }, /* U+63F4 援 */
    { 0x63f6u, {0x0908,0x0ffe,0x0088,0x0402,0x07fe,0x024a,0x0ffe,0x0002,0x0ffe,0x0422,0x03de,0x0000} }, /* U+63F6 揶 */
    { 0x63fau, {0x0908,0x0ffe,0x0088,0x0000,0x0eba,0x08a2,0x08ba,0x0fe2,0x08a2,0x08ba,0x0ea6,0x0000} }, /* U+63FA 揺 */
    { 0x6406u, {0x0908,0x0ffe,0x0088,0x0414,0x0fd4,0x057f,0x0554,0x07d4,0x057f,0x0554,0x0fd4,0x0000} }, /* U+6406 搆 */
    { 0x640du, {0x0108,0x0908,0x0ffe,0x0088,0x0800,0x0bee,0x06aa,0x02aa,0x02aa,0x06aa,0x0bee,0x0000} }, /* U+640D 損 */
    { 0x640fu, {0x0908,0x0ffe,0x0088,0x0204,0x02f4,0x0654,0x0a54,0x02ff,0x0a54,0x0f54,0x02f6,0x0000} }, /* U+640F 搏 */
    { 0x6413u, {0x0908,0x0ffe,0x0088,0x0008,0x0a44,0x0957,0x09d4,0x097c,0x0f56,0x0955,0x0954,0x0000} }, /* U+6413 搓 */
    { 0x6416u, {0x0908,0x0ffe,0x0088,0x0000,0x0da4,0x0934,0x0962,0x0fda,0x0952,0x094a,0x0d46,0x0000} }, /* U+6416 搖 */
    { 0x6417u, {0x0908,0x0ffe,0x0088,0x0c08,0x09fc,0x0f54,0x0956,0x0d55,0x0154,0x097c,0x0f40,0x0000} }, /* U+6417 搗 */
    { 0x641cu, {0x0908,0x0ffe,0x0088,0x0800,0x097c,0x0b52,0x0540,0x05ff,0x0540,0x0b54,0x097c,0x0000} }, /* U+641C 搜 */
    { 0x6426u, {0x0908,0x0ffe,0x0088,0x0a72,0x0952,0x07de,0x0000,0x0572,0x0ad2,0x0952,0x07de,0x0000} }, /* U+6426 搦 */
    { 0x6428u, {0x0908,0x0ffe,0x0108,0x0a80,0x05be,0x02aa,0x0faa,0x0aaa,0x05aa,0x0abe,0x0f80,0x0000} }, /* U+6428 搨 */
    { 0x642cu, {0x0908,0x0ffe,0x0048,0x0ffc,0x0096,0x0ffd,0x08a0,0x0b9e,0x0482,0x06be,0x09a0,0x0000} }, /* U+642C 搬 */
    { 0x642du, {0x0908,0x0ffe,0x0088,0x0008,0x0084,0x0e44,0x0aaf,0x0a94,0x0a94,0x0aaf,0x0e44,0x0000} }, /* U+642D 搭 */
    { 0x6434u, {0x054c,0x0544,0x04d4,0x057c,0x0554,0x0fd7,0x0554,0x057c,0x0554,0x04c4,0x054c,0x0000} }, /* U+6434 搴 */
    { 0x6436u, {0x0108,0x0908,0x0ffe,0x0088,0x0608,0x01fc,0x0eaa,0x0aaa,0x0aaa,0x0aaa,0x0efc,0x0000} }, /* U+6436 搶 */
    { 0x643au, {0x0908,0x0ffe,0x0088,0x0810,0x09fc,0x0557,0x0354,0x01fc,0x0957,0x0b54,0x0654,0x0000} }, /* U+643A 携 */
    { 0x643eu, {0x0908,0x0ffe,0x0088,0x012c,0x00a4,0x0054,0x0fcc,0x0547,0x057c,0x0544,0x056c,0x0000} }, /* U+643E 搾 */
    { 0x6442u, {0x0908,0x0ffe,0x0088,0x0000,0x0842,0x057e,0x024a,0x004a,0x024a,0x05fe,0x0842,0x0000} }, /* U+6442 摂 */
    { 0x644eu, {0x0908,0x0ffe,0x0088,0x0022,0x0896,0x0a8a,0x0a7e,0x094a,0x0556,0x048a,0x013e,0x0000} }, /* U+644E 摎 */
    { 0x6458u, {0x0908,0x0ffe,0x0088,0x0004,0x0fe4,0x00bc,0x0ea4,0x0be7,0x0ebc,0x00a4,0x0fe4,0x0000} }, /* U+6458 摘 */
    { 0x6467u, {0x0908,0x0ffe,0x0108,0x0040,0x0fee,0x0ab8,0x0aa8,0x0aaf,0x0fe8,0x0ab8,0x0aae,0x0000} }, /* U+6467 摧 */
    { 0x6469u, {0x0600,0x01fc,0x0294,0x0254,0x0afc,0x0a94,0x0fa7,0x0294,0x02fc,0x0254,0x0294,0x0000} }, /* U+6469 摩 */
    { 0x646fu, {0x0414,0x045c,0x0577,0x0554,0x055c,0x0fc4,0x0554,0x053f,0x0524,0x047c,0x0440,0x0000} }, /* U+646F 摯 */
    { 0x6476u, {0x0908,0x0ffe,0x0088,0x0104,0x017c,0x0554,0x0954,0x01ff,0x0954,0x0f54,0x01fc,0x0000} }, /* U+6476 摶 */
    { 0x6478u, {0x0108,0x0908,0x0ffe,0x0088,0x0904,0x09f4,0x055f,0x0354,0x0154,0x055f,0x09f4,0x0000} }, /* U+6478 摸 */
    { 0x647au, {0x0908,0x0ffe,0x0088,0x0022,0x0f96,0x0a8a,0x0afe,0x0aa0,0x0a96,0x0aaa,0x0fbe,0x0000} }, /* U+647A 摺 */
    { 0x6483u, {0x0444,0x057c,0x0554,0x057f,0x0554,0x0fdc,0x0576,0x0552,0x0552,0x04be,0x0488,0x0000} }, /* U+6483 撃 */
    { 0x6488u, {0x0908,0x0ffe,0x0108,0x0866,0x0930,0x052f,0x03e4,0x0132,0x092f,0x0930,0x0766,0x0000} }, /* U+6488 撈 */
    { 0x6492u, {0x0908,0x0ffe,0x0088,0x0fd4,0x055f,0x0554,0x0fdf,0x0810,0x04df,0x0304,0x0cfc,0x0000} }, /* U+6492 撒 */
    { 0x6493u, {0x0908,0x0ffe,0x0088,0x0950,0x0954,0x05f4,0x0354,0x011f,0x0f54,0x09f4,0x0d54,0x0000} }, /* U+6493 撓 */
    { 0x6495u, {0x0908,0x0ffe,0x0908,0x05fe,0x0128,0x05fe,0x0908,0x03fc,0x0014,0x0ff2,0x0012,0x0000} }, /* U+6495 撕 */
    { 0x649au, {0x0908,0x0ffe,0x0008,0x0910,0x04ae,0x0042,0x053e,0x0888,0x007f,0x0488,0x090e,0x0000} }, /* U+649A 撚 */
    { 0x649eu, {0x0908,0x0ffe,0x0088,0x0824,0x0be4,0x0abc,0x0aa4,0x0fe7,0x0aa4,0x0abc,0x0be4,0x0000} }, /* U+649E 撞 */
    { 0x64a4u, {0x0908,0x0ffe,0x0084,0x0ff4,0x02ac,0x02a7,0x0ff4,0x0824,0x04cf,0x0304,0x0cfc,0x0000} }, /* U+64A4 撤 */
    { 0x64a5u, {0x0908,0x0ffe,0x0088,0x0ba2,0x0ab6,0x06ea,0x0986,0x0b68,0x0536,0x07e8,0x08a4,0x0000} }, /* U+64A5 撥 */
    { 0x64a9u, {0x0908,0x0ffe,0x0108,0x0844,0x042c,0x01f4,0x095c,0x0f57,0x0154,0x055c,0x09f4,0x0000} }, /* U+64A9 撩 */
    { 0x64abu, {0x0908,0x0ffe,0x0088,0x0820,0x0528,0x01ff,0x0d24,0x01fc,0x0d24,0x01fc,0x0d24,0x0000} }, /* U+64AB 撫 */
    { 0x64adu, {0x0908,0x0ffe,0x0008,0x0080,0x0fd2,0x0ab6,0x0a92,0x0ffe,0x0a9a,0x0ab6,0x0fd2,0x0000} }, /* U+64AD 播 */
    { 0x64aeu, {0x0908,0x0ffe,0x0088,0x0820,0x0ffe,0x04aa,0x0fea,0x08aa,0x07aa,0x04be,0x0ba0,0x0000} }, /* U+64AE 撮 */
    { 0x64b0u, {0x0908,0x0ffe,0x0088,0x0a00,0x0aba,0x06aa,0x03ee,0x0280,0x03fa,0x06aa,0x0aae,0x0000} }, /* U+64B0 撰 */
    { 0x64b2u, {0x0908,0x0ffe,0x0088,0x0a26,0x0aa4,0x06bf,0x02a4,0x03e7,0x06bc,0x0aa6,0x0aa4,0x0000} }, /* U+64B2 撲 */
    { 0x64b9u, {0x0908,0x0ffe,0x0088,0x0808,0x09fa,0x052c,0x0329,0x012a,0x0f2c,0x09ea,0x0c18,0x0000} }, /* U+64B9 撹 */
    { 0x64bbu, {0x0908,0x0ffe,0x0908,0x0892,0x0784,0x0450,0x0954,0x0974,0x0bdf,0x0954,0x0974,0x0000} }, /* U+64BB 撻 */
    { 0x64bcu, {0x0908,0x0ffe,0x0808,0x05fc,0x0004,0x0674,0x0854,0x0974,0x089f,0x0264,0x0496,0x0000} }, /* U+64BC 撼 */
    { 0x64c1u, {0x0908,0x0ffe,0x0008,0x0b6c,0x06d4,0x024c,0x0fe7,0x0abc,0x0aa4,0x0ff4,0x0aac,0x0000} }, /* U+64C1 擁 */
    { 0x64c2u, {0x0908,0x0ffe,0x0088,0x0008,0x0fba,0x0a8a,0x0aaa,0x0ffe,0x0a8a,0x0aaa,0x0fba,0x0000} }, /* U+64C2 擂 */
    { 0x64c5u, {0x0908,0x0ffe,0x0088,0x0804,0x087c,0x0fc4,0x095c,0x0957,0x095c,0x0fc4,0x087c,0x0000} }, /* U+64C5 擅 */
    { 0x64c7u, {0x0908,0x0ffe,0x0088,0x0108,0x055e,0x05d2,0x055e,0x0f72,0x055e,0x05d2,0x055e,0x0000} }, /* U+64C7 擇 */
    { 0x64cdu, {0x0908,0x0ffe,0x0088,0x0800,0x0978,0x054e,0x037a,0x0f8a,0x017a,0x054e,0x0978,0x0000} }, /* U+64CD 操 */
    { 0x64d2u, {0x0908,0x0ffe,0x0088,0x0008,0x0f7c,0x014a,0x076a,0x05de,0x056a,0x014a,0x0f7c,0x0000} }, /* U+64D2 擒 */
    { 0x64d4u, {0x0908,0x0ffe,0x0088,0x0608,0x01fc,0x0eaa,0x0aaa,0x0a9a,0x0ace,0x0aba,0x0ea8,0x0000} }, /* U+64D4 擔 */
    { 0x64d8u, {0x04fe,0x04aa,0x05aa,0x056e,0x0550,0x0fd4,0x055c,0x0577,0x0554,0x045c,0x0454,0x0000} }, /* U+64D8 擘 */
    { 0x64dau, {0x0908,0x0ffe,0x0088,0x0600,0x05f8,0x0528,0x0aaf,0x0afa,0x07aa,0x04aa,0x0a98,0x0000} }, /* U+64DA 據 */
    { 0x64e0u, {0x0908,0x0ffe,0x0114,0x0854,0x0f74,0x051c,0x05e7,0x051c,0x0574,0x0554,0x0fec,0x0000} }, /* U+64E0 擠 */
    { 0x64e1u, {0x0908,0x0ffe,0x0088,0x09c4,0x0a74,0x0b54,0x0ad4,0x0e5f,0x0b54,0x0a74,0x09c4,0x0000} }, /* U+64E1 擡 */
    { 0x64e2u, {0x0908,0x0ffe,0x0088,0x0100,0x0faa,0x0aea,0x0abe,0x0f80,0x0aea,0x0aaa,0x0abe,0x0000} }, /* U+64E2 擢 */
    { 0x64e3u, {0x0908,0x0ffe,0x0088,0x0110,0x0f54,0x0954,0x0f54,0x01df,0x0554,0x0954,0x0f34,0x0000} }, /* U+64E3 擣 */
    { 0x64e6u, {0x0908,0x0ffe,0x0088,0x095c,0x0554,0x0124,0x095c,0x0f47,0x015c,0x0524,0x095c,0x0000} }, /* U+64E6 擦 */
    { 0x64e7u, {0x02be,0x02aa,0x026a,0x0aa0,0x0aaf,0x0fea,0x02ba,0x02a0,0x02aa,0x026a,0x02be,0x0000} }, /* U+64E7 擧 */
    { 0x64ecu, {0x0908,0x0ffe,0x0888,0x056e,0x03d4,0x0554,0x0f52,0x0812,0x0ffa,0x0916,0x0932,0x0000} }, /* U+64EC 擬 */
    { 0x64efu, {0x0908,0x0ffe,0x0908,0x08ac,0x07d4,0x0554,0x0577,0x0554,0x0554,0x0ff4,0x081c,0x0000} }, /* U+64EF 擯 */
    { 0x64f1u, {0x0908,0x0ffe,0x0088,0x0ffe,0x02aa,0x0eaa,0x097e,0x0940,0x0efe,0x022a,0x0ffe,0x0000} }, /* U+64F1 擱 */
    { 0x64f2u, {0x0910,0x0ffe,0x0a14,0x0bea,0x0678,0x02aa,0x07ea,0x0a04,0x0ffe,0x0422,0x03de,0x0000} }, /* U+64F2 擲 */
    { 0x64f4u, {0x0908,0x0ffe,0x0088,0x0bfc,0x0814,0x07d4,0x057c,0x0554,0x07d7,0x057c,0x0fd4,0x0000} }, /* U+64F4 擴 */
    { 0x64f6u, {0x0908,0x0ffe,0x0088,0x0fe8,0x02a7,0x0abc,0x0fe4,0x0028,0x03b7,0x082c,0x0fe4,0x0000} }, /* U+64F6 擶 */
    { 0x64fau, {0x0908,0x0ffe,0x0088,0x0fee,0x055a,0x054e,0x0fea,0x000a,0x0f7e,0x0aaa,0x0aae,0x0000} }, /* U+64FA 擺 */
    { 0x64fdu, {0x0908,0x0ffe,0x0088,0x0934,0x092a,0x057c,0x0356,0x0fd5,0x017c,0x052a,0x0934,0x0000} }, /* U+64FD 擽 */
    { 0x64feu, {0x0908,0x0ffe,0x0108,0x0860,0x0a22,0x0afe,0x052a,0x056a,0x052a,0x0bbe,0x0962,0x0000} }, /* U+64FE 擾 */
    { 0x6500u, {0x0554,0x054c,0x04ff,0x0554,0x056a,0x0fd4,0x056a,0x0554,0x057f,0x04cc,0x0554,0x0000} }, /* U+6500 攀 */
    { 0x6505u, {0x0908,0x0ffe,0x0088,0x0854,0x0854,0x07ff,0x0554,0x0540,0x0554,0x07ff,0x0854,0x0000} }, /* U+6505 攅 */
    { 0x6518u, {0x0908,0x0ffe,0x0088,0x0444,0x055c,0x0d54,0x0bfc,0x0947,0x03fc,0x0554,0x0b5c,0x0000} }, /* U+6518 攘 */
    { 0x651cu, {0x0908,0x0ffe,0x0088,0x0026,0x0ff4,0x015c,0x0754,0x05f7,0x075c,0x0954,0x0f56,0x0000} }, /* U+651C 攜 */
    { 0x651du, {0x0908,0x0ffe,0x0088,0x0428,0x07e2,0x02be,0x0fea,0x042a,0x07ea,0x02be,0x0fe2,0x0000} }, /* U+651D 攝 */
    { 0x6523u, {0x0454,0x04ea,0x0554,0x0500,0x0574,0x0fd7,0x0574,0x0500,0x0554,0x04ea,0x0454,0x0000} }, /* U+6523 攣 */
    { 0x6524u, {0x0908,0x0ffe,0x0088,0x0974,0x055e,0x03f4,0x0554,0x0fff,0x0928,0x0ffe,0x0928,0x0000} }, /* U+6524 攤 */
    { 0x652au, {0x0908,0x0ffe,0x0108,0x0860,0x083e,0x07ea,0x02aa,0x02b4,0x0eaa,0x0bea,0x0c3e,0x0000} }, /* U+652A 攪 */
    { 0x652bu, {0x0908,0x0ffe,0x0088,0x0848,0x09fe,0x0b4a,0x057e,0x05c0,0x057e,0x0b4a,0x097e,0x0000} }, /* U+652B 攫 */
    { 0x652cu, {0x0908,0x0ffe,0x0088,0x083e,0x0bea,0x06be,0x02aa,0x02df,0x0e74,0x0bd4,0x0c74,0x0000} }, /* U+652C 攬 */
    { 0x652fu, {0x0804,0x0804,0x0824,0x04a4,0x0524,0x023f,0x0224,0x0524,0x04e4,0x0804,0x0804,0x0000} }, /* U+652F 支 */
    { 0x6534u, {0x0800,0x0820,0x0820,0x04a0,0x0520,0x023f,0x0224,0x0524,0x04a4,0x0864,0x0800,0x0000} }, /* U+6534 攴 */
    { 0x6535u, {0x08c0,0x0830,0x080f,0x0404,0x04e4,0x0304,0x0204,0x0584,0x047c,0x0804,0x0804,0x0000} }, /* U+6535 攵 */
    { 0x6536u, {0x03fc,0x0200,0x0100,0x0ffe,0x0800,0x083f,0x0404,0x04c4,0x0304,0x04fc,0x0804,0x0000} }, /* U+6536 收 */
    { 0x6537u, {0x0182,0x0862,0x083e,0x0422,0x03e2,0x0830,0x080f,0x04c4,0x0304,0x04fc,0x0804,0x0000} }, /* U+6537 攷 */
    { 0x6538u, {0x0020,0x0ff8,0x0006,0x03f0,0x0800,0x0830,0x040f,0x04c4,0x0304,0x04fc,0x0804,0x0000} }, /* U+6538 攸 */
    { 0x6539u, {0x07e4,0x0424,0x0424,0x073c,0x0800,0x0830,0x040f,0x04c4,0x0304,0x04fc,0x0804,0x0000} }, /* U+6539 改 */
    { 0x653bu, {0x0408,0x0408,0x03f8,0x0208,0x0860,0x081f,0x0404,0x04c4,0x0304,0x04fc,0x0804,0x0000} }, /* U+653B 攻 */
    { 0x653eu, {0x0608,0x0188,0x087f,0x0848,0x07c8,0x0830,0x080f,0x04c4,0x0304,0x04fc,0x0804,0x0000} }, /* U+653E 放 */
    { 0x653fu, {0x07c4,0x0404,0x07fc,0x0444,0x0844,0x0830,0x040f,0x04c4,0x0304,0x04fc,0x0804,0x0000} }, /* U+653F 政 */
    { 0x6545u, {0x0f88,0x0888,0x08ff,0x0888,0x0f88,0x0830,0x080f,0x04c4,0x0304,0x04fc,0x0804,0x0000} }, /* U+6545 故 */
    { 0x6548u, {0x0824,0x0514,0x0207,0x0514,0x08a4,0x0000,0x081f,0x04c4,0x0304,0x04fc,0x0804,0x0000} }, /* U+6548 效 */
    { 0x654du, {0x0698,0x0894,0x0ff2,0x0092,0x0694,0x0820,0x08a0,0x053f,0x0224,0x0524,0x08e4,0x0000} }, /* U+654D 敍 */
    { 0x654fu, {0x0798,0x04f7,0x0794,0x04f4,0x0c94,0x07f4,0x0810,0x04cf,0x0304,0x04fc,0x0804,0x0000} }, /* U+654F 敏 */
    { 0x6551u, {0x0228,0x0948,0x0fff,0x0008,0x014c,0x0a20,0x080f,0x04c4,0x0304,0x04fc,0x0804,0x0000} }, /* U+6551 救 */
    { 0x6555u, {0x04f4,0x0294,0x0fff,0x0294,0x04f4,0x0820,0x081f,0x04c4,0x0304,0x04fc,0x0804,0x0000} }, /* U+6555 敕 */
    { 0x6556u, {0x0654,0x01d4,0x097f,0x0954,0x0754,0x0810,0x080f,0x04c4,0x0304,0x04fc,0x0804,0x0000} }, /* U+6556 敖 */
    { 0x6557u, {0x09fe,0x052a,0x012a,0x052a,0x09fe,0x0800,0x041f,0x04c4,0x0304,0x04fc,0x0804,0x0000} }, /* U+6557 敗 */
    { 0x6558u, {0x0698,0x0894,0x0ff2,0x0092,0x0694,0x0830,0x080f,0x04c4,0x0304,0x04fc,0x0804,0x0000} }, /* U+6558 敘 */
    { 0x6559u, {0x02a4,0x0264,0x0abf,0x0ea4,0x03bc,0x0a26,0x0818,0x04c7,0x0304,0x04fc,0x0804,0x0000} }, /* U+6559 教 */
    { 0x655du, {0x0fec,0x0020,0x0fff,0x03a0,0x0824,0x0fe8,0x081f,0x04c4,0x0304,0x04fc,0x0804,0x0000} }, /* U+655D 敝 */
    { 0x655eu, {0x0fec,0x02a0,0x02bf,0x03a0,0x0824,0x0fe8,0x081f,0x04c4,0x0304,0x04fc,0x0804,0x0000} }, /* U+655E 敞 */
    { 0x6562u, {0x040a,0x07fa,0x02aa,0x02ae,0x02aa,0x0ffa,0x0810,0x080f,0x04c4,0x0304,0x0cfc,0x0000} }, /* U+6562 敢 */
    { 0x6563u, {0x0fd4,0x055f,0x0554,0x055f,0x0fd4,0x0830,0x080f,0x04c4,0x0304,0x04fc,0x0804,0x0000} }, /* U+6563 散 */
    { 0x6566u, {0x0274,0x0a54,0x0f57,0x02d4,0x0274,0x0800,0x081f,0x04c4,0x0304,0x04fc,0x0804,0x0000} }, /* U+6566 敦 */
    { 0x656cu, {0x03c4,0x02be,0x0ba4,0x082e,0x0424,0x03e0,0x081f,0x04c4,0x0304,0x04fc,0x0804,0x0000} }, /* U+656C 敬 */
    { 0x6570u, {0x0aca,0x0bac,0x04ff,0x0488,0x0bac,0x084a,0x0818,0x04c7,0x0304,0x04fc,0x0804,0x0000} }, /* U+6570 数 */
    { 0x6572u, {0x0fc4,0x055c,0x0557,0x0754,0x005c,0x0fc4,0x0820,0x05bf,0x0224,0x0524,0x08e4,0x0000} }, /* U+6572 敲 */
    { 0x6574u, {0x08b4,0x0854,0x0eff,0x0894,0x08b4,0x0f90,0x0acf,0x0ab4,0x0aa4,0x08dc,0x0884,0x0000} }, /* U+6574 整 */
    { 0x6575u, {0x0fe4,0x00bc,0x0ea4,0x0be7,0x0ebc,0x00a4,0x0fe0,0x081f,0x04c4,0x0304,0x0cfc,0x0000} }, /* U+6575 敵 */
    { 0x6577u, {0x09f4,0x0554,0x03ff,0x0954,0x0954,0x07f6,0x0910,0x04cf,0x0304,0x04fc,0x0804,0x0000} }, /* U+6577 敷 */
    { 0x6578u, {0x0a88,0x0bfe,0x04aa,0x04fe,0x06aa,0x09fe,0x0810,0x04cf,0x0304,0x04fc,0x0804,0x0000} }, /* U+6578 數 */
    { 0x6582u, {0x0dec,0x032a,0x0dea,0x032a,0x0dec,0x0820,0x081f,0x04c4,0x0304,0x04fc,0x0804,0x0000} }, /* U+6582 斂 */
    { 0x6583u, {0x0afa,0x09a8,0x0aff,0x04a8,0x03fa,0x0090,0x0fcf,0x0ab4,0x0aa4,0x0adc,0x0c84,0x0000} }, /* U+6583 斃 */
    { 0x6587u, {0x0808,0x0808,0x0808,0x0468,0x0588,0x020f,0x0508,0x04c8,0x0838,0x0808,0x0808,0x0000} }, /* U+6587 文 */
    { 0x6588u, {0x0244,0x0244,0x02a4,0x0aac,0x0a94,0x0e97,0x0394,0x02ac,0x02a4,0x0244,0x0244,0x0000} }, /* U+6588 斈 */
    { 0x6589u, {0x0044,0x0c44,0x03cc,0x02b4,0x02a4,0x02a7,0x02a4,0x02b4,0x0fcc,0x0044,0x0044,0x0000} }, /* U+6589 斉 */
    { 0x658cu, {0x0e68,0x018e,0x0278,0x0810,0x0f92,0x0812,0x07f2,0x0490,0x04ff,0x0390,0x0c16,0x0000} }, /* U+658C 斌 */
    { 0x658eu, {0x0084,0x0c44,0x03ac,0x0d54,0x0154,0x0f57,0x0154,0x0d54,0x012c,0x0fc4,0x0044,0x0000} }, /* U+658E 斎 */
    { 0x6590u, {0x0094,0x0894,0x0894,0x0bd4,0x04be,0x0480,0x04ff,0x0a94,0x0994,0x0894,0x0094,0x0000} }, /* U+6590 斐 */
    { 0x6591u, {0x0842,0x0ffe,0x0842,0x0008,0x0668,0x018f,0x0278,0x0842,0x0842,0x0ffe,0x0842,0x0000} }, /* U+6591 斑 */
    { 0x6597u, {0x0200,0x0210,0x0220,0x0244,0x0108,0x0100,0x0100,0x0fff,0x0080,0x0080,0x0080,0x0000} }, /* U+6597 斗 */
    { 0x6599u, {0x062c,0x01a0,0x0ffe,0x0124,0x0200,0x0220,0x0244,0x0108,0x0100,0x0ffe,0x0080,0x0000} }, /* U+6599 料 */
    { 0x659bu, {0x0ff4,0x0252,0x03fa,0x0a56,0x0ff0,0x0200,0x0224,0x0148,0x0100,0x0ffe,0x0080,0x0000} }, /* U+659B 斛 */
    { 0x659cu, {0x0698,0x0094,0x0ff2,0x0092,0x0204,0x0220,0x0244,0x0108,0x0100,0x0ffe,0x0080,0x0000} }, /* U+659C 斜 */
    { 0x659fu, {0x0f84,0x0afe,0x0994,0x0894,0x0bfe,0x0a84,0x0224,0x0148,0x0100,0x0ffe,0x0080,0x0000} }, /* U+659F 斟 */
    { 0x65a1u, {0x05f4,0x0554,0x0f5f,0x0554,0x05f4,0x0008,0x0444,0x0492,0x0222,0x0ff4,0x0108,0x0000} }, /* U+65A1 斡 */
    { 0x65a4u, {0x0600,0x01fc,0x0024,0x0024,0x0024,0x0024,0x0024,0x0fe2,0x0022,0x0022,0x0020,0x0000} }, /* U+65A4 斤 */
    { 0x65a5u, {0x0600,0x01fc,0x0024,0x0024,0x00a4,0x00a4,0x0fe4,0x0122,0x0122,0x0222,0x0220,0x0000} }, /* U+65A5 斥 */
    { 0x65a7u, {0x0044,0x0c44,0x03a4,0x016a,0x015a,0x0150,0x0150,0x0f2a,0x012a,0x0144,0x0144,0x0000} }, /* U+65A7 斧 */
    { 0x65abu, {0x0084,0x0fc4,0x087c,0x0fc4,0x0200,0x01fc,0x0024,0x0024,0x0fe2,0x0022,0x0020,0x0000} }, /* U+65AB 斫 */
    { 0x65acu, {0x05f4,0x0554,0x0fff,0x0554,0x05f4,0x0c00,0x03fc,0x0024,0x0024,0x0fe2,0x0022,0x0000} }, /* U+65AC 斬 */
    { 0x65adu, {0x07fe,0x0524,0x04a8,0x07fe,0x04a4,0x0d22,0x03fc,0x0024,0x0024,0x0fe2,0x0022,0x0000} }, /* U+65AD 断 */
    { 0x65afu, {0x0904,0x05fe,0x0154,0x0554,0x09fe,0x0104,0x0c00,0x03fc,0x0024,0x0022,0x0fe2,0x0000} }, /* U+65AF 斯 */
    { 0x65b0u, {0x04a4,0x02bc,0x0fe7,0x01a4,0x02bc,0x0c20,0x03fc,0x0024,0x0024,0x0fe2,0x0022,0x0000} }, /* U+65B0 新 */
    { 0x65b7u, {0x07fe,0x06b4,0x056a,0x06b4,0x056a,0x0c20,0x03fc,0x0024,0x0024,0x0fe2,0x0022,0x0000} }, /* U+65B7 斷 */
    { 0x65b9u, {0x0004,0x0004,0x0604,0x0184,0x007c,0x0827,0x0824,0x0824,0x0424,0x03e4,0x0004,0x0000} }, /* U+65B9 方 */
    { 0x65bcu, {0x0608,0x0188,0x087f,0x0848,0x0448,0x03c8,0x0004,0x0422,0x0422,0x0842,0x0844,0x0000} }, /* U+65BC 於 */
    { 0x65bdu, {0x0308,0x08fe,0x0848,0x07c8,0x0098,0x07e7,0x0844,0x0bfc,0x0824,0x0914,0x0df4,0x0000} }, /* U+65BD 施 */
    { 0x65c1u, {0x0060,0x08a4,0x08a4,0x04bc,0x03e4,0x02a7,0x02a4,0x0abc,0x0aa4,0x06a4,0x0060,0x0000} }, /* U+65C1 旁 */
    { 0x65c3u, {0x0608,0x0188,0x087e,0x0848,0x07c8,0x0098,0x0ff7,0x0094,0x00f4,0x0894,0x0ff4,0x0000} }, /* U+65C3 旃 */
    { 0x65c4u, {0x0608,0x0188,0x087e,0x0848,0x07c8,0x029f,0x0294,0x0ff4,0x0954,0x0954,0x0d44,0x0000} }, /* U+65C4 旄 */
    { 0x65c5u, {0x0608,0x01ff,0x0848,0x0848,0x07d8,0x0047,0x0fe4,0x0014,0x00ec,0x0304,0x0cc4,0x0000} }, /* U+65C5 旅 */
    { 0x65c6u, {0x0308,0x08fe,0x0848,0x07c8,0x0030,0x07af,0x00a4,0x0ffc,0x00a4,0x04a4,0x07a4,0x0000} }, /* U+65C6 旆 */
    { 0x65cbu, {0x0608,0x01fe,0x0848,0x0fc8,0x0820,0x079f,0x0414,0x07f4,0x0894,0x0894,0x08b4,0x0000} }, /* U+65CB 旋 */
    { 0x65ccu, {0x0608,0x0188,0x087e,0x0848,0x07d8,0x0087,0x0974,0x0924,0x0ffc,0x0924,0x0924,0x0000} }, /* U+65CC 旌 */
    { 0x65cfu, {0x0308,0x08fe,0x0828,0x07e8,0x0018,0x08c7,0x08bc,0x0494,0x03f4,0x0494,0x0894,0x0000} }, /* U+65CF 族 */
    { 0x65d2u, {0x0308,0x08fe,0x0848,0x07c8,0x0018,0x0f57,0x0074,0x0f5c,0x0054,0x0f74,0x0854,0x0000} }, /* U+65D2 旒 */
    { 0x65d7u, {0x0308,0x08fe,0x0848,0x07c8,0x0104,0x09ff,0x0554,0x0154,0x0154,0x05fc,0x0914,0x0000} }, /* U+65D7 旗 */
    { 0x65d9u, {0x0308,0x08fe,0x0848,0x07c8,0x0092,0x0fd6,0x0aba,0x0a92,0x0ffe,0x0ab2,0x0fd6,0x0000} }, /* U+65D9 旙 */
    { 0x65dbu, {0x0308,0x08fe,0x0848,0x07c8,0x0218,0x0f57,0x0af4,0x0a54,0x0ff4,0x0a54,0x0f74,0x0000} }, /* U+65DB 旛 */
    { 0x65e0u, {0x0820,0x0822,0x0422,0x0222,0x0122,0x00fe,0x0f22,0x0822,0x0822,0x0822,0x0e20,0x0000} }, /* U+65E0 无 */
    { 0x65e1u, {0x08c0,0x083a,0x0422,0x0222,0x0122,0x00fe,0x0f22,0x0822,0x0822,0x0822,0x0e20,0x0000} }, /* U+65E1 旡 */
    { 0x65e2u, {0x0ffe,0x084a,0x044a,0x017e,0x0a20,0x0422,0x023e,0x0122,0x0fe2,0x083e,0x0e22,0x0000} }, /* U+65E2 既 */
    { 0x65e5u, {0x0000,0x0000,0x0ffe,0x0842,0x0842,0x0842,0x0842,0x0842,0x0842,0x0ffe,0x0000,0x0000} }, /* U+65E5 日 */
    { 0x65e6u, {0x0800,0x0800,0x09fe,0x0912,0x0912,0x0912,0x0912,0x0912,0x09fe,0x0800,0x0800,0x0000} }, /* U+65E6 旦 */
    { 0x65e7u, {0x0000,0x0ffe,0x0000,0x0000,0x0ffe,0x0842,0x0842,0x0842,0x0842,0x0842,0x0ffe,0x0000} }, /* U+65E7 旧 */
    { 0x65e8u, {0x0000,0x000e,0x0fd4,0x0954,0x0954,0x0954,0x0954,0x0954,0x0952,0x0fd2,0x001a,0x0000} }, /* U+65E8 旨 */
    { 0x65e9u, {0x0200,0x027e,0x024a,0x024a,0x024a,0x0fca,0x024a,0x024a,0x024a,0x027e,0x0200,0x0000} }, /* U+65E9 早 */
    { 0x65ecu, {0x0060,0x0018,0x03e7,0x02a4,0x02a4,0x02a4,0x03e4,0x0804,0x0804,0x0404,0x03fc,0x0000} }, /* U+65EC 旬 */
    { 0x65edu, {0x0c10,0x03fe,0x0010,0x07f0,0x0800,0x09fe,0x0912,0x0912,0x0912,0x09fe,0x0c00,0x0000} }, /* U+65ED 旭 */
    { 0x65f1u, {0x0200,0x02be,0x02aa,0x02aa,0x02aa,0x0faa,0x02aa,0x02aa,0x02aa,0x02be,0x0200,0x0000} }, /* U+65F1 旱 */
    { 0x65fau, {0x07fc,0x0444,0x0444,0x07fc,0x0802,0x0842,0x0842,0x0ffe,0x0842,0x0842,0x0842,0x0000} }, /* U+65FA 旺 */
    { 0x65fbu, {0x0880,0x08be,0x08aa,0x0baa,0x04aa,0x04ea,0x04aa,0x0baa,0x08aa,0x08be,0x0880,0x0000} }, /* U+65FB 旻 */
    { 0x6602u, {0x0780,0x0480,0x04be,0x04aa,0x022a,0x022a,0x0faa,0x00aa,0x04be,0x0480,0x0780,0x0000} }, /* U+6602 昂 */
    { 0x6603u, {0x0c00,0x03be,0x08aa,0x08aa,0x04aa,0x04aa,0x03aa,0x04aa,0x04aa,0x08be,0x0880,0x0000} }, /* U+6603 昃 */
    { 0x6606u, {0x0800,0x0ffe,0x092a,0x092a,0x092a,0x002a,0x0fea,0x092a,0x092a,0x08be,0x0c80,0x0000} }, /* U+6606 昆 */
    { 0x6607u, {0x0900,0x093e,0x052a,0x03ea,0x012a,0x012a,0x012a,0x0fea,0x012a,0x013e,0x0100,0x0000} }, /* U+6607 昇 */
    { 0x660au, {0x0840,0x097e,0x094a,0x054a,0x054a,0x03ca,0x054a,0x054a,0x094a,0x097e,0x0840,0x0000} }, /* U+660A 昊 */
    { 0x660cu, {0x0000,0x0f80,0x0abe,0x0aaa,0x0aaa,0x0aaa,0x0aaa,0x0aaa,0x0aaa,0x0abe,0x0f80,0x0000} }, /* U+660C 昌 */
    { 0x660eu, {0x01fc,0x0124,0x0924,0x09fc,0x0400,0x03fe,0x0092,0x0092,0x0892,0x0892,0x0ffe,0x0000} }, /* U+660E 明 */
    { 0x660fu, {0x0040,0x007e,0x0fca,0x0aaa,0x0aaa,0x0a8a,0x0a9e,0x0aaa,0x0aaa,0x0fca,0x0068,0x0000} }, /* U+660F 昏 */
    { 0x6613u, {0x0200,0x0100,0x08be,0x04ea,0x03aa,0x08aa,0x04aa,0x03aa,0x08aa,0x08be,0x0780,0x0000} }, /* U+6613 易 */
    { 0x6614u, {0x0020,0x0024,0x0fa4,0x0abf,0x0aa4,0x0aa4,0x0aa4,0x0abf,0x0fa4,0x0024,0x0020,0x0000} }, /* U+6614 昔 */
    { 0x661cu, {0x0200,0x0120,0x08be,0x04ea,0x03aa,0x08aa,0x04aa,0x03aa,0x08aa,0x08be,0x07a0,0x0000} }, /* U+661C 昜 */
    { 0x661fu, {0x0900,0x0880,0x0afe,0x0aaa,0x0aaa,0x0fea,0x0aaa,0x0aaa,0x0abe,0x0880,0x0800,0x0000} }, /* U+661F 星 */
    { 0x6620u, {0x07fc,0x0444,0x07fc,0x0880,0x08fc,0x0484,0x0284,0x01ff,0x0284,0x0484,0x08fc,0x0000} }, /* U+6620 映 */
    { 0x6625u, {0x0240,0x0244,0x0154,0x0fd4,0x0974,0x095f,0x0954,0x0974,0x0fd4,0x0154,0x0244,0x0000} }, /* U+6625 春 */
    { 0x6627u, {0x07fc,0x0444,0x0444,0x07fc,0x0224,0x0224,0x0124,0x0fff,0x0124,0x0224,0x0424,0x0000} }, /* U+6627 昧 */
    { 0x6628u, {0x07fc,0x0444,0x0444,0x07fc,0x0010,0x000f,0x0004,0x0ffc,0x0124,0x0124,0x0124,0x0000} }, /* U+6628 昨 */
    { 0x662du, {0x07fc,0x0444,0x0444,0x07fc,0x0000,0x0fa2,0x0892,0x088e,0x08a2,0x08a2,0x0f9e,0x0000} }, /* U+662D 昭 */
    { 0x662fu, {0x0880,0x0880,0x06be,0x04aa,0x04aa,0x07aa,0x0aaa,0x0aaa,0x0abe,0x0a80,0x0880,0x0000} }, /* U+662F 是 */
    { 0x6634u, {0x0780,0x0480,0x04be,0x0c2a,0x03aa,0x002a,0x0faa,0x00aa,0x04be,0x0480,0x0780,0x0000} }, /* U+6634 昴 */
    { 0x6635u, {0x07fc,0x0444,0x0444,0x07fc,0x0c00,0x03fe,0x0012,0x07d2,0x0912,0x0892,0x0c5e,0x0000} }, /* U+6635 昵 */
    { 0x6636u, {0x0c20,0x0328,0x00e8,0x0809,0x0ffa,0x0240,0x0420,0x05fe,0x0912,0x0912,0x09fe,0x0000} }, /* U+6636 昶 */
    { 0x663cu, {0x08c0,0x083e,0x080a,0x0bea,0x0aaa,0x0aaa,0x0aaa,0x0bfa,0x082a,0x084e,0x0880,0x0000} }, /* U+663C 昼 */
    { 0x663fu, {0x07fc,0x0444,0x0444,0x07fc,0x0200,0x01fc,0x0c04,0x0b84,0x0877,0x0804,0x0f04,0x0000} }, /* U+663F 昿 */
    { 0x6641u, {0x0840,0x0a80,0x097e,0x044a,0x03ca,0x004a,0x0fca,0x084a,0x097e,0x0a80,0x0c40,0x0000} }, /* U+6641 晁 */
    { 0x6642u, {0x07fc,0x0444,0x0444,0x07fc,0x00a0,0x02a4,0x04a4,0x00bf,0x08a4,0x0fe4,0x00a4,0x0000} }, /* U+6642 時 */
    { 0x6643u, {0x0900,0x0940,0x05be,0x052a,0x032a,0x01ea,0x072a,0x092a,0x09be,0x0940,0x0d00,0x0000} }, /* U+6643 晃 */
    { 0x6644u, {0x07fc,0x0444,0x07fc,0x0840,0x0844,0x0448,0x03c0,0x007f,0x0fc0,0x0848,0x0c44,0x0000} }, /* U+6644 晄 */
    { 0x6649u, {0x0082,0x00b2,0x0faa,0x0aa6,0x0ab2,0x0a82,0x0ab2,0x0aaa,0x0fa6,0x00b2,0x0082,0x0000} }, /* U+6649 晉 */
    { 0x664bu, {0x0040,0x004a,0x0fd2,0x0942,0x097e,0x0942,0x097e,0x0942,0x0fd2,0x004a,0x0040,0x0000} }, /* U+664B 晋 */
    { 0x664fu, {0x00e0,0x08a0,0x0abe,0x0baa,0x04ea,0x04aa,0x04aa,0x0baa,0x08be,0x08a0,0x00e0,0x0000} }, /* U+664F 晏 */
    { 0x6652u, {0x07fc,0x0444,0x07fc,0x0002,0x0ff2,0x0a12,0x09fe,0x0812,0x09fe,0x0912,0x0ff2,0x0000} }, /* U+6652 晒 */
    { 0x665du, {0x0850,0x0850,0x0fd4,0x0954,0x0954,0x097f,0x0954,0x0954,0x0ffc,0x0850,0x0850,0x0000} }, /* U+665D 晝 */
    { 0x665eu, {0x07fc,0x0444,0x0444,0x07fc,0x0120,0x07aa,0x00ea,0x00b4,0x0fe4,0x04aa,0x07b2,0x0000} }, /* U+665E 晞 */
    { 0x665fu, {0x0c00,0x03fe,0x00aa,0x04aa,0x07aa,0x082a,0x082a,0x05ea,0x022a,0x053e,0x08a0,0x0000} }, /* U+665F 晟 */
    { 0x6662u, {0x0024,0x0fa4,0x0afe,0x0a94,0x0a94,0x0ac0,0x0abe,0x0a8a,0x0a8a,0x0ffa,0x000a,0x0000} }, /* U+6662 晢 */
    { 0x6664u, {0x07fc,0x0444,0x0444,0x07fc,0x0042,0x0f4a,0x097a,0x094e,0x094a,0x094a,0x0f7a,0x0000} }, /* U+6664 晤 */
    { 0x6666u, {0x07fc,0x0444,0x07fc,0x0080,0x0798,0x04f7,0x0794,0x04f4,0x0c94,0x07f4,0x0484,0x0000} }, /* U+6666 晦 */
    { 0x6667u, {0x07fc,0x0444,0x0444,0x07fc,0x0000,0x0f2e,0x0924,0x0924,0x097f,0x0924,0x0f24,0x0000} }, /* U+6667 晧 */
    { 0x6668u, {0x0c00,0x03fe,0x0e2a,0x0aaa,0x0aaa,0x0aaa,0x02aa,0x06aa,0x0aaa,0x0eaa,0x0a3e,0x0000} }, /* U+6668 晨 */
    { 0x6669u, {0x07fc,0x0444,0x07fc,0x0808,0x08f4,0x0492,0x0392,0x00fa,0x0f96,0x0890,0x0cf0,0x0000} }, /* U+6669 晩 */
    { 0x666eu, {0x0080,0x0094,0x0fa4,0x0a87,0x0afc,0x0a84,0x0afc,0x0a86,0x0fa5,0x0094,0x0080,0x0000} }, /* U+666E 普 */
    { 0x666fu, {0x0880,0x0480,0x00be,0x03aa,0x0aaa,0x0eea,0x02aa,0x03aa,0x00be,0x0480,0x0880,0x0000} }, /* U+666F 景 */
    { 0x6670u, {0x07fc,0x0444,0x07fc,0x0088,0x0ffe,0x0048,0x0688,0x01fc,0x0024,0x0022,0x0fe2,0x0000} }, /* U+6670 晰 */
    { 0x6674u, {0x07fc,0x0444,0x0444,0x07fc,0x0040,0x0fd4,0x0554,0x0554,0x057f,0x0554,0x0fd4,0x0000} }, /* U+6674 晴 */
    { 0x6676u, {0x0f80,0x0a80,0x0abe,0x0aaa,0x0faa,0x002a,0x0faa,0x0aaa,0x0abe,0x0a80,0x0f80,0x0000} }, /* U+6676 晶 */
    { 0x667au, {0x0088,0x0054,0x0fb7,0x0a9c,0x0ab4,0x0ad4,0x0a90,0x0abc,0x0aa4,0x0fa4,0x003c,0x0000} }, /* U+667A 智 */
    { 0x6681u, {0x07fc,0x0444,0x07fc,0x0820,0x0924,0x05f4,0x0324,0x013f,0x0f24,0x09f4,0x0d24,0x0000} }, /* U+6681 暁 */
    { 0x6683u, {0x0220,0x0abe,0x0aaa,0x06aa,0x03ea,0x002a,0x0fea,0x02aa,0x02aa,0x02be,0x0220,0x0000} }, /* U+6683 暃 */
    { 0x6684u, {0x07fc,0x0444,0x0444,0x07fc,0x0804,0x0bf4,0x0a54,0x0a57,0x0a54,0x0bf4,0x080c,0x0000} }, /* U+6684 暄 */
    { 0x6687u, {0x07fc,0x0444,0x0444,0x0ffe,0x0292,0x0292,0x0a9e,0x0840,0x0752,0x0452,0x0bde,0x0000} }, /* U+6687 暇 */
    { 0x6688u, {0x0460,0x043e,0x07ea,0x04aa,0x04aa,0x0fea,0x04aa,0x04aa,0x07ea,0x043e,0x0460,0x0000} }, /* U+6688 暈 */
    { 0x6689u, {0x07fc,0x0444,0x07fc,0x0406,0x05fa,0x052a,0x052a,0x0ffe,0x052a,0x052a,0x05fe,0x0000} }, /* U+6689 暉 */
    { 0x668eu, {0x07fc,0x0444,0x07fc,0x0900,0x09e4,0x052f,0x0324,0x01fc,0x0324,0x052f,0x09e4,0x0000} }, /* U+668E 暎 */
    { 0x6691u, {0x0480,0x04ae,0x02aa,0x0faa,0x0afa,0x0aaa,0x0aaa,0x0aaa,0x0aea,0x0fae,0x0090,0x0000} }, /* U+6691 暑 */
    { 0x6696u, {0x07fc,0x0444,0x07fc,0x0202,0x0a52,0x095e,0x0bf2,0x055e,0x0552,0x0b5a,0x0856,0x0000} }, /* U+6696 暖 */
    { 0x6697u, {0x07fc,0x0444,0x0444,0x07fc,0x0024,0x0fa4,0x0abc,0x0aa7,0x0aa4,0x0abc,0x0fa4,0x0000} }, /* U+6697 暗 */
    { 0x6698u, {0x07fc,0x0444,0x0444,0x07fc,0x0480,0x02fe,0x09aa,0x04aa,0x0baa,0x08be,0x07a0,0x0000} }, /* U+6698 暘 */
    { 0x669du, {0x07fc,0x0444,0x0444,0x07fc,0x0a06,0x0afa,0x06aa,0x03aa,0x02aa,0x06aa,0x0afe,0x0000} }, /* U+669D 暝 */
    { 0x66a2u, {0x01f8,0x0128,0x0ffe,0x0128,0x04a8,0x02fe,0x09aa,0x04aa,0x0baa,0x08be,0x07a0,0x0000} }, /* U+66A2 暢 */
    { 0x66a6u, {0x0600,0x01fe,0x004a,0x0faa,0x0afe,0x0a8a,0x0aaa,0x0a9a,0x0afe,0x0faa,0x004a,0x0000} }, /* U+66A6 暦 */
    { 0x66abu, {0x0024,0x0fbc,0x0aa4,0x0aff,0x0aa4,0x0abc,0x0ac4,0x0abe,0x0a8a,0x0ffa,0x000a,0x0000} }, /* U+66AB 暫 */
    { 0x66aeu, {0x0244,0x0244,0x0174,0x0fdf,0x0954,0x0954,0x0954,0x0fdf,0x0174,0x0244,0x0244,0x0000} }, /* U+66AE 暮 */
    { 0x66b4u, {0x02a0,0x0abe,0x05aa,0x02ea,0x08aa,0x0faa,0x00aa,0x02ea,0x05aa,0x0abe,0x02a0,0x0000} }, /* U+66B4 暴 */
    { 0x66b8u, {0x07fc,0x0444,0x07fc,0x0884,0x044c,0x01f4,0x095c,0x0f57,0x0154,0x055c,0x09f4,0x0000} }, /* U+66B8 暸 */
    { 0x66b9u, {0x0890,0x04a2,0x0384,0x0440,0x0bfe,0x0aaa,0x0aaa,0x0bea,0x0aaa,0x0abe,0x0a20,0x0000} }, /* U+66B9 暹 */
    { 0x66bcu, {0x007a,0x0fa8,0x0aff,0x0aa8,0x0afa,0x0a88,0x0ac7,0x0ab4,0x0aa4,0x0fdc,0x0044,0x0000} }, /* U+66BC 暼 */
    { 0x66beu, {0x07fc,0x0444,0x07fc,0x0204,0x0a74,0x0f57,0x02f4,0x0a14,0x04cf,0x0304,0x0cfc,0x0000} }, /* U+66BE 暾 */
    { 0x66c1u, {0x08fc,0x0896,0x0f95,0x0ad4,0x0a9c,0x0ad2,0x0abe,0x0a92,0x0ffe,0x0892,0x08d2,0x0000} }, /* U+66C1 曁 */
    { 0x66c4u, {0x07fc,0x0444,0x07fc,0x0040,0x0554,0x05f4,0x055f,0x0ff4,0x0554,0x055f,0x05f4,0x0000} }, /* U+66C4 曄 */
    { 0x66c7u, {0x02e0,0x0a20,0x0e7e,0x0aaa,0x0a2a,0x0bea,0x0a2a,0x0a6a,0x06be,0x0a20,0x02e0,0x0000} }, /* U+66C7 曇 */
    { 0x66c9u, {0x07fc,0x0444,0x07fc,0x0910,0x0954,0x05f4,0x0354,0x011f,0x0f54,0x09f4,0x0d54,0x0000} }, /* U+66C9 曉 */
    { 0x66d6u, {0x07fc,0x0444,0x07fc,0x0a52,0x0912,0x0bfe,0x0552,0x055e,0x0572,0x0b5a,0x0836,0x0000} }, /* U+66D6 曖 */
    { 0x66d9u, {0x07fc,0x0444,0x07fc,0x0080,0x02ae,0x0faa,0x0afe,0x0aaa,0x0aee,0x0aaa,0x0fbe,0x0000} }, /* U+66D9 曙 */
    { 0x66dau, {0x07fc,0x0444,0x07fc,0x0004,0x0574,0x055f,0x0ad4,0x0954,0x07df,0x0254,0x0534,0x0000} }, /* U+66DA 曚 */
    { 0x66dcu, {0x07fc,0x0444,0x07fc,0x0100,0x0faa,0x0aea,0x0abe,0x0f80,0x0aea,0x0aaa,0x0abe,0x0000} }, /* U+66DC 曜 */
    { 0x66ddu, {0x07fc,0x0444,0x07fc,0x00a0,0x0aae,0x05fa,0x08aa,0x0eaa,0x00fa,0x05aa,0x0aae,0x0000} }, /* U+66DD 曝 */
    { 0x66e0u, {0x03fc,0x0244,0x0ffc,0x0814,0x07d4,0x057c,0x0554,0x07d7,0x057c,0x0554,0x0fd4,0x0000} }, /* U+66E0 曠 */
    { 0x66e6u, {0x07fc,0x0444,0x07fc,0x0154,0x0bd4,0x0a77,0x06d4,0x085c,0x05f6,0x0255,0x0dd4,0x0000} }, /* U+66E6 曦 */
    { 0x66e9u, {0x0aa0,0x06fe,0x0aaa,0x0faa,0x0aea,0x0a2a,0x02ea,0x07aa,0x0aaa,0x0efe,0x0aa0,0x0000} }, /* U+66E9 曩 */
    { 0x66f0u, {0x0000,0x0ffe,0x0842,0x0842,0x0842,0x0842,0x0842,0x0802,0x0802,0x0ffe,0x0000,0x0000} }, /* U+66F0 曰 */
    { 0x66f2u, {0x0000,0x0ff8,0x0888,0x0888,0x0fff,0x0888,0x0888,0x0fff,0x0888,0x0888,0x0ff8,0x0000} }, /* U+66F2 曲 */
    { 0x66f3u, {0x0800,0x087c,0x0854,0x0854,0x0454,0x047f,0x03d4,0x0654,0x0954,0x08fc,0x0c00,0x0000} }, /* U+66F3 曳 */
    { 0x66f4u, {0x0802,0x0802,0x04fa,0x02aa,0x03aa,0x04fe,0x04aa,0x08aa,0x08aa,0x08fa,0x0802,0x0000} }, /* U+66F4 更 */
    { 0x66f5u, {0x0800,0x087c,0x0854,0x0854,0x0454,0x047f,0x03d4,0x0654,0x0954,0x08fd,0x0c02,0x0000} }, /* U+66F5 曵 */
    { 0x66f7u, {0x0100,0x0100,0x0ebe,0x08ea,0x0caa,0x0aaa,0x09aa,0x02aa,0x08aa,0x08be,0x0780,0x0000} }, /* U+66F7 曷 */
    { 0x66f8u, {0x0110,0x0154,0x0f54,0x0954,0x0954,0x09ff,0x0954,0x0954,0x0f54,0x017c,0x0110,0x0000} }, /* U+66F8 書 */
    { 0x66f9u, {0x0004,0x007c,0x0fd4,0x0957,0x097c,0x0954,0x097c,0x0957,0x0fd4,0x007c,0x0004,0x0000} }, /* U+66F9 曹 */
    { 0x66fcu, {0x08e0,0x08a0,0x09be,0x06ea,0x04aa,0x04aa,0x04aa,0x06ea,0x09be,0x08a0,0x08e0,0x0000} }, /* U+66FC 曼 */
    { 0x66fdu, {0x0000,0x007c,0x0fd4,0x0957,0x0954,0x097c,0x0954,0x0956,0x0955,0x0fd4,0x007c,0x0000} }, /* U+66FD 曽 */
    { 0x66feu, {0x0010,0x0078,0x0fcc,0x0958,0x094a,0x097a,0x094a,0x096a,0x095a,0x0fcc,0x0078,0x0000} }, /* U+66FE 曾 */
    { 0x66ffu, {0x0094,0x0054,0x0fbf,0x0a94,0x0a94,0x0ad0,0x0ab4,0x0a94,0x0fbf,0x0054,0x0094,0x0000} }, /* U+66FF 替 */
    { 0x6700u, {0x0820,0x0fe0,0x04be,0x04aa,0x0fea,0x08aa,0x0baa,0x04aa,0x04be,0x0ba0,0x08a0,0x0000} }, /* U+6700 最 */
    { 0x6703u, {0x0010,0x00e8,0x0fac,0x0aea,0x0aaa,0x0aea,0x0aaa,0x0aea,0x0fac,0x00e8,0x0010,0x0000} }, /* U+6703 會 */
    { 0x6708u, {0x0000,0x0c00,0x03fe,0x0092,0x0092,0x0092,0x0092,0x0892,0x0892,0x0ffe,0x0000,0x0000} }, /* U+6708 月 */
    { 0x6709u, {0x0084,0x0084,0x0044,0x0fe4,0x02bc,0x02a7,0x02a4,0x02a4,0x0aa4,0x0fe4,0x0004,0x0000} }, /* U+6709 有 */
    { 0x670bu, {0x0c00,0x03fe,0x0092,0x0892,0x0ffe,0x0000,0x0ffe,0x0092,0x0092,0x0892,0x0ffe,0x0000} }, /* U+670B 朋 */
    { 0x670du, {0x0ffe,0x0092,0x0892,0x0ffe,0x0000,0x09fe,0x0812,0x0592,0x0212,0x05f2,0x0806,0x0000} }, /* U+670D 服 */
    { 0x670fu, {0x0ffe,0x0092,0x0ffe,0x0000,0x0f3c,0x0820,0x0820,0x0fff,0x0820,0x0820,0x0f3c,0x0000} }, /* U+670F 朏 */
    { 0x6714u, {0x01e9,0x0d0a,0x03f8,0x010c,0x01eb,0x0c00,0x03fe,0x0092,0x0092,0x0892,0x0ffe,0x0000} }, /* U+6714 朔 */
    { 0x6715u, {0x0ffe,0x0092,0x0892,0x0ffe,0x0848,0x0449,0x024a,0x01f8,0x024c,0x044b,0x0848,0x0000} }, /* U+6715 朕 */
    { 0x6716u, {0x0ffe,0x0092,0x0892,0x0ffe,0x0000,0x0ffc,0x0854,0x09d7,0x0254,0x0454,0x0b7c,0x0000} }, /* U+6716 朖 */
    { 0x6717u, {0x0ffc,0x0894,0x0897,0x0a94,0x04fc,0x0800,0x07fe,0x0092,0x0092,0x0892,0x0ffe,0x0000} }, /* U+6717 朗 */
    { 0x671bu, {0x0804,0x089c,0x0aa7,0x0aa4,0x0aa4,0x0fc4,0x0abe,0x0aaa,0x0aaa,0x08aa,0x087e,0x0000} }, /* U+671B 望 */
    { 0x671du, {0x05f4,0x0554,0x0f5f,0x0554,0x05f4,0x0c00,0x03fe,0x0092,0x0092,0x0892,0x0ffe,0x0000} }, /* U+671D 朝 */
    { 0x671eu, {0x0244,0x0a44,0x0944,0x07ff,0x0554,0x0554,0x0554,0x057f,0x0fc4,0x0144,0x0244,0x0000} }, /* U+671E 朞 */
    { 0x671fu, {0x0904,0x05fe,0x0154,0x0554,0x09fe,0x0104,0x0c00,0x03fe,0x0092,0x0892,0x0ffe,0x0000} }, /* U+671F 期 */
    { 0x6726u, {0x0ffe,0x0092,0x0ffe,0x0004,0x0574,0x055f,0x0ad4,0x0954,0x07df,0x0254,0x0534,0x0000} }, /* U+6726 朦 */
    { 0x6727u, {0x0ffe,0x0092,0x0ffe,0x0024,0x0ffc,0x02a7,0x0ffc,0x0024,0x0fdf,0x0954,0x0d74,0x0000} }, /* U+6727 朧 */
    { 0x6728u, {0x0208,0x0108,0x0088,0x0048,0x0028,0x0fff,0x0028,0x0048,0x0088,0x0108,0x0208,0x0000} }, /* U+6728 木 */
    { 0x672au, {0x0420,0x0424,0x0224,0x0124,0x00a4,0x0fff,0x0024,0x00a4,0x0124,0x0224,0x0420,0x0000} }, /* U+672A 未 */
    { 0x672bu, {0x0404,0x0424,0x0224,0x0124,0x00a4,0x0fff,0x0024,0x00a4,0x0124,0x0224,0x0404,0x0000} }, /* U+672B 末 */
    { 0x672cu, {0x0208,0x0108,0x0088,0x0248,0x0228,0x0fff,0x0228,0x0248,0x0088,0x0108,0x0208,0x0000} }, /* U+672C 本 */
    { 0x672du, {0x0308,0x00c8,0x0ffe,0x0088,0x0108,0x0000,0x0ffe,0x0800,0x0800,0x0800,0x0f00,0x0000} }, /* U+672D 札 */
    { 0x672eu, {0x0008,0x0608,0x01e8,0x0008,0x0008,0x0fff,0x0008,0x0008,0x07e9,0x040a,0x0608,0x0000} }, /* U+672E 朮 */
    { 0x6731u, {0x0460,0x0450,0x024e,0x0248,0x0148,0x0fff,0x0048,0x0148,0x0248,0x0448,0x0440,0x0000} }, /* U+6731 朱 */
    { 0x6734u, {0x0308,0x00c8,0x0fff,0x0088,0x0108,0x0000,0x0000,0x0fff,0x0020,0x0040,0x0080,0x0100} }, /* U+6734 朴 */
    { 0x6736u, {0x0940,0x0942,0x0522,0x0522,0x0312,0x0fce,0x0102,0x0302,0x054e,0x0948,0x0938,0x0000} }, /* U+6736 朶 */
    { 0x6737u, {0x0308,0x00c8,0x0ffe,0x0108,0x0008,0x0602,0x0182,0x087e,0x0802,0x0402,0x03fe,0x0000} }, /* U+6737 朷 */
    { 0x6738u, {0x0308,0x00c8,0x0ffe,0x0108,0x0000,0x0608,0x0188,0x087f,0x0808,0x0408,0x03f8,0x0000} }, /* U+6738 朸 */
    { 0x673au, {0x0308,0x00c8,0x0ffe,0x0888,0x0400,0x03fe,0x0002,0x0002,0x0002,0x0ffe,0x0800,0x0000} }, /* U+673A 机 */
    { 0x673du, {0x0308,0x00c8,0x0ffe,0x0108,0x0002,0x0182,0x087e,0x0822,0x0822,0x0422,0x03e2,0x0000} }, /* U+673D 朽 */
    { 0x673fu, {0x0404,0x04f4,0x0214,0x0214,0x0114,0x0fff,0x0114,0x0214,0x0294,0x04f4,0x0404,0x0000} }, /* U+673F 朿 */
    { 0x6741u, {0x0308,0x00c8,0x0ffe,0x0108,0x0008,0x0c02,0x0302,0x00c2,0x003e,0x03c0,0x0c00,0x0000} }, /* U+6741 杁 */
    { 0x6746u, {0x0308,0x00c8,0x0ffe,0x0088,0x0108,0x0042,0x0042,0x0042,0x0ffe,0x0042,0x0042,0x0000} }, /* U+6746 杆 */
    { 0x6749u, {0x0308,0x00c8,0x0ffe,0x0088,0x0108,0x0000,0x0844,0x0844,0x0844,0x0422,0x0422,0x0000} }, /* U+6749 杉 */
    { 0x674eu, {0x0224,0x0224,0x0254,0x0a54,0x0a4c,0x0f7f,0x02c4,0x024c,0x0254,0x0224,0x0224,0x0000} }, /* U+674E 李 */
    { 0x674fu, {0x0044,0x0044,0x0f24,0x0924,0x0914,0x09ff,0x0904,0x0914,0x0f24,0x0044,0x0084,0x0000} }, /* U+674F 杏 */
    { 0x6750u, {0x0308,0x00c8,0x0fff,0x0108,0x0000,0x0108,0x0088,0x0848,0x0828,0x0fff,0x0008,0x0000} }, /* U+6750 材 */
    { 0x6751u, {0x0308,0x00c8,0x0fff,0x0108,0x0000,0x0048,0x0088,0x0808,0x0808,0x0fff,0x0008,0x0000} }, /* U+6751 村 */
    { 0x6753u, {0x0308,0x00c8,0x0ffe,0x0108,0x0030,0x000f,0x0044,0x0884,0x0804,0x0404,0x03fc,0x0000} }, /* U+6753 杓 */
    { 0x6756u, {0x0308,0x00c8,0x0ffe,0x0108,0x0800,0x0848,0x0488,0x0508,0x03ff,0x0408,0x0808,0x0000} }, /* U+6756 杖 */
    { 0x6759u, {0x0308,0x00c8,0x0ffe,0x0088,0x0110,0x0010,0x0010,0x001f,0x00f0,0x0312,0x0c14,0x0000} }, /* U+6759 杙 */
    { 0x675cu, {0x0308,0x00c8,0x0ffe,0x0108,0x0000,0x0810,0x0810,0x0810,0x0fff,0x0810,0x0810,0x0000} }, /* U+675C 杜 */
    { 0x676au, {0x0308,0x00c8,0x0ffe,0x0108,0x0810,0x0808,0x0900,0x05ff,0x0400,0x0208,0x0110,0x0000} }, /* U+676A 杪 */
    { 0x676du, {0x0308,0x00c8,0x0ffe,0x0008,0x0c04,0x03e4,0x0024,0x0027,0x0024,0x0fe4,0x0804,0x0000} }, /* U+676D 杭 */
    { 0x676fu, {0x0308,0x00c8,0x0ffe,0x0108,0x0102,0x0082,0x0042,0x0ff2,0x000e,0x00c2,0x0302,0x0000} }, /* U+676F 杯 */
    { 0x6770u, {0x0844,0x0444,0x0024,0x0424,0x0814,0x01ff,0x0414,0x0824,0x0024,0x0444,0x0844,0x0000} }, /* U+6770 杰 */
    { 0x6771u, {0x0804,0x09f4,0x0554,0x0554,0x0354,0x0fff,0x0154,0x0354,0x0554,0x09f4,0x0804,0x0000} }, /* U+6771 東 */
    { 0x6772u, {0x0900,0x097e,0x054a,0x054a,0x034a,0x0fca,0x014a,0x034a,0x054a,0x097e,0x0900,0x0000} }, /* U+6772 杲 */
    { 0x6773u, {0x0044,0x0044,0x0fa4,0x0aa4,0x0a94,0x0aff,0x0a84,0x0a94,0x0fa4,0x0044,0x0084,0x0000} }, /* U+6773 杳 */
    { 0x6775u, {0x0308,0x00c8,0x0ffe,0x0008,0x0098,0x0087,0x0084,0x0084,0x0ffc,0x0084,0x0084,0x0000} }, /* U+6775 杵 */
    { 0x6777u, {0x0308,0x00c8,0x0ffe,0x0108,0x0000,0x0ffe,0x0842,0x0842,0x087e,0x0842,0x0e7e,0x0000} }, /* U+6777 杷 */
    { 0x677cu, {0x0308,0x00c8,0x0ffe,0x0108,0x0022,0x0022,0x082a,0x0ff2,0x002a,0x0126,0x00e0,0x0000} }, /* U+677C 杼 */
    { 0x677eu, {0x0308,0x00c8,0x0ffe,0x0008,0x0c60,0x0b18,0x08c2,0x0802,0x0402,0x030e,0x0c70,0x0000} }, /* U+677E 松 */
    { 0x677fu, {0x0308,0x00c8,0x0ffe,0x0008,0x0980,0x087e,0x0412,0x0592,0x0212,0x05f2,0x0802,0x0000} }, /* U+677F 板 */
    { 0x6785u, {0x0308,0x00c8,0x0ffe,0x0108,0x0022,0x0c22,0x03fe,0x0022,0x0022,0x0ffe,0x0022,0x0000} }, /* U+6785 枅 */
    { 0x6787u, {0x0308,0x00c8,0x0ffe,0x0108,0x0800,0x0ffe,0x0420,0x0420,0x0fff,0x0810,0x0c10,0x0000} }, /* U+6787 枇 */
    { 0x6789u, {0x0308,0x00c8,0x0ffe,0x0108,0x0008,0x0842,0x0842,0x0842,0x0ffe,0x0842,0x0842,0x0000} }, /* U+6789 枉 */
    { 0x678bu, {0x0308,0x00c8,0x0ffe,0x0088,0x0304,0x00c4,0x003f,0x0824,0x0824,0x0424,0x03e4,0x0000} }, /* U+678B 枋 */
    { 0x678cu, {0x0308,0x00c8,0x0ffe,0x0108,0x0060,0x0658,0x01c2,0x0842,0x0842,0x07ce,0x0070,0x0000} }, /* U+678C 枌 */
    { 0x6790u, {0x0308,0x00c8,0x0ffe,0x0008,0x0600,0x01fc,0x0024,0x0024,0x0022,0x0fe2,0x0020,0x0000} }, /* U+6790 析 */
    { 0x6795u, {0x0308,0x00c8,0x0ffe,0x0908,0x081c,0x0404,0x0384,0x007f,0x0fc4,0x0804,0x0e3c,0x0000} }, /* U+6795 枕 */
    { 0x6797u, {0x0308,0x00c8,0x0fff,0x0048,0x0280,0x0108,0x0088,0x0048,0x0fff,0x0088,0x0108,0x0000} }, /* U+6797 林 */
    { 0x679au, {0x0308,0x00c8,0x0fff,0x0088,0x0908,0x0830,0x040f,0x04c4,0x0304,0x04fc,0x0804,0x0000} }, /* U+679A 枚 */
    { 0x679cu, {0x0900,0x097e,0x054a,0x054a,0x034a,0x0ffe,0x014a,0x034a,0x054a,0x097e,0x0900,0x0000} }, /* U+679C 果 */
    { 0x679du, {0x0308,0x00c8,0x0ffe,0x0804,0x0824,0x09a4,0x0624,0x043f,0x0624,0x09e4,0x0804,0x0000} }, /* U+679D 枝 */
    { 0x67a0u, {0x0308,0x00c8,0x0ffe,0x0108,0x0104,0x0164,0x011f,0x0fc4,0x0104,0x013c,0x0120,0x0000} }, /* U+67A0 枠 */
    { 0x67a1u, {0x0308,0x00c8,0x0ffe,0x0108,0x0044,0x0c44,0x03fc,0x0042,0x0042,0x0ffe,0x0040,0x0000} }, /* U+67A1 枡 */
    { 0x67a2u, {0x0308,0x00c8,0x0ffe,0x0108,0x0000,0x0ffe,0x0a12,0x0922,0x08c2,0x093a,0x0a02,0x0000} }, /* U+67A2 枢 */
    { 0x67a6u, {0x0308,0x00c8,0x0ffe,0x0108,0x0c00,0x03f2,0x0092,0x0092,0x0092,0x0092,0x00f2,0x0000} }, /* U+67A6 枦 */
    { 0x67a9u, {0x0124,0x0924,0x0894,0x0c94,0x0a0c,0x087f,0x0804,0x088c,0x0894,0x0d24,0x0124,0x0000} }, /* U+67A9 枩 */
    { 0x67afu, {0x0308,0x00c8,0x0ffe,0x0108,0x0000,0x0f88,0x0888,0x0888,0x08ff,0x0888,0x0f88,0x0000} }, /* U+67AF 枯 */
    { 0x67b3u, {0x0308,0x00c8,0x0ffe,0x0108,0x0008,0x0c7e,0x0342,0x0042,0x0042,0x0342,0x0c7e,0x0000} }, /* U+67B3 枳 */
    { 0x67b4u, {0x0308,0x00c8,0x0ffe,0x0108,0x0080,0x0c9e,0x0392,0x0092,0x0892,0x089e,0x0780,0x0000} }, /* U+67B4 枴 */
    { 0x67b6u, {0x0944,0x0924,0x051f,0x0544,0x0344,0x0fbc,0x0100,0x037e,0x0542,0x0942,0x097e,0x0000} }, /* U+67B6 架 */
    { 0x67b7u, {0x0308,0x00c8,0x0ffe,0x0088,0x0308,0x08ff,0x0808,0x07fc,0x0404,0x0404,0x07fc,0x0000} }, /* U+67B7 枷 */
    { 0x67b8u, {0x0308,0x00c8,0x0ffe,0x0108,0x0018,0x01e7,0x0124,0x09e4,0x0804,0x0404,0x03fc,0x0000} }, /* U+67B8 枸 */
    { 0x67b9u, {0x0308,0x00c8,0x0ffe,0x0108,0x0008,0x0ff7,0x0894,0x0894,0x08f4,0x0904,0x0dfc,0x0000} }, /* U+67B9 枹 */
    { 0x67c1u, {0x0308,0x00c8,0x0ffe,0x0108,0x001c,0x0fe4,0x0884,0x0887,0x0844,0x0844,0x0c1c,0x0000} }, /* U+67C1 柁 */
    { 0x67c4u, {0x0308,0x00c8,0x0ffe,0x0008,0x0ff2,0x0112,0x0092,0x007e,0x0092,0x0912,0x0ff2,0x0000} }, /* U+67C4 柄 */
    { 0x67c6u, {0x0308,0x00c8,0x0ffe,0x0108,0x0808,0x0be8,0x0808,0x080f,0x0f08,0x08f8,0x0808,0x0000} }, /* U+67C6 柆 */
    { 0x67cau, {0x0308,0x00c8,0x0ffe,0x0088,0x0210,0x0248,0x0457,0x04a4,0x0924,0x0954,0x084c,0x0000} }, /* U+67CA 柊 */
    { 0x67ceu, {0x0308,0x00c8,0x0ffe,0x0108,0x0010,0x0ff8,0x0046,0x0088,0x0808,0x0fff,0x0008,0x0000} }, /* U+67CE 柎 */
    { 0x67cfu, {0x0308,0x00c8,0x0ffe,0x0108,0x0000,0x0ff8,0x088c,0x088b,0x0888,0x0888,0x0ff8,0x0000} }, /* U+67CF 柏 */
    { 0x67d0u, {0x0904,0x0904,0x0504,0x057f,0x0354,0x0fd4,0x0154,0x037f,0x0504,0x0904,0x0904,0x0000} }, /* U+67D0 某 */
    { 0x67d1u, {0x0308,0x00c8,0x0ffe,0x0108,0x0008,0x0fff,0x0848,0x0848,0x0848,0x0848,0x0ffe,0x0000} }, /* U+67D1 柑 */
    { 0x67d3u, {0x0488,0x04d2,0x02a4,0x0280,0x01a4,0x0fd4,0x008f,0x0184,0x02bc,0x04a0,0x04b0,0x0000} }, /* U+67D3 染 */
    { 0x67d4u, {0x0900,0x0910,0x0552,0x0552,0x0332,0x0ff2,0x011a,0x0316,0x0552,0x0930,0x0900,0x0000} }, /* U+67D4 柔 */
    { 0x67d8u, {0x0308,0x00c8,0x0ffe,0x0108,0x0082,0x0fc2,0x0862,0x085e,0x0842,0x0842,0x0fc2,0x0000} }, /* U+67D8 柘 */
    { 0x67dau, {0x0308,0x00c8,0x0ffe,0x0008,0x0ff8,0x0888,0x0888,0x0fff,0x0888,0x0888,0x0ff8,0x0000} }, /* U+67DA 柚 */
    { 0x67ddu, {0x0308,0x00c8,0x0ffe,0x0108,0x0600,0x01fc,0x0024,0x00a4,0x0fe2,0x0122,0x0220,0x0000} }, /* U+67DD 柝 */
    { 0x67deu, {0x0308,0x00c8,0x0ffe,0x0108,0x0030,0x000f,0x0004,0x0ffc,0x0124,0x0124,0x0124,0x0000} }, /* U+67DE 柞 */
    { 0x67e2u, {0x0308,0x00c8,0x0ffe,0x0108,0x0800,0x0bfe,0x0a22,0x0a22,0x083e,0x08e2,0x0b22,0x0000} }, /* U+67E2 柢 */
    { 0x67e4u, {0x0308,0x00c8,0x0ffe,0x0088,0x0908,0x0800,0x0ffe,0x0892,0x0892,0x0892,0x0ffe,0x0000} }, /* U+67E4 柤 */
    { 0x67e7u, {0x0308,0x00c8,0x0ffe,0x0408,0x03fe,0x0402,0x07fe,0x0402,0x063e,0x01c2,0x0e02,0x0000} }, /* U+67E7 柧 */
    { 0x67e9u, {0x0308,0x00c8,0x0ffe,0x0008,0x0ffe,0x0a22,0x0912,0x088e,0x08ca,0x093a,0x0a02,0x0000} }, /* U+67E9 柩 */
    { 0x67ecu, {0x0804,0x09f4,0x0534,0x0554,0x0314,0x0fff,0x0114,0x0354,0x0534,0x09f4,0x0804,0x0000} }, /* U+67EC 柬 */
    { 0x67eeu, {0x0308,0x00c8,0x0ffe,0x0108,0x0000,0x0f3c,0x0820,0x0820,0x0fff,0x0820,0x0f3c,0x0000} }, /* U+67EE 柮 */
    { 0x67efu, {0x0308,0x00c8,0x0ffe,0x0108,0x0002,0x01f2,0x0112,0x01f2,0x0802,0x0802,0x0ffe,0x0000} }, /* U+67EF 柯 */
    { 0x67f1u, {0x0308,0x00c8,0x0ffe,0x0108,0x0000,0x0888,0x0888,0x0889,0x0ffa,0x0888,0x0888,0x0000} }, /* U+67F1 柱 */
    { 0x67f3u, {0x0308,0x00c8,0x0ffe,0x0008,0x01fe,0x0c82,0x03f2,0x0000,0x0ffe,0x0202,0x03fe,0x0000} }, /* U+67F3 柳 */
    { 0x67f4u, {0x097c,0x0940,0x057e,0x0524,0x0324,0x0fa0,0x017f,0x0348,0x0548,0x0944,0x0964,0x0000} }, /* U+67F4 柴 */
    { 0x67f5u, {0x0308,0x00c8,0x0ffe,0x0008,0x0ffe,0x0042,0x07fe,0x0042,0x07fe,0x0842,0x0ffe,0x0000} }, /* U+67F5 柵 */
    { 0x67fbu, {0x0824,0x0824,0x0fd4,0x0954,0x094c,0x097f,0x0944,0x094c,0x0fd4,0x0824,0x0824,0x0000} }, /* U+67FB 査 */
    { 0x67feu, {0x0308,0x00c8,0x0ffe,0x0108,0x0802,0x0fe2,0x0802,0x0ffe,0x0842,0x0842,0x0842,0x0000} }, /* U+67FE 柾 */
    { 0x67ffu, {0x0308,0x00c8,0x0ffe,0x0008,0x07e4,0x0024,0x0024,0x0fff,0x0024,0x0424,0x07e4,0x0000} }, /* U+67FF 柿 */
    { 0x6802u, {0x0308,0x00c8,0x0ffe,0x0008,0x0720,0x04fe,0x0422,0x04aa,0x0532,0x0c22,0x07fe,0x0000} }, /* U+6802 栂 */
    { 0x6803u, {0x0308,0x00c8,0x0ffe,0x0008,0x0180,0x0c7e,0x0312,0x00f2,0x0892,0x0892,0x0792,0x0000} }, /* U+6803 栃 */
    { 0x6804u, {0x0418,0x044a,0x024c,0x0248,0x0149,0x0ffa,0x0048,0x014c,0x024a,0x0449,0x0418,0x0000} }, /* U+6804 栄 */
    { 0x6813u, {0x0308,0x00c8,0x0ffe,0x0008,0x0898,0x0894,0x0892,0x0ff2,0x0892,0x0894,0x0898,0x0000} }, /* U+6813 栓 */
    { 0x6816u, {0x0308,0x00c8,0x0ffe,0x0008,0x0ff2,0x0912,0x08fe,0x0812,0x09fe,0x0912,0x0ff2,0x0000} }, /* U+6816 栖 */
    { 0x6817u, {0x0902,0x097a,0x054a,0x054a,0x037e,0x0fca,0x017e,0x034a,0x054a,0x097a,0x0902,0x0000} }, /* U+6817 栗 */
    { 0x681eu, {0x048a,0x048a,0x02be,0x028a,0x018a,0x0fe0,0x008a,0x018a,0x02be,0x048a,0x048a,0x0000} }, /* U+681E 栞 */
    { 0x6821u, {0x0308,0x00c8,0x0ffe,0x0008,0x0824,0x0894,0x0504,0x0207,0x0304,0x0494,0x0824,0x0000} }, /* U+6821 校 */
    { 0x6822u, {0x0308,0x00c8,0x0ffe,0x0108,0x0002,0x0ff2,0x089a,0x0896,0x0892,0x0892,0x0ff2,0x0000} }, /* U+6822 栢 */
    { 0x6829u, {0x0308,0x00c8,0x0ffe,0x0208,0x0122,0x0892,0x0ffe,0x0200,0x0122,0x0892,0x0ffe,0x0000} }, /* U+6829 栩 */
    { 0x682au, {0x0308,0x00c8,0x0ffe,0x0490,0x044e,0x0248,0x0148,0x0fff,0x0148,0x0248,0x0448,0x0000} }, /* U+682A 株 */
    { 0x682bu, {0x0308,0x00c8,0x0ffe,0x0108,0x0084,0x0fe4,0x011c,0x0917,0x0fd4,0x0134,0x0104,0x0000} }, /* U+682B 栫 */
    { 0x6832u, {0x0308,0x00c8,0x0ffe,0x0208,0x0124,0x03a4,0x02e4,0x02bf,0x0aa4,0x0ab4,0x06ac,0x0000} }, /* U+6832 栲 */
    { 0x6834u, {0x0308,0x00c8,0x0ffe,0x0008,0x0108,0x0ff7,0x0114,0x01f4,0x0914,0x0ff4,0x0104,0x0000} }, /* U+6834 栴 */
    { 0x6838u, {0x0308,0x00c8,0x0ffe,0x0108,0x0804,0x0924,0x0554,0x048f,0x0244,0x0524,0x0894,0x0000} }, /* U+6838 核 */
    { 0x6839u, {0x0308,0x00c8,0x0ffe,0x0108,0x0000,0x0ffe,0x084a,0x09ca,0x024a,0x044a,0x0b7e,0x0000} }, /* U+6839 根 */
    { 0x683cu, {0x0308,0x00c8,0x0ffe,0x0088,0x0110,0x0f88,0x0957,0x0924,0x0924,0x0954,0x0f8c,0x0000} }, /* U+683C 格 */
    { 0x683du, {0x0490,0x0494,0x0294,0x0fff,0x0094,0x0994,0x0a90,0x041f,0x04f0,0x0312,0x0cd4,0x0000} }, /* U+683D 栽 */
    { 0x6840u, {0x0930,0x090e,0x0592,0x0562,0x031e,0x0fa0,0x013c,0x0324,0x057f,0x0924,0x0924,0x0000} }, /* U+6840 桀 */
    { 0x6841u, {0x0308,0x00c8,0x0ffe,0x0088,0x0044,0x0fe2,0x0010,0x0022,0x0822,0x0fe2,0x0022,0x0000} }, /* U+6841 桁 */
    { 0x6842u, {0x0308,0x00c8,0x0ffe,0x0108,0x0820,0x0924,0x0924,0x0fff,0x0924,0x0924,0x0924,0x0000} }, /* U+6842 桂 */
    { 0x6843u, {0x0308,0x00c8,0x0ffe,0x0888,0x0904,0x0488,0x03fe,0x0000,0x0fff,0x0848,0x0c84,0x0000} }, /* U+6843 桃 */
    { 0x6846u, {0x0308,0x00c8,0x0ffe,0x0008,0x0ffe,0x0802,0x0a4a,0x0a4a,0x0bfa,0x0a4a,0x0a4a,0x0000} }, /* U+6846 框 */
    { 0x6848u, {0x091c,0x0914,0x0594,0x0574,0x035c,0x0fd7,0x0154,0x0354,0x05b4,0x0914,0x091c,0x0000} }, /* U+6848 案 */
    { 0x684du, {0x0308,0x00c8,0x0ffe,0x0008,0x00a4,0x06b4,0x03ac,0x02a7,0x0aa4,0x0aac,0x06b4,0x0000} }, /* U+684D 桍 */
    { 0x684eu, {0x0308,0x00c8,0x0ffe,0x0108,0x0802,0x0932,0x092a,0x0926,0x0fe2,0x0922,0x0932,0x0000} }, /* U+684E 桎 */
    { 0x6850u, {0x0308,0x00c8,0x0ffe,0x0008,0x0ffe,0x0002,0x03d2,0x0252,0x03d2,0x0802,0x0ffe,0x0000} }, /* U+6850 桐 */
    { 0x6851u, {0x0920,0x09e2,0x0522,0x05ae,0x0372,0x0f12,0x0132,0x03ea,0x0526,0x09a0,0x0960,0x0000} }, /* U+6851 桑 */
    { 0x6853u, {0x0308,0x00c8,0x0ffe,0x0108,0x0802,0x0bfa,0x0a4a,0x0a4a,0x0a4a,0x0a4a,0x0bfa,0x0000} }, /* U+6853 桓 */
    { 0x6854u, {0x0308,0x00c8,0x0ffe,0x0108,0x0004,0x0f24,0x0924,0x0924,0x093f,0x0924,0x0f24,0x0000} }, /* U+6854 桔 */
    { 0x6859u, {0x0308,0x00c8,0x0ffe,0x0108,0x0200,0x02ec,0x024b,0x0248,0x0ff8,0x024e,0x0248,0x0000} }, /* U+6859 桙 */
    { 0x685cu, {0x0308,0x00c8,0x0ffe,0x0008,0x0840,0x0b4e,0x04e0,0x044e,0x0640,0x09d8,0x0846,0x0000} }, /* U+685C 桜 */
    { 0x685du, {0x0308,0x00c8,0x0ffe,0x0908,0x0860,0x049e,0x0304,0x01fc,0x0108,0x0fff,0x0108,0x0000} }, /* U+685D 桝 */
    { 0x685fu, {0x0308,0x00c8,0x0ffe,0x0908,0x0844,0x0454,0x0454,0x03ff,0x0654,0x0954,0x08d6,0x0000} }, /* U+685F 桟 */
    { 0x6863u, {0x0308,0x00c8,0x0ffe,0x0008,0x0924,0x0928,0x0920,0x093f,0x0920,0x0928,0x0fe4,0x0000} }, /* U+6863 档 */
    { 0x6867u, {0x0308,0x00c8,0x0ffe,0x0108,0x0008,0x0c94,0x0a92,0x0992,0x0892,0x0892,0x0e94,0x0000} }, /* U+6867 桧 */
    { 0x6874u, {0x0308,0x00c8,0x0ffe,0x0108,0x0018,0x0206,0x0242,0x0a5a,0x0f42,0x02ca,0x0252,0x0000} }, /* U+6874 桴 */
    { 0x6876u, {0x0308,0x00c8,0x0ffe,0x0008,0x0ff2,0x0152,0x0152,0x0ffa,0x0156,0x0952,0x0ff0,0x0000} }, /* U+6876 桶 */
    { 0x6877u, {0x0308,0x00c8,0x0ffe,0x0108,0x0c08,0x03f4,0x0152,0x01f2,0x015a,0x0956,0x0ff0,0x0000} }, /* U+6877 桷 */
    { 0x687eu, {0x0308,0x00c8,0x0ffe,0x0108,0x0200,0x014a,0x0fca,0x097e,0x094a,0x094a,0x0f7e,0x0000} }, /* U+687E 桾 */
    { 0x687fu, {0x0308,0x00c8,0x0ffe,0x0108,0x0200,0x02be,0x02aa,0x02aa,0x0faa,0x02aa,0x02be,0x0000} }, /* U+687F 桿 */
    { 0x6881u, {0x0484,0x04c8,0x02a2,0x0284,0x0190,0x0fca,0x00a2,0x019e,0x02c2,0x04be,0x0488,0x0000} }, /* U+6881 梁 */
    { 0x6883u, {0x0308,0x00c8,0x0ffe,0x0808,0x09b2,0x062a,0x05e6,0x0a20,0x0a22,0x0bfe,0x0a22,0x0000} }, /* U+6883 梃 */
    { 0x6885u, {0x0308,0x00c8,0x0ffe,0x0008,0x0798,0x04f7,0x0794,0x04f4,0x0c94,0x07f4,0x0484,0x0000} }, /* U+6885 梅 */
    { 0x688du, {0x0308,0x00c8,0x0ffe,0x0088,0x0200,0x027c,0x0fd4,0x0a56,0x0a55,0x0954,0x0d7c,0x0000} }, /* U+688D 梍 */
    { 0x688fu, {0x0308,0x00c8,0x0ffe,0x0108,0x0000,0x0f2e,0x0924,0x0924,0x097f,0x0924,0x0f24,0x0000} }, /* U+688F 梏 */
    { 0x6893u, {0x0308,0x00c8,0x0ffe,0x0108,0x0244,0x027c,0x0244,0x0fc7,0x0264,0x025c,0x0244,0x0000} }, /* U+6893 梓 */
    { 0x6894u, {0x0308,0x00c8,0x0ffe,0x0108,0x0600,0x01fe,0x0f2a,0x092a,0x09ea,0x092a,0x0de8,0x0000} }, /* U+6894 梔 */
    { 0x6897u, {0x0308,0x00c8,0x0ffe,0x0008,0x08fa,0x0aaa,0x04aa,0x03fe,0x04aa,0x08aa,0x08fa,0x0000} }, /* U+6897 梗 */
    { 0x689bu, {0x0308,0x00c8,0x0ffe,0x0082,0x0c92,0x03fe,0x0092,0x0892,0x0ffe,0x0422,0x03de,0x0000} }, /* U+689B 梛 */
    { 0x689du, {0x0020,0x0ff8,0x0006,0x0bf8,0x0950,0x0548,0x0337,0x0fe4,0x0124,0x055c,0x0944,0x0000} }, /* U+689D 條 */
    { 0x689fu, {0x0900,0x097c,0x0554,0x0554,0x0356,0x0fd5,0x0154,0x0354,0x055c,0x09d0,0x0910,0x0000} }, /* U+689F 梟 */
    { 0x68a0u, {0x0308,0x00c8,0x0ffe,0x0008,0x0f80,0x089e,0x08d2,0x08b2,0x0892,0x0892,0x0f9e,0x0000} }, /* U+68A0 梠 */
    { 0x68a2u, {0x0308,0x00c8,0x0ffe,0x0108,0x0000,0x0fec,0x02a0,0x02bf,0x02a0,0x0aa8,0x0fe4,0x0000} }, /* U+68A2 梢 */
    { 0x68a6u, {0x0024,0x0914,0x097f,0x0894,0x09c4,0x0aa0,0x0494,0x048c,0x02ff,0x0194,0x0024,0x0000} }, /* U+68A6 梦 */
    { 0x68a7u, {0x0308,0x00c8,0x0ffe,0x0108,0x0042,0x0f4a,0x097a,0x094e,0x094a,0x094a,0x0f7a,0x0000} }, /* U+68A7 梧 */
    { 0x68a8u, {0x094a,0x092a,0x057e,0x051a,0x032a,0x0faa,0x0100,0x033e,0x0500,0x0940,0x097e,0x0000} }, /* U+68A8 梨 */
    { 0x68adu, {0x0308,0x00c8,0x0ffe,0x0048,0x0948,0x0b3c,0x048b,0x0488,0x06b8,0x09ce,0x0868,0x0000} }, /* U+68AD 梭 */
    { 0x68afu, {0x0308,0x00c8,0x0ffe,0x0008,0x08e8,0x04a9,0x02aa,0x0ff8,0x08ac,0x08ab,0x07b8,0x0000} }, /* U+68AF 梯 */
    { 0x68b0u, {0x0308,0x00c8,0x0ffe,0x0048,0x03f4,0x0044,0x0bf4,0x0844,0x04ff,0x0304,0x0ce6,0x0000} }, /* U+68B0 械 */
    { 0x68b1u, {0x0308,0x00c8,0x0ffe,0x0008,0x0ffe,0x0912,0x0892,0x0ffe,0x0892,0x0912,0x0ffe,0x0000} }, /* U+68B1 梱 */
    { 0x68b3u, {0x0308,0x00c8,0x0ffe,0x0108,0x0c24,0x03b4,0x002f,0x0fa4,0x0024,0x0f9c,0x0864,0x0000} }, /* U+68B3 梳 */
    { 0x68b5u, {0x0824,0x0814,0x047f,0x0394,0x02a4,0x0480,0x00a4,0x0f94,0x087f,0x0814,0x0e24,0x0000} }, /* U+68B5 梵 */
    { 0x68b6u, {0x0308,0x00c8,0x0ffe,0x0088,0x0600,0x01fe,0x02aa,0x02aa,0x0fea,0x0aaa,0x0aae,0x0000} }, /* U+68B6 梶 */
    { 0x68b9u, {0x0308,0x00c8,0x0ffe,0x0108,0x0900,0x05fc,0x0114,0x0114,0x0112,0x05f2,0x0910,0x0000} }, /* U+68B9 梹 */
    { 0x68bau, {0x0064,0x0054,0x007f,0x0054,0x0044,0x0fe0,0x0154,0x014c,0x027f,0x0254,0x0064,0x0000} }, /* U+68BA 梺 */
    { 0x68bcu, {0x0308,0x00c8,0x0ffe,0x0108,0x0554,0x0354,0x05d4,0x017f,0x0954,0x0fd4,0x0154,0x0000} }, /* U+68BC 梼 */
    { 0x68c4u, {0x0844,0x0954,0x05f4,0x055c,0x0354,0x0ff7,0x0154,0x0354,0x05fc,0x0954,0x0844,0x0000} }, /* U+68C4 棄 */
    { 0x68c6u, {0x0308,0x00c8,0x0ffe,0x0008,0x0fd8,0x0254,0x0fd2,0x0252,0x0fd2,0x0254,0x0fd8,0x0000} }, /* U+68C6 棆 */
    { 0x68c9u, {0x0308,0x00c8,0x0ffe,0x0088,0x0700,0x017c,0x0154,0x0fd6,0x0155,0x0554,0x077c,0x0000} }, /* U+68C9 棉 */
    { 0x68cau, {0x0a40,0x0944,0x05c4,0x057f,0x0354,0x0fd4,0x0154,0x057f,0x05c4,0x0944,0x0a40,0x0000} }, /* U+68CA 棊 */
    { 0x68cbu, {0x0308,0x00c8,0x0ffe,0x0008,0x0904,0x05ff,0x0154,0x0154,0x0154,0x05ff,0x0904,0x0000} }, /* U+68CB 棋 */
    { 0x68cdu, {0x0308,0x00c8,0x0ffe,0x0108,0x0800,0x0ffe,0x092a,0x002a,0x0fea,0x092a,0x0d3e,0x0000} }, /* U+68CD 棍 */
    { 0x68d2u, {0x0308,0x00c8,0x0ffe,0x0148,0x04d4,0x0574,0x055c,0x0fd7,0x0574,0x04d4,0x0554,0x0000} }, /* U+68D2 棒 */
    { 0x68d4u, {0x0308,0x00c8,0x0ffe,0x0108,0x0008,0x0fbe,0x0aaa,0x0a8a,0x0a9e,0x0aaa,0x0faa,0x0000} }, /* U+68D4 棔 */
    { 0x68d5u, {0x0308,0x00c8,0x0ffe,0x0108,0x048c,0x0294,0x0894,0x0f97,0x0094,0x0294,0x048c,0x0000} }, /* U+68D5 棕 */
    { 0x68d7u, {0x0844,0x0bdc,0x04a4,0x04a4,0x0294,0x0fff,0x0294,0x04a4,0x04a4,0x0bdc,0x0844,0x0000} }, /* U+68D7 棗 */
    { 0x68d8u, {0x04f4,0x0214,0x0fff,0x0294,0x0474,0x0800,0x04f4,0x0214,0x0fff,0x0294,0x0474,0x0000} }, /* U+68D8 棘 */
    { 0x68dau, {0x0308,0x00c8,0x0ffe,0x0008,0x0ffe,0x0112,0x0ffe,0x0000,0x0ffe,0x0112,0x0ffe,0x0000} }, /* U+68DA 棚 */
    { 0x68dfu, {0x0308,0x00c8,0x0ffe,0x0888,0x09f4,0x0554,0x0354,0x0fff,0x0154,0x0554,0x09f4,0x0000} }, /* U+68DF 棟 */
    { 0x68e0u, {0x091c,0x0904,0x0506,0x0574,0x0354,0x0fd7,0x0154,0x0374,0x0506,0x0904,0x091c,0x0000} }, /* U+68E0 棠 */
    { 0x68e1u, {0x0308,0x00c8,0x0ffe,0x0008,0x0ffe,0x0222,0x03fa,0x0222,0x03ba,0x0822,0x0ffe,0x0000} }, /* U+68E1 棡 */
    { 0x68e3u, {0x0308,0x00c8,0x0ffe,0x0888,0x0510,0x0254,0x0954,0x0fff,0x0254,0x0554,0x08fc,0x0000} }, /* U+68E3 棣 */
    { 0x68e7u, {0x0308,0x00c8,0x0ffe,0x0884,0x08a4,0x09ef,0x0694,0x0494,0x0aec,0x09a4,0x0cb6,0x0000} }, /* U+68E7 棧 */
    { 0x68eeu, {0x0480,0x02a4,0x0fd4,0x028c,0x0484,0x003f,0x0484,0x028c,0x0fd4,0x02a4,0x0480,0x0000} }, /* U+68EE 森 */
    { 0x68efu, {0x0308,0x00c8,0x0ffe,0x0080,0x0608,0x0854,0x0952,0x0a52,0x0952,0x04d4,0x0808,0x0000} }, /* U+68EF 棯 */
    { 0x68f2u, {0x0308,0x00c8,0x0ffe,0x0908,0x0914,0x0754,0x05d4,0x057f,0x0554,0x0b54,0x097c,0x0000} }, /* U+68F2 棲 */
    { 0x68f9u, {0x0308,0x00c8,0x0ffe,0x0108,0x0408,0x05f0,0x0550,0x0f5f,0x0554,0x0554,0x05f4,0x0000} }, /* U+68F9 棹 */
    { 0x68fau, {0x0308,0x00c8,0x0ffe,0x0108,0x000c,0x0ff4,0x0954,0x0957,0x0954,0x0974,0x0f0c,0x0000} }, /* U+68FA 棺 */
    { 0x6900u, {0x0308,0x00c8,0x0ffe,0x0908,0x08fc,0x0514,0x03f4,0x0007,0x0ff4,0x0914,0x0dfc,0x0000} }, /* U+6900 椀 */
    { 0x6901u, {0x0308,0x00c8,0x0ffe,0x0108,0x0204,0x0274,0x0a54,0x0a57,0x0f54,0x02d4,0x0274,0x0000} }, /* U+6901 椁 */
    { 0x6904u, {0x0308,0x00c8,0x0ffe,0x0008,0x0aa4,0x0bbc,0x04e4,0x04a7,0x04a4,0x0bbc,0x08a4,0x0000} }, /* U+6904 椄 */
    { 0x6905u, {0x0308,0x00c8,0x0ffe,0x0008,0x0064,0x0754,0x054c,0x0747,0x004c,0x0854,0x0fe4,0x0000} }, /* U+6905 椅 */
    { 0x6908u, {0x0308,0x00c8,0x0ffe,0x0008,0x04b0,0x028f,0x07f4,0x0184,0x0ab4,0x0884,0x07fc,0x0000} }, /* U+6908 椈 */
    { 0x690bu, {0x0308,0x00c8,0x0ffe,0x0108,0x0404,0x02f4,0x0094,0x0894,0x0f97,0x0094,0x06f4,0x0000} }, /* U+690B 椋 */
    { 0x690cu, {0x0308,0x00c8,0x0ffe,0x0108,0x085c,0x0944,0x093c,0x0f07,0x097c,0x0944,0x086c,0x0000} }, /* U+690C 椌 */
    { 0x690du, {0x0308,0x00c8,0x0ffe,0x0008,0x0fe4,0x0804,0x0bf4,0x0a54,0x0a5f,0x0a54,0x0bf4,0x0000} }, /* U+690D 植 */
    { 0x690eu, {0x0308,0x00c8,0x0ffe,0x0108,0x0020,0x0ff8,0x092f,0x0928,0x0ff8,0x092e,0x0928,0x0000} }, /* U+690E 椎 */
    { 0x690fu, {0x0308,0x00c8,0x0ffe,0x0008,0x08f2,0x0892,0x0f9e,0x0802,0x0f9e,0x0892,0x08f2,0x0000} }, /* U+690F 椏 */
    { 0x6912u, {0x0308,0x00c8,0x0ffe,0x0228,0x0920,0x0fff,0x0124,0x0a24,0x04f2,0x0302,0x0cfe,0x0000} }, /* U+6912 椒 */
    { 0x6919u, {0x0308,0x00c8,0x0ffe,0x0008,0x0f80,0x0abe,0x0aaa,0x0aaa,0x0aaa,0x0abe,0x0f80,0x0000} }, /* U+6919 椙 */
    { 0x691au, {0x0308,0x00c8,0x0ffe,0x0008,0x0ffe,0x002a,0x003e,0x0000,0x003e,0x082a,0x0ffe,0x0000} }, /* U+691A 椚 */
    { 0x691bu, {0x0308,0x00c8,0x0ffe,0x0104,0x0fc4,0x003f,0x0004,0x0ff4,0x088f,0x0844,0x0c24,0x0000} }, /* U+691B 椛 */
    { 0x691cu, {0x0308,0x00c8,0x0ffe,0x0808,0x09ec,0x052a,0x052a,0x03fa,0x052a,0x092c,0x09e8,0x0000} }, /* U+691C 検 */
    { 0x6921u, {0x0308,0x00c8,0x0ffe,0x0088,0x0932,0x0fea,0x0926,0x0922,0x01fc,0x0800,0x0ffe,0x0000} }, /* U+6921 椡 */
    { 0x6922u, {0x0308,0x00c8,0x0ffe,0x0008,0x0ffe,0x0a0a,0x0a4a,0x0bfa,0x0a4a,0x0a8a,0x0ffe,0x0000} }, /* U+6922 椢 */
    { 0x6923u, {0x0308,0x00c8,0x0ffe,0x0108,0x09fc,0x0524,0x01ff,0x0124,0x01ff,0x0524,0x09fc,0x0000} }, /* U+6923 椣 */
    { 0x6925u, {0x0308,0x00c8,0x0ffe,0x0448,0x0247,0x01fc,0x0244,0x0444,0x0ffe,0x0402,0x07fe,0x0000} }, /* U+6925 椥 */
    { 0x6926u, {0x0308,0x00c8,0x0ffe,0x0100,0x08ac,0x096a,0x0538,0x03af,0x0928,0x097a,0x07ac,0x0000} }, /* U+6926 椦 */
    { 0x6928u, {0x0308,0x00c8,0x0ffe,0x0408,0x03fc,0x0044,0x0fe4,0x001f,0x00a4,0x0924,0x0ffc,0x0000} }, /* U+6928 椨 */
    { 0x692au, {0x0308,0x00c8,0x0ffe,0x0100,0x0849,0x088a,0x0ff8,0x0808,0x0ffc,0x088b,0x0848,0x0000} }, /* U+692A 椪 */
    { 0x6930u, {0x0308,0x00c8,0x0ffe,0x0402,0x07fe,0x024a,0x0ffe,0x0000,0x0ffe,0x0422,0x03de,0x0000} }, /* U+6930 椰 */
    { 0x6934u, {0x0308,0x00c8,0x0ffe,0x0208,0x0ffe,0x094a,0x094a,0x07be,0x0482,0x0bbe,0x0820,0x0000} }, /* U+6934 椴 */
    { 0x6936u, {0x0308,0x00c8,0x0ffe,0x0808,0x095e,0x0b50,0x04ba,0x0494,0x06ba,0x09d0,0x085e,0x0000} }, /* U+6936 椶 */
    { 0x6939u, {0x0308,0x00c8,0x0ffe,0x0008,0x0f84,0x0aff,0x0994,0x0894,0x0b94,0x0aff,0x0a84,0x0000} }, /* U+6939 椹 */
    { 0x693du, {0x0308,0x00c8,0x0ffe,0x0420,0x0538,0x056e,0x0aaa,0x0aea,0x07ba,0x012e,0x06a2,0x0000} }, /* U+693D 椽 */
    { 0x693fu, {0x0308,0x00c8,0x0ffe,0x0248,0x0154,0x0fd4,0x0974,0x095f,0x0954,0x0974,0x0fd4,0x0000} }, /* U+693F 椿 */
    { 0x694au, {0x0308,0x00c8,0x0ffe,0x0488,0x02fe,0x09aa,0x04aa,0x02aa,0x09aa,0x08be,0x07a0,0x0000} }, /* U+694A 楊 */
    { 0x6953u, {0x0308,0x00c8,0x0ffe,0x0208,0x09fe,0x092a,0x0ffa,0x092a,0x0dea,0x000a,0x0ffe,0x0000} }, /* U+6953 楓 */
    { 0x6954u, {0x0308,0x00c8,0x0ffe,0x0908,0x0954,0x05ff,0x0354,0x01a4,0x031c,0x0544,0x097c,0x0000} }, /* U+6954 楔 */
    { 0x6955u, {0x0308,0x00c8,0x0ffe,0x0108,0x0024,0x0fd4,0x055f,0x0554,0x0574,0x0554,0x0fd4,0x0000} }, /* U+6955 楕 */
    { 0x6959u, {0x0308,0x00c8,0x0ffe,0x0220,0x012a,0x08b2,0x0fee,0x0028,0x0ffe,0x00c8,0x0308,0x0000} }, /* U+6959 楙 */
    { 0x695au, {0x08a4,0x0894,0x06bf,0x0494,0x0484,0x07a0,0x0a94,0x0a8c,0x0abf,0x0894,0x09a4,0x0000} }, /* U+695A 楚 */
    { 0x695cu, {0x0308,0x00c8,0x0ffe,0x0108,0x07c8,0x047f,0x0c48,0x07fe,0x0092,0x0892,0x0ffe,0x0000} }, /* U+695C 楜 */
    { 0x695du, {0x0308,0x00c8,0x0ffe,0x0408,0x04f4,0x02b4,0x0194,0x0fff,0x0094,0x02b4,0x04f4,0x0000} }, /* U+695D 楝 */
    { 0x695eu, {0x0308,0x00c8,0x0ffe,0x0108,0x005e,0x0c52,0x03de,0x0172,0x095e,0x0952,0x075e,0x0000} }, /* U+695E 楞 */
    { 0x6960u, {0x0308,0x00c8,0x0ffe,0x0008,0x0ff4,0x0294,0x02f4,0x0f9f,0x02f4,0x0a94,0x0ff4,0x0000} }, /* U+6960 楠 */
    { 0x6961u, {0x0308,0x00c8,0x0ffe,0x0010,0x0fda,0x0556,0x0fd2,0x0312,0x0cd2,0x0314,0x0cc8,0x0000} }, /* U+6961 楡 */
    { 0x6962u, {0x0308,0x00c8,0x0ffe,0x0008,0x0ff4,0x0a94,0x0a7f,0x0a14,0x0afe,0x0a95,0x0ff4,0x0000} }, /* U+6962 楢 */
    { 0x696au, {0x0308,0x00c8,0x0ffe,0x0888,0x0904,0x057e,0x0344,0x0fdf,0x0154,0x055e,0x0944,0x0000} }, /* U+696A 楪 */
    { 0x696bu, {0x0308,0x00c8,0x0ffe,0x0108,0x0410,0x07fe,0x0552,0x0552,0x0552,0x0ffe,0x0210,0x0000} }, /* U+696B 楫 */
    { 0x696du, {0x0908,0x0948,0x054e,0x0578,0x034f,0x0fc8,0x014f,0x0378,0x054c,0x094a,0x0908,0x0000} }, /* U+696D 業 */
    { 0x696eu, {0x0308,0x00c8,0x0ffe,0x0208,0x0124,0x0fa4,0x0ae4,0x0abf,0x0aa4,0x0af4,0x0fac,0x0000} }, /* U+696E 楮 */
    { 0x696fu, {0x0308,0x00c8,0x0ffe,0x0208,0x01fc,0x0014,0x0fd4,0x0954,0x097c,0x0952,0x0fd2,0x0000} }, /* U+696F 楯 */
    { 0x6973u, {0x0308,0x00c8,0x0ffe,0x0808,0x0904,0x057f,0x0354,0x0fd4,0x0154,0x057f,0x0904,0x0000} }, /* U+6973 楳 */
    { 0x6974u, {0x0308,0x00c8,0x0ffe,0x0024,0x07a4,0x00bc,0x00a4,0x0fe7,0x00bc,0x04a4,0x07e4,0x0000} }, /* U+6974 楴 */
    { 0x6975u, {0x0308,0x00c8,0x0ffe,0x0008,0x09e2,0x0d2e,0x0bfa,0x0a02,0x096a,0x098a,0x0a7a,0x0000} }, /* U+6975 極 */
    { 0x6977u, {0x0308,0x00c8,0x0ffe,0x0008,0x0fbe,0x0aa4,0x0aa4,0x0ac0,0x0abf,0x0aa4,0x0fb4,0x0000} }, /* U+6977 楷 */
    { 0x6978u, {0x0308,0x00c8,0x0ffe,0x0224,0x0124,0x0ffc,0x0422,0x0322,0x00ff,0x0380,0x0c38,0x0000} }, /* U+6978 楸 */
    { 0x6979u, {0x0308,0x00c8,0x0ffe,0x0848,0x0f22,0x095e,0x0f2a,0x092a,0x0f5e,0x0948,0x0f38,0x0000} }, /* U+6979 楹 */
    { 0x697cu, {0x0308,0x00c8,0x0ffe,0x0088,0x0aa8,0x0b9e,0x04c8,0x04bf,0x0688,0x099c,0x08aa,0x0000} }, /* U+697C 楼 */
    { 0x697du, {0x0944,0x0928,0x0500,0x057c,0x0356,0x0fd5,0x0154,0x037c,0x0500,0x0928,0x0944,0x0000} }, /* U+697D 楽 */
    { 0x697eu, {0x0308,0x00c8,0x0ffe,0x0108,0x0808,0x057c,0x0354,0x0856,0x0fd5,0x0254,0x057c,0x0000} }, /* U+697E 楾 */
    { 0x6981u, {0x0308,0x00c8,0x0ffe,0x0104,0x0894,0x0ad4,0x0ab4,0x0f97,0x0ab4,0x0ad4,0x089c,0x0000} }, /* U+6981 榁 */
    { 0x6982u, {0x0308,0x00c8,0x0ffe,0x0008,0x03fe,0x0a4a,0x094a,0x057e,0x0222,0x0ffe,0x0822,0x0000} }, /* U+6982 概 */
    { 0x698au, {0x0308,0x00c8,0x0ffe,0x0088,0x0fcf,0x0228,0x01fc,0x0124,0x0fff,0x0124,0x01fc,0x0000} }, /* U+698A 榊 */
    { 0x698eu, {0x0308,0x00c8,0x0ffe,0x0008,0x0a02,0x09fa,0x0aaa,0x04ae,0x04aa,0x0baa,0x08fa,0x0000} }, /* U+698E 榎 */
    { 0x6991u, {0x0308,0x00c8,0x0ffe,0x0008,0x02f4,0x0654,0x0a54,0x02ff,0x0a54,0x0f54,0x02f6,0x0000} }, /* U+6991 榑 */
    { 0x6994u, {0x0308,0x00c8,0x0ffe,0x0108,0x0ffc,0x0497,0x0294,0x0ffe,0x0422,0x0452,0x038e,0x0000} }, /* U+6994 榔 */
    { 0x6995u, {0x0308,0x00c8,0x0ffe,0x0124,0x0f94,0x094c,0x0924,0x0927,0x094c,0x0f94,0x012c,0x0000} }, /* U+6995 榕 */
    { 0x699bu, {0x0308,0x00c8,0x0ffe,0x0884,0x0954,0x0574,0x035c,0x0fd7,0x0174,0x05d4,0x0954,0x0000} }, /* U+699B 榛 */
    { 0x699cu, {0x0308,0x00c8,0x0ffe,0x0108,0x0064,0x0ca4,0x03bc,0x02e7,0x0aa4,0x0abc,0x06e4,0x0000} }, /* U+699C 榜 */
    { 0x69a0u, {0x0308,0x00c8,0x0ffe,0x0108,0x0a06,0x0afa,0x06aa,0x03aa,0x02aa,0x06aa,0x0afe,0x0000} }, /* U+69A0 榠 */
    { 0x69a7u, {0x0308,0x00c8,0x0ffe,0x0008,0x0ffe,0x0892,0x0a92,0x09fe,0x0802,0x0bfe,0x0892,0x0000} }, /* U+69A7 榧 */
    { 0x69aeu, {0x04e4,0x0432,0x04a8,0x02a7,0x02a8,0x0ff6,0x00a8,0x02a7,0x02a8,0x0434,0x04e2,0x0000} }, /* U+69AE 榮 */
    { 0x69b1u, {0x0308,0x00c8,0x0ffe,0x0108,0x0444,0x0df4,0x0b54,0x0957,0x0354,0x05f4,0x0a44,0x0000} }, /* U+69B1 榱 */
    { 0x69b2u, {0x0308,0x00c8,0x0ffe,0x0808,0x0f80,0x08be,0x0faa,0x08a6,0x0faa,0x08be,0x0f80,0x0000} }, /* U+69B2 榲 */
    { 0x69b4u, {0x0308,0x00c8,0x0ffe,0x0108,0x0fbe,0x0aa2,0x0a98,0x0fb2,0x0a8e,0x0aa2,0x0fbe,0x0000} }, /* U+69B4 榴 */
    { 0x69bbu, {0x0308,0x00c8,0x0ffe,0x0a88,0x0580,0x02be,0x0faa,0x0aaa,0x05aa,0x0abe,0x0f80,0x0000} }, /* U+69BB 榻 */
    { 0x69beu, {0x0308,0x00c8,0x0ffe,0x0108,0x0060,0x0fbe,0x02a2,0x02ba,0x0aaa,0x0fbe,0x0060,0x0000} }, /* U+69BE 榾 */
    { 0x69bfu, {0x0308,0x00c8,0x0ffe,0x0108,0x0816,0x09d4,0x0f54,0x0957,0x0954,0x0f54,0x09d6,0x0000} }, /* U+69BF 榿 */
    { 0x69c1u, {0x0308,0x00c8,0x0ffe,0x0008,0x0fc4,0x005c,0x0754,0x0557,0x0754,0x085c,0x0fc4,0x0000} }, /* U+69C1 槁 */
    { 0x69c3u, {0x0940,0x09fc,0x0556,0x0545,0x03fc,0x0f08,0x01b6,0x0352,0x0552,0x09be,0x0910,0x0000} }, /* U+69C3 槃 */
    { 0x69c7u, {0x0308,0x00c8,0x0ffe,0x0008,0x09e0,0x090f,0x05f4,0x0154,0x0154,0x05f2,0x091a,0x0000} }, /* U+69C7 槇 */
    { 0x69cau, {0x0934,0x09a6,0x057c,0x0527,0x0334,0x0f80,0x017e,0x032a,0x052a,0x092a,0x097e,0x0000} }, /* U+69CA 槊 */
    { 0x69cbu, {0x0308,0x00c8,0x0ffe,0x0408,0x0fd4,0x057f,0x0554,0x07d4,0x057f,0x0554,0x0fd4,0x0000} }, /* U+69CB 構 */
    { 0x69ccu, {0x0308,0x00c8,0x0ffe,0x0808,0x0444,0x03c8,0x0400,0x0bfe,0x0a55,0x0a54,0x0bdc,0x0000} }, /* U+69CC 槌 */
    { 0x69cdu, {0x0308,0x00c8,0x0ffe,0x0008,0x0608,0x01fc,0x0eaa,0x0aaa,0x0aaa,0x0aaa,0x0efc,0x0000} }, /* U+69CD 槍 */
    { 0x69ceu, {0x0308,0x00c8,0x0ffe,0x0008,0x0a44,0x0957,0x09d4,0x097c,0x0f56,0x0955,0x0954,0x0000} }, /* U+69CE 槎 */
    { 0x69d0u, {0x0308,0x00c8,0x0ffe,0x0108,0x0cfc,0x0394,0x0096,0x07fd,0x0894,0x0b94,0x0cfc,0x0000} }, /* U+69D0 槐 */
    { 0x69d3u, {0x0308,0x00c8,0x0ffe,0x0100,0x0808,0x0bea,0x06aa,0x02ae,0x02aa,0x06aa,0x0bea,0x0000} }, /* U+69D3 槓 */
    { 0x69d8u, {0x0308,0x00c8,0x0ffe,0x0108,0x0844,0x0557,0x0354,0x0854,0x0ffe,0x0255,0x0d54,0x0000} }, /* U+69D8 様 */
    { 0x69d9u, {0x0308,0x00c8,0x0ffe,0x0008,0x0904,0x05f4,0x0154,0x015f,0x0154,0x0554,0x09f4,0x0000} }, /* U+69D9 槙 */
    { 0x69ddu, {0x0308,0x00c8,0x0ffe,0x0108,0x0c08,0x09fc,0x0f56,0x0955,0x0d54,0x017c,0x0f40,0x0000} }, /* U+69DD 槝 */
    { 0x69deu, {0x0308,0x00c8,0x0ffe,0x0028,0x03e4,0x02a4,0x02bc,0x0fe7,0x0aa4,0x0abc,0x0be4,0x0000} }, /* U+69DE 槞 */
    { 0x69e7u, {0x0944,0x097c,0x0554,0x05ff,0x0354,0x0ffc,0x0144,0x033e,0x050a,0x09fa,0x090a,0x0000} }, /* U+69E7 槧 */
    { 0x69e8u, {0x0308,0x00c8,0x0ffe,0x0204,0x0a74,0x0f57,0x02d4,0x0254,0x0ffe,0x0422,0x03de,0x0000} }, /* U+69E8 槨 */
    { 0x69ebu, {0x0308,0x00c8,0x0ffe,0x0004,0x017c,0x0554,0x0954,0x01ff,0x0954,0x0f54,0x01bc,0x0000} }, /* U+69EB 槫 */
    { 0x69edu, {0x0308,0x00c8,0x0ffe,0x0108,0x04fc,0x0244,0x0ffc,0x0a54,0x04ff,0x0304,0x0ce6,0x0000} }, /* U+69ED 槭 */
    { 0x69f2u, {0x0308,0x00c8,0x0ffe,0x012c,0x01fa,0x092a,0x0ffe,0x0220,0x0244,0x0108,0x0ffe,0x0000} }, /* U+69F2 槲 */
    { 0x69f9u, {0x0308,0x00c8,0x0ffe,0x0008,0x057c,0x0554,0x0456,0x0fd5,0x0454,0x0554,0x057c,0x0000} }, /* U+69F9 槹 */
    { 0x69fbu, {0x0308,0x00c8,0x0ffe,0x0228,0x0928,0x08fe,0x0528,0x03fe,0x012a,0x0f2a,0x09fe,0x0000} }, /* U+69FB 槻 */
    { 0x69fdu, {0x0308,0x00c8,0x0ffe,0x0054,0x0fd4,0x097f,0x0954,0x0954,0x097f,0x0fd4,0x007c,0x0000} }, /* U+69FD 槽 */
    { 0x69ffu, {0x0308,0x00c8,0x0ffe,0x0108,0x0804,0x0af4,0x0a9f,0x0a94,0x0ff4,0x0a9f,0x0af4,0x0000} }, /* U+69FF 槿 */
    { 0x6a02u, {0x0934,0x092a,0x0524,0x057c,0x0356,0x0fd5,0x0154,0x037c,0x0524,0x092a,0x0934,0x0000} }, /* U+6A02 樂 */
    { 0x6a05u, {0x0308,0x00c8,0x0ffe,0x0090,0x0fc8,0x0827,0x0788,0x0410,0x0fe8,0x0887,0x0898,0x0000} }, /* U+6A05 樅 */
    { 0x6a0au, {0x0924,0x0914,0x057f,0x0554,0x032a,0x01d4,0x032a,0x0554,0x057f,0x0914,0x0924,0x0000} }, /* U+6A0A 樊 */
    { 0x6a0bu, {0x0308,0x00c8,0x0ffe,0x0848,0x07d0,0x0402,0x0bfa,0x08aa,0x0bfe,0x08aa,0x0bf8,0x0000} }, /* U+6A0B 樋 */
    { 0x6a0cu, {0x0308,0x00c8,0x0ffe,0x0108,0x0808,0x0bfe,0x06aa,0x02aa,0x02be,0x06aa,0x0bfe,0x0000} }, /* U+6A0C 樌 */
    { 0x6a12u, {0x0308,0x00c8,0x0ffe,0x0024,0x0e94,0x0864,0x088c,0x0fd7,0x08a4,0x0894,0x0e2c,0x0000} }, /* U+6A12 樒 */
    { 0x6a13u, {0x0308,0x00c8,0x0ffe,0x0810,0x09fc,0x0754,0x0554,0x05ff,0x0554,0x0b54,0x09fc,0x0000} }, /* U+6A13 樓 */
    { 0x6a14u, {0x0308,0x00c8,0x0ffe,0x0408,0x04fa,0x02ad,0x01aa,0x0ffd,0x00aa,0x02ad,0x04f8,0x0000} }, /* U+6A14 樔 */
    { 0x6a17u, {0x0308,0x00c8,0x0ffe,0x0008,0x06ba,0x038a,0x02aa,0x0afe,0x0a8a,0x0aaa,0x06ba,0x0000} }, /* U+6A17 樗 */
    { 0x6a19u, {0x0308,0x00c8,0x0ffe,0x0008,0x0aba,0x06aa,0x0abe,0x0eaa,0x02be,0x06aa,0x0aba,0x0000} }, /* U+6A19 標 */
    { 0x6a1bu, {0x0308,0x00c8,0x0ffe,0x0028,0x0896,0x0a8a,0x0a7e,0x094a,0x0556,0x048a,0x013e,0x0000} }, /* U+6A1B 樛 */
    { 0x6a1eu, {0x0308,0x00c8,0x0ffe,0x0008,0x0ffe,0x0a82,0x0bba,0x082a,0x0baa,0x0aba,0x0b82,0x0000} }, /* U+6A1E 樞 */
    { 0x6a1fu, {0x0308,0x00c8,0x0ffe,0x0100,0x0414,0x05f4,0x055c,0x0554,0x0f57,0x055c,0x05f4,0x0000} }, /* U+6A1F 樟 */
    { 0x6a21u, {0x0308,0x00c8,0x0ffe,0x0088,0x0904,0x09f4,0x055f,0x0354,0x0154,0x055f,0x09f4,0x0000} }, /* U+6A21 模 */
    { 0x6a22u, {0x0308,0x00c8,0x0ffe,0x0108,0x0c00,0x01fc,0x0d56,0x0155,0x0d54,0x097c,0x0f40,0x0000} }, /* U+6A22 樢 */
    { 0x6a23u, {0x0308,0x00c8,0x0ffe,0x0808,0x0544,0x0357,0x0054,0x09d4,0x0f7e,0x0255,0x0554,0x0000} }, /* U+6A23 樣 */
    { 0x6a29u, {0x0308,0x00c8,0x0ffe,0x0108,0x0098,0x0fd7,0x0974,0x095c,0x0ff4,0x0954,0x0954,0x0000} }, /* U+6A29 権 */
    { 0x6a2au, {0x0308,0x00c8,0x0ffe,0x0010,0x09f4,0x055f,0x0154,0x01f4,0x015f,0x0554,0x09f4,0x0000} }, /* U+6A2A 横 */
    { 0x6a2bu, {0x0308,0x00c8,0x0ffe,0x0008,0x08fe,0x0aaa,0x0aee,0x0fba,0x0aca,0x0a32,0x0ace,0x0000} }, /* U+6A2B 樫 */
    { 0x6a2eu, {0x0308,0x00c8,0x0ffe,0x0008,0x0a7a,0x094a,0x047e,0x03ca,0x047e,0x0a4a,0x097a,0x0000} }, /* U+6A2E 樮 */
    { 0x6a35u, {0x0308,0x00c8,0x0ffe,0x0088,0x0c08,0x01fc,0x0d57,0x0154,0x0dfc,0x0157,0x0d54,0x0000} }, /* U+6A35 樵 */
    { 0x6a36u, {0x0308,0x00c8,0x0ffe,0x0828,0x0ffe,0x04aa,0x0fea,0x08aa,0x07aa,0x04be,0x0ba0,0x0000} }, /* U+6A36 樶 */
    { 0x6a38u, {0x0308,0x00c8,0x0ffe,0x0108,0x0a26,0x0aa4,0x06bf,0x03e4,0x02a7,0x06bc,0x0aa6,0x0000} }, /* U+6A38 樸 */
    { 0x6a39u, {0x0308,0x00c8,0x0ffe,0x0008,0x09d4,0x0f54,0x095f,0x0fd4,0x0048,0x0888,0x0ffe,0x0000} }, /* U+6A39 樹 */
    { 0x6a3au, {0x0308,0x00c8,0x0ffe,0x0048,0x0554,0x05f4,0x055f,0x0554,0x0ff4,0x055f,0x05f4,0x0000} }, /* U+6A3A 樺 */
    { 0x6a3du, {0x0308,0x00c8,0x0ffe,0x0108,0x01f4,0x0557,0x093c,0x0114,0x097e,0x0f55,0x01f4,0x0000} }, /* U+6A3D 樽 */
    { 0x6a44u, {0x0308,0x00c8,0x0ffe,0x0408,0x07fa,0x02ae,0x0ffa,0x0808,0x04df,0x0304,0x0cfc,0x0000} }, /* U+6A44 橄 */
    { 0x6a47u, {0x0308,0x00c8,0x0ffe,0x0208,0x028a,0x0fbe,0x0aaa,0x0a2a,0x02aa,0x0faa,0x0ab0,0x0000} }, /* U+6A47 橇 */
    { 0x6a48u, {0x0308,0x00c8,0x0ffe,0x0910,0x0954,0x05f4,0x0354,0x011f,0x0f54,0x09f4,0x0d54,0x0000} }, /* U+6A48 橈 */
    { 0x6a4bu, {0x0308,0x00c8,0x0ffe,0x0048,0x0f2a,0x017a,0x074a,0x054e,0x077a,0x092a,0x0f4a,0x0000} }, /* U+6A4B 橋 */
    { 0x6a58u, {0x0308,0x00c8,0x0ffe,0x0008,0x0fe8,0x015a,0x0eca,0x0a7a,0x0fce,0x016a,0x0fd8,0x0000} }, /* U+6A58 橘 */
    { 0x6a59u, {0x0308,0x00c8,0x0ffe,0x0108,0x084a,0x0bb2,0x0eaa,0x0aa6,0x0aa8,0x0eb4,0x0baa,0x0000} }, /* U+6A59 橙 */
    { 0x6a5fu, {0x0308,0x00c8,0x0ffe,0x0008,0x0cb4,0x03aa,0x02a0,0x08ff,0x0ba8,0x04b4,0x0aaa,0x0000} }, /* U+6A5F 機 */
    { 0x6a61u, {0x0308,0x00c8,0x0ffe,0x0008,0x057c,0x054a,0x0aca,0x097a,0x07ce,0x024a,0x0578,0x0000} }, /* U+6A61 橡 */
    { 0x6a62u, {0x0308,0x00c8,0x0ffe,0x0008,0x0ffe,0x0212,0x0fee,0x0554,0x055f,0x0574,0x0fd4,0x0000} }, /* U+6A62 橢 */
    { 0x6a66u, {0x0308,0x00c8,0x0ffe,0x0108,0x0824,0x0be4,0x0abc,0x0fe7,0x0aa4,0x0abc,0x0be4,0x0000} }, /* U+6A66 橦 */
    { 0x6a72u, {0x0308,0x00c8,0x0ffe,0x0088,0x0110,0x0f74,0x09d4,0x095f,0x0954,0x09d4,0x0f74,0x0000} }, /* U+6A72 橲 */
    { 0x6a78u, {0x0308,0x00c8,0x0ffe,0x0108,0x0f80,0x0abe,0x0faa,0x002a,0x0faa,0x0abe,0x0f80,0x0000} }, /* U+6A78 橸 */
    { 0x6a7fu, {0x0308,0x00c8,0x0ffe,0x0008,0x0882,0x0fbe,0x0aaa,0x0fbe,0x0aaa,0x0aaa,0x0fbe,0x0000} }, /* U+6A7F 橿 */
    { 0x6a80u, {0x0308,0x00c8,0x0ffe,0x0104,0x087c,0x0fc4,0x095c,0x0957,0x095c,0x0fc4,0x087c,0x0000} }, /* U+6A80 檀 */
    { 0x6a84u, {0x0308,0x00c8,0x0ffe,0x0248,0x09fe,0x0955,0x077c,0x0810,0x04cf,0x0304,0x0cfc,0x0000} }, /* U+6A84 檄 */
    { 0x6a8du, {0x0308,0x00c8,0x0ffe,0x0408,0x01f4,0x0754,0x095c,0x0b57,0x0954,0x055c,0x09f4,0x0000} }, /* U+6A8D 檍 */
    { 0x6a8eu, {0x0308,0x00c8,0x0ffe,0x0008,0x0f7c,0x014a,0x076a,0x05de,0x056a,0x094a,0x0f7c,0x0000} }, /* U+6A8E 檎 */
    { 0x6a90u, {0x0308,0x00c8,0x0ffe,0x0208,0x01fc,0x0eaa,0x0aaa,0x0a9a,0x0ace,0x0aba,0x0ea8,0x0000} }, /* U+6A90 檐 */
    { 0x6a97u, {0x09fe,0x092a,0x052a,0x05ee,0x0310,0x0f54,0x015c,0x03f7,0x0554,0x095c,0x0954,0x0000} }, /* U+6A97 檗 */
    { 0x6a9cu, {0x0308,0x00c8,0x0ffe,0x0108,0x00e4,0x0faa,0x0aea,0x0aaa,0x0aea,0x0aaa,0x0fec,0x0000} }, /* U+6A9C 檜 */
    { 0x6aa0u, {0x0924,0x097e,0x0554,0x0574,0x031e,0x0ff4,0x014f,0x0334,0x0524,0x095c,0x0944,0x0000} }, /* U+6AA0 檠 */
    { 0x6aa2u, {0x0308,0x00c8,0x0ffe,0x0808,0x05e4,0x032a,0x05ea,0x080a,0x05ea,0x032a,0x0dec,0x0000} }, /* U+6AA2 檢 */
    { 0x6aa3u, {0x0308,0x00c8,0x0ffe,0x0008,0x0fa4,0x089c,0x0ba4,0x0aff,0x0ba4,0x089c,0x0fa4,0x0000} }, /* U+6AA3 檣 */
    { 0x6aaau, {0x0308,0x00c8,0x0ffe,0x0944,0x0928,0x057c,0x0356,0x0fd5,0x017c,0x0528,0x0944,0x0000} }, /* U+6AAA 檪 */
    { 0x6aacu, {0x0308,0x00c8,0x0ffe,0x0004,0x0574,0x055f,0x0ad4,0x0954,0x07df,0x0254,0x0534,0x0000} }, /* U+6AAC 檬 */
    { 0x6aaeu, {0x0308,0x00c8,0x0ffe,0x0108,0x0f54,0x0954,0x0f54,0x01df,0x0554,0x0954,0x0f34,0x0000} }, /* U+6AAE 檮 */
    { 0x6ab3u, {0x0308,0x00c8,0x0ffe,0x0908,0x08ac,0x07d4,0x0554,0x0577,0x0554,0x0ff4,0x085c,0x0000} }, /* U+6AB3 檳 */
    { 0x6ab8u, {0x0308,0x00c8,0x0ffe,0x0214,0x0384,0x0abc,0x0ba4,0x0eaf,0x03a4,0x0294,0x03ac,0x0000} }, /* U+6AB8 檸 */
    { 0x6abbu, {0x0308,0x00c8,0x0ffe,0x0808,0x0f7e,0x092a,0x0fee,0x093a,0x0f4f,0x0948,0x0f48,0x0000} }, /* U+6ABB 檻 */
    { 0x6ac1u, {0x0308,0x00c8,0x0ffe,0x0824,0x0b94,0x0ae4,0x0a8c,0x0fd7,0x0aa4,0x0b94,0x0c2c,0x0000} }, /* U+6AC1 櫁 */
    { 0x6ac2u, {0x0308,0x00c8,0x0ffe,0x0208,0x0116,0x0fca,0x0abe,0x0a8a,0x0fd6,0x0a8a,0x0abe,0x0000} }, /* U+6AC2 櫂 */
    { 0x6ac3u, {0x0308,0x00c8,0x0ffe,0x0008,0x0ffe,0x0822,0x0bfa,0x0eaa,0x0abe,0x0eaa,0x0bfa,0x0000} }, /* U+6AC3 櫃 */
    { 0x6ad1u, {0x0308,0x00c8,0x0ffe,0x0008,0x0f80,0x0abe,0x0faa,0x0abe,0x0faa,0x0abe,0x0f80,0x0000} }, /* U+6AD1 櫑 */
    { 0x6ad3u, {0x0308,0x00c8,0x0ffe,0x0088,0x0078,0x0fac,0x0aea,0x0aba,0x0aee,0x0aaa,0x0ff8,0x0000} }, /* U+6AD3 櫓 */
    { 0x6adau, {0x0308,0x00c8,0x0ffe,0x0008,0x0ffe,0x002a,0x0efe,0x0ba0,0x0efe,0x002a,0x0ffe,0x0000} }, /* U+6ADA 櫚 */
    { 0x6adbu, {0x0308,0x00c8,0x0ffe,0x0008,0x0ff6,0x095c,0x0df4,0x000f,0x0ff4,0x041c,0x07f4,0x0000} }, /* U+6ADB 櫛 */
    { 0x6adeu, {0x0308,0x00c8,0x0ffe,0x0488,0x02d4,0x0fb2,0x02a8,0x052e,0x0aea,0x0fba,0x02a6,0x0000} }, /* U+6ADE 櫞 */
    { 0x6adfu, {0x0308,0x00c8,0x0ffe,0x0934,0x092a,0x057c,0x0356,0x0fd5,0x017c,0x052a,0x0934,0x0000} }, /* U+6ADF 櫟 */
    { 0x6ae8u, {0x0308,0x00c8,0x0ffe,0x0888,0x0e7c,0x0bc4,0x0e57,0x0bfd,0x0e55,0x0bd5,0x0e4c,0x0000} }, /* U+6AE8 櫨 */
    { 0x6aeau, {0x0308,0x00c8,0x0ffe,0x0208,0x09fe,0x082a,0x0f7e,0x084a,0x0faa,0x097e,0x092a,0x0000} }, /* U+6AEA 櫪 */
    { 0x6afau, {0x0308,0x00c8,0x0ffe,0x0008,0x0f7a,0x092a,0x0f4a,0x097e,0x0f2a,0x094a,0x0f7a,0x0000} }, /* U+6AFA 櫺 */
    { 0x6afbu, {0x0308,0x00c8,0x0ffe,0x0088,0x097e,0x092a,0x07be,0x0540,0x053e,0x0b6a,0x09be,0x0000} }, /* U+6AFB 櫻 */
    { 0x6b04u, {0x0308,0x00c8,0x0ffe,0x0008,0x0ffe,0x04aa,0x03be,0x0ec0,0x03be,0x04aa,0x0ffe,0x0000} }, /* U+6B04 欄 */
    { 0x6b05u, {0x0308,0x00c8,0x0ffe,0x0120,0x04be,0x056a,0x0530,0x0fef,0x0534,0x056a,0x04be,0x0000} }, /* U+6B05 欅 */
    { 0x6b0au, {0x0308,0x00c8,0x0ffe,0x0104,0x009c,0x0fd4,0x097f,0x0944,0x0fdc,0x0977,0x095c,0x0000} }, /* U+6B0A 權 */
    { 0x6b12u, {0x0954,0x09ea,0x0554,0x0500,0x03d4,0x0f57,0x01d4,0x0300,0x0554,0x09ea,0x0954,0x0000} }, /* U+6B12 欒 */
    { 0x6b16u, {0x0308,0x00c8,0x0ffe,0x082a,0x0bea,0x06be,0x02aa,0x02df,0x0e74,0x0bd4,0x0c74,0x0000} }, /* U+6B16 欖 */
    { 0x6b1du, {0x0ff4,0x0aac,0x0abf,0x0ae4,0x06aa,0x0bb4,0x08aa,0x01e4,0x02bf,0x08ac,0x0ff4,0x0000} }, /* U+6B1D 欝 */
    { 0x6b1fu, {0x0308,0x00c8,0x0ffe,0x0124,0x0fbf,0x0ac4,0x0fbf,0x0aa4,0x01fe,0x0f2a,0x09fe,0x0000} }, /* U+6B1F 欟 */
    { 0x6b20u, {0x0800,0x0830,0x040f,0x0204,0x0184,0x007c,0x0184,0x0204,0x0424,0x081c,0x0800,0x0000} }, /* U+6B20 欠 */
    { 0x6b21u, {0x0c04,0x0308,0x0000,0x0800,0x0830,0x040f,0x0304,0x00fc,0x0304,0x0424,0x081c,0x0000} }, /* U+6B21 次 */
    { 0x6b23u, {0x0600,0x01fc,0x0024,0x0022,0x0fe2,0x0820,0x043f,0x0304,0x00fc,0x0304,0x0c3c,0x0000} }, /* U+6B23 欣 */
    { 0x6b27u, {0x07fe,0x0492,0x0462,0x049a,0x0902,0x0800,0x043f,0x0304,0x00fc,0x0304,0x0c3c,0x0000} }, /* U+6B27 欧 */
    { 0x6b32u, {0x0f44,0x0922,0x0910,0x0912,0x0f24,0x0840,0x041f,0x0304,0x00fc,0x0304,0x0c3c,0x0000} }, /* U+6B32 欲 */
    { 0x6b37u, {0x0128,0x07ea,0x00b4,0x0fe4,0x04aa,0x07aa,0x0c3f,0x0304,0x00fc,0x0304,0x0c3c,0x0000} }, /* U+6B37 欷 */
    { 0x6b38u, {0x098c,0x097a,0x0529,0x03e8,0x052c,0x0920,0x041f,0x0304,0x00fc,0x0304,0x0c3c,0x0000} }, /* U+6B38 欸 */
    { 0x6b39u, {0x0764,0x0554,0x074f,0x0854,0x0fe4,0x0840,0x043f,0x0304,0x00fc,0x0304,0x0c3c,0x0000} }, /* U+6B39 欹 */
    { 0x6b3au, {0x0904,0x05fe,0x0154,0x0554,0x09fe,0x0900,0x043f,0x0304,0x00fc,0x0304,0x0c3c,0x0000} }, /* U+6B3A 欺 */
    { 0x6b3du, {0x0b58,0x0854,0x0ff2,0x0852,0x0b54,0x0800,0x043f,0x0304,0x00fc,0x0304,0x0c3c,0x0000} }, /* U+6B3D 欽 */
    { 0x6b3eu, {0x0d54,0x0154,0x0f5e,0x0154,0x0d54,0x0904,0x043f,0x0304,0x00fc,0x0304,0x0c3c,0x0000} }, /* U+6B3E 款 */
    { 0x6b43u, {0x0fea,0x092a,0x080a,0x0ffe,0x092a,0x0fe8,0x041f,0x0304,0x00fc,0x0304,0x0c3c,0x0000} }, /* U+6B43 歃 */
    { 0x6b47u, {0x07be,0x04ea,0x05aa,0x02aa,0x08be,0x0f80,0x043f,0x0304,0x00fc,0x0304,0x0c3c,0x0000} }, /* U+6B47 歇 */
    { 0x6b49u, {0x0556,0x0ffd,0x0154,0x0ffe,0x0555,0x09f4,0x041f,0x0304,0x00fc,0x0304,0x0c3c,0x0000} }, /* U+6B49 歉 */
    { 0x6b4cu, {0x075e,0x0552,0x075e,0x0842,0x0ffe,0x0842,0x043f,0x0304,0x00fc,0x0304,0x0c3c,0x0000} }, /* U+6B4C 歌 */
    { 0x6b4eu, {0x0974,0x055e,0x03f4,0x055e,0x0974,0x0904,0x043f,0x0304,0x00fc,0x0304,0x0c3c,0x0000} }, /* U+6B4E 歎 */
    { 0x6b50u, {0x0ffe,0x0a82,0x0bba,0x0aaa,0x0bba,0x0800,0x043f,0x0304,0x00fc,0x0304,0x0c3c,0x0000} }, /* U+6B50 歐 */
    { 0x6b53u, {0x0098,0x0ff7,0x095c,0x0ff4,0x0954,0x0954,0x043f,0x0304,0x00fc,0x0304,0x0c3c,0x0000} }, /* U+6B53 歓 */
    { 0x6b54u, {0x0bf8,0x0a28,0x0fff,0x08aa,0x0faa,0x0aa8,0x041f,0x0304,0x00fc,0x0304,0x0c3c,0x0000} }, /* U+6B54 歔 */
    { 0x6b59u, {0x0abc,0x04aa,0x0faa,0x0aaa,0x04bc,0x0f88,0x043f,0x0304,0x00fc,0x0304,0x0c3c,0x0000} }, /* U+6B59 歙 */
    { 0x6b5bu, {0x0dec,0x032a,0x0dea,0x032a,0x0dec,0x0820,0x041f,0x0304,0x00fc,0x0304,0x0c3c,0x0000} }, /* U+6B5B 歛 */
    { 0x6b5fu, {0x09fe,0x052a,0x01df,0x0114,0x05f2,0x092a,0x05ff,0x0304,0x00fc,0x0304,0x0c3c,0x0000} }, /* U+6B5F 歟 */
    { 0x6b61u, {0x009c,0x0fd4,0x097f,0x0944,0x0fdc,0x0974,0x045f,0x0304,0x00fc,0x0304,0x0c3c,0x0000} }, /* U+6B61 歡 */
    { 0x6b62u, {0x0800,0x0fe0,0x0800,0x0800,0x0800,0x0fff,0x0820,0x0820,0x0820,0x0820,0x0800,0x0000} }, /* U+6B62 止 */
    { 0x6b63u, {0x0802,0x0802,0x0fc2,0x0802,0x0802,0x0ffe,0x0842,0x0842,0x0842,0x0842,0x0802,0x0000} }, /* U+6B63 正 */
    { 0x6b64u, {0x0ff0,0x0800,0x07fe,0x0420,0x0420,0x0000,0x0fff,0x0820,0x0820,0x0810,0x0e10,0x0000} }, /* U+6B64 此 */
    { 0x6b66u, {0x0810,0x0f92,0x0812,0x07f2,0x0492,0x0490,0x0410,0x001f,0x00f0,0x0312,0x0c14,0x0000} }, /* U+6B66 武 */
    { 0x6b69u, {0x0020,0x08a0,0x087c,0x0820,0x0920,0x05ff,0x0424,0x0424,0x0264,0x02a4,0x0020,0x0000} }, /* U+6B69 歩 */
    { 0x6b6au, {0x0822,0x08a2,0x0e92,0x0892,0x088a,0x0ffa,0x0a86,0x0a92,0x0a92,0x08a2,0x0822,0x0000} }, /* U+6B6A 歪 */
    { 0x6b6fu, {0x0fe8,0x0808,0x0c9e,0x0aa8,0x0988,0x0fff,0x088a,0x0aaa,0x0c9a,0x080a,0x0fe8,0x0000} }, /* U+6B6F 歯 */
    { 0x6b73u, {0x0e08,0x01e8,0x06ae,0x08a8,0x0fa8,0x00af,0x06aa,0x082a,0x04fa,0x032a,0x0ce8,0x0000} }, /* U+6B73 歳 */
    { 0x6b74u, {0x0600,0x01fe,0x084a,0x0e2a,0x08fe,0x084a,0x0faa,0x0a1a,0x0afe,0x0a2a,0x084a,0x0000} }, /* U+6B74 歴 */
    { 0x6b78u, {0x0e7c,0x0856,0x0fd5,0x0a5c,0x08f0,0x07aa,0x00aa,0x0faa,0x00aa,0x04be,0x07e8,0x0000} }, /* U+6B78 歸 */
    { 0x6b79u, {0x0000,0x0842,0x0842,0x0822,0x085e,0x0492,0x0512,0x0212,0x0192,0x0072,0x0002,0x0000} }, /* U+6B79 歹 */
    { 0x6b7bu, {0x0882,0x0862,0x049e,0x0312,0x00f2,0x0002,0x0ffe,0x0842,0x0842,0x0822,0x0e22,0x0000} }, /* U+6B7B 死 */
    { 0x6b7fu, {0x0862,0x049e,0x0312,0x00f2,0x0800,0x08b0,0x0b8f,0x0484,0x0484,0x0aa4,0x09bc,0x0000} }, /* U+6B7F 歿 */
    { 0x6b80u, {0x0862,0x049e,0x0312,0x08f2,0x0844,0x0444,0x0244,0x01fc,0x0242,0x0442,0x0840,0x0000} }, /* U+6B80 殀 */
    { 0x6b83u, {0x0862,0x049e,0x0312,0x08f2,0x0880,0x04fc,0x0284,0x01ff,0x0284,0x0484,0x08fc,0x0000} }, /* U+6B83 殃 */
    { 0x6b84u, {0x0862,0x049e,0x0312,0x00f2,0x0808,0x0924,0x0922,0x0922,0x0492,0x0494,0x0208,0x0000} }, /* U+6B84 殄 */
    { 0x6b86u, {0x0862,0x049e,0x0312,0x00f2,0x0000,0x0f9c,0x0893,0x0890,0x0890,0x0890,0x0f9c,0x0000} }, /* U+6B86 殆 */
    { 0x6b89u, {0x0862,0x049e,0x0312,0x00f2,0x0010,0x03ef,0x02a4,0x0be4,0x0804,0x0404,0x03fc,0x0000} }, /* U+6B89 殉 */
    { 0x6b8au, {0x0862,0x049e,0x0312,0x00f2,0x0400,0x045e,0x0248,0x0148,0x0fff,0x0248,0x0448,0x0000} }, /* U+6B8A 殊 */
    { 0x6b8bu, {0x0862,0x049e,0x0312,0x08f2,0x0844,0x0454,0x0454,0x03ff,0x0654,0x0954,0x08d6,0x0000} }, /* U+6B8B 残 */
    { 0x6b8du, {0x0862,0x049e,0x0312,0x00f2,0x0018,0x0206,0x0242,0x0a5a,0x0f42,0x02ca,0x0252,0x0000} }, /* U+6B8D 殍 */
    { 0x6b95u, {0x0862,0x049e,0x0312,0x00f2,0x0024,0x0f24,0x093c,0x0927,0x0924,0x093c,0x0f24,0x0000} }, /* U+6B95 殕 */
    { 0x6b96u, {0x0862,0x049e,0x0312,0x00f2,0x0f84,0x0804,0x0bf4,0x0a54,0x0a5f,0x0a54,0x0bf4,0x0000} }, /* U+6B96 殖 */
    { 0x6b98u, {0x0862,0x049e,0x0312,0x09f2,0x08a4,0x09e7,0x06ac,0x0494,0x0ad4,0x09ac,0x0cb6,0x0000} }, /* U+6B98 殘 */
    { 0x6b9eu, {0x0862,0x049e,0x0312,0x00f2,0x0800,0x0bee,0x06aa,0x02aa,0x02aa,0x06aa,0x0bee,0x0000} }, /* U+6B9E 殞 */
    { 0x6ba4u, {0x0862,0x049e,0x0312,0x00f2,0x0508,0x037c,0x09d7,0x0554,0x0b54,0x097c,0x0744,0x0000} }, /* U+6BA4 殤 */
    { 0x6baau, {0x0862,0x049e,0x0312,0x08f2,0x0814,0x09d4,0x0f54,0x095f,0x0f54,0x09d4,0x0834,0x0000} }, /* U+6BAA 殪 */
    { 0x6babu, {0x0862,0x049e,0x0312,0x04f0,0x07de,0x0552,0x055e,0x0fc0,0x055e,0x0552,0x07de,0x0000} }, /* U+6BAB 殫 */
    { 0x6bafu, {0x0862,0x049e,0x0312,0x08f2,0x08ac,0x07d4,0x0554,0x0577,0x0554,0x0ff4,0x085c,0x0000} }, /* U+6BAF 殯 */
    { 0x6bb1u, {0x0862,0x049e,0x0bf2,0x0954,0x0ff4,0x081f,0x0ff4,0x0954,0x041f,0x03f0,0x0c96,0x0000} }, /* U+6BB1 殱 */
    { 0x6bb2u, {0x0862,0x049e,0x0bf2,0x0954,0x0ffb,0x0814,0x0ff3,0x0954,0x041f,0x03f0,0x0c96,0x0000} }, /* U+6BB2 殲 */
    { 0x6bb3u, {0x0820,0x08a0,0x0890,0x0b8e,0x0482,0x0482,0x0482,0x0a9e,0x09a0,0x0820,0x0838,0x0000} }, /* U+6BB3 殳 */
    { 0x6bb4u, {0x07fe,0x0492,0x0462,0x059a,0x0802,0x08a0,0x0b9e,0x0482,0x0482,0x0abe,0x09a0,0x0000} }, /* U+6BB4 殴 */
    { 0x6bb5u, {0x0ffc,0x0254,0x0252,0x0a52,0x08a0,0x0b9e,0x0482,0x0482,0x06be,0x09a0,0x0830,0x0000} }, /* U+6BB5 段 */
    { 0x6bb7u, {0x07fe,0x02aa,0x0aaa,0x0aaa,0x06fa,0x08a0,0x0b9e,0x0482,0x0482,0x0abe,0x09a0,0x0000} }, /* U+6BB7 殷 */
    { 0x6bbau, {0x04a0,0x0294,0x0fc8,0x0294,0x0402,0x08a0,0x0b9e,0x0482,0x0482,0x0abe,0x09a0,0x0000} }, /* U+6BBA 殺 */
    { 0x6bbbu, {0x0cd4,0x0354,0x015f,0x0f54,0x08d4,0x08a0,0x0b9e,0x0482,0x0482,0x0abe,0x09a0,0x0000} }, /* U+6BBB 殻 */
    { 0x6bbcu, {0x0c74,0x0354,0x015f,0x0754,0x0434,0x08a0,0x0b9e,0x0482,0x0482,0x0abe,0x09a0,0x0000} }, /* U+6BBC 殼 */
    { 0x6bbfu, {0x0bfe,0x0552,0x0152,0x05f2,0x095e,0x0880,0x07be,0x0482,0x0482,0x0bbe,0x0820,0x0000} }, /* U+6BBF 殿 */
    { 0x6bc0u, {0x097c,0x0952,0x0fc1,0x0954,0x097c,0x08a0,0x0b9e,0x0482,0x0482,0x0abe,0x09a0,0x0000} }, /* U+6BC0 毀 */
    { 0x6bc5u, {0x0564,0x0abc,0x0967,0x07bc,0x0264,0x08a0,0x0b9e,0x0482,0x0482,0x0abe,0x09a0,0x0000} }, /* U+6BC5 毅 */
    { 0x6bc6u, {0x0ffe,0x0a82,0x0bba,0x0aaa,0x0bba,0x0820,0x0b9e,0x0482,0x0482,0x0abe,0x09a0,0x0000} }, /* U+6BC6 毆 */
    { 0x6bcbu, {0x0420,0x07e0,0x043e,0x0422,0x07e2,0x043e,0x0422,0x0c22,0x07e2,0x043e,0x0420,0x0000} }, /* U+6BCB 毋 */
    { 0x6bcdu, {0x0720,0x04e0,0x043e,0x0422,0x04aa,0x0532,0x0422,0x0c22,0x07fe,0x0420,0x0420,0x0000} }, /* U+6BCD 母 */
    { 0x6bceu, {0x0080,0x0498,0x0787,0x04f4,0x0494,0x0794,0x04f4,0x0494,0x0c94,0x07f4,0x0484,0x0000} }, /* U+6BCE 毎 */
    { 0x6bd2u, {0x0144,0x0754,0x05d4,0x0554,0x0554,0x07ff,0x0554,0x0d54,0x07d4,0x0554,0x0544,0x0000} }, /* U+6BD2 毒 */
    { 0x6bd3u, {0x0ff8,0x0ab7,0x0894,0x0ff4,0x08a4,0x07b4,0x002c,0x0fa7,0x0024,0x0f9c,0x0864,0x0000} }, /* U+6BD3 毓 */
    { 0x6bd4u, {0x0800,0x0ffe,0x0810,0x0410,0x0410,0x0000,0x0fff,0x0810,0x0810,0x0808,0x0e08,0x0000} }, /* U+6BD4 比 */
    { 0x6bd8u, {0x0800,0x0ffe,0x092a,0x092a,0x092a,0x003e,0x0fea,0x092a,0x092a,0x08be,0x0c80,0x0000} }, /* U+6BD8 毘 */
    { 0x6bdbu, {0x0100,0x0124,0x0124,0x0124,0x07fc,0x0894,0x0892,0x0892,0x088a,0x0848,0x0e40,0x0000} }, /* U+6BDB 毛 */
    { 0x6bdfu, {0x0448,0x0544,0x0540,0x0540,0x07a8,0x0aaf,0x0aa0,0x0a90,0x0950,0x0944,0x0d48,0x0000} }, /* U+6BDF 毟 */
    { 0x6bebu, {0x0464,0x0524,0x0524,0x053c,0x07e4,0x0aa7,0x0aa4,0x0abc,0x0aa4,0x0aa4,0x0c64,0x0000} }, /* U+6BEB 毫 */
    { 0x6becu, {0x0124,0x07fc,0x0892,0x084a,0x0918,0x08a8,0x0a08,0x0bff,0x0808,0x08aa,0x0d14,0x0000} }, /* U+6BEC 毬 */
    { 0x6befu, {0x0244,0x07fc,0x0922,0x0892,0x0c04,0x0ad2,0x0908,0x08e7,0x0908,0x0ad4,0x0c22,0x0000} }, /* U+6BEF 毯 */
    { 0x6bf3u, {0x0294,0x0f94,0x0a94,0x0a94,0x0abe,0x022a,0x02aa,0x0faa,0x0aaa,0x0aaa,0x0ab2,0x0000} }, /* U+6BF3 毳 */
    { 0x6c08u, {0x087c,0x0fc4,0x095c,0x0957,0x095c,0x0fc4,0x097c,0x0124,0x0ffc,0x0892,0x0c92,0x0000} }, /* U+6C08 氈 */
    { 0x6c0fu, {0x0800,0x0ffc,0x0844,0x0844,0x0444,0x0444,0x007c,0x01c2,0x0642,0x0842,0x0840,0x0000} }, /* U+6C0F 氏 */
    { 0x6c11u, {0x0800,0x0ffe,0x0892,0x0892,0x0492,0x0492,0x00f2,0x0392,0x0492,0x089e,0x0c80,0x0000} }, /* U+6C11 民 */
    { 0x6c13u, {0x03f0,0x041e,0x0410,0x0410,0x0000,0x0ffe,0x0892,0x0892,0x00f2,0x0392,0x0c9e,0x0000} }, /* U+6C13 氓 */
    { 0x6c14u, {0x0000,0x0058,0x0047,0x0054,0x0054,0x0054,0x0054,0x0054,0x0054,0x03c4,0x0c04,0x0000} }, /* U+6C14 气 */
    { 0x6c17u, {0x0000,0x0858,0x0947,0x0554,0x0254,0x0254,0x0554,0x0854,0x0054,0x03c4,0x0c04,0x0000} }, /* U+6C17 気 */
    { 0x6c1bu, {0x0000,0x0258,0x09c7,0x0754,0x0154,0x0954,0x0fd4,0x0154,0x0054,0x03c4,0x0c04,0x0000} }, /* U+6C1B 氛 */
    { 0x6c23u, {0x0000,0x0a58,0x06c7,0x0254,0x0fd4,0x0254,0x06d4,0x0a54,0x0054,0x03c4,0x0c04,0x0000} }, /* U+6C23 氣 */
    { 0x6c24u, {0x0000,0x0fd8,0x0947,0x0d54,0x0bd4,0x0d54,0x0954,0x0fd4,0x0054,0x03c4,0x0c04,0x0000} }, /* U+6C24 氤 */
    { 0x6c34u, {0x0208,0x0108,0x00c8,0x0838,0x0800,0x0fff,0x0020,0x0050,0x0088,0x0104,0x0200,0x0000} }, /* U+6C34 水 */
    { 0x6c37u, {0x0420,0x0224,0x01a8,0x0860,0x0800,0x0fff,0x0040,0x00a0,0x0110,0x0208,0x0400,0x0000} }, /* U+6C37 氷 */
    { 0x6c38u, {0x0420,0x0220,0x0128,0x08e9,0x0809,0x0ffa,0x0042,0x00a0,0x0110,0x0208,0x0400,0x0000} }, /* U+6C38 永 */
    { 0x6c3eu, {0x0824,0x0448,0x0200,0x0000,0x0ffe,0x0802,0x0802,0x0842,0x0842,0x087e,0x0e00,0x0000} }, /* U+6C3E 氾 */
    { 0x6c40u, {0x0824,0x0448,0x0200,0x0002,0x0002,0x0002,0x0802,0x0802,0x0ffe,0x0002,0x0002,0x0000} }, /* U+6C40 汀 */
    { 0x6c41u, {0x0824,0x0448,0x0200,0x0000,0x0010,0x0010,0x0010,0x0010,0x0fff,0x0010,0x0010,0x0000} }, /* U+6C41 汁 */
    { 0x6c42u, {0x0408,0x0428,0x0248,0x0208,0x0908,0x0fff,0x0048,0x0088,0x0148,0x022a,0x0404,0x0000} }, /* U+6C42 求 */
    { 0x6c4eu, {0x0c24,0x0348,0x0000,0x0c00,0x03fe,0x0022,0x0042,0x0002,0x0ffe,0x0800,0x0e00,0x0000} }, /* U+6C4E 汎 */
    { 0x6c50u, {0x0c24,0x0348,0x0000,0x0800,0x0820,0x0410,0x044f,0x0284,0x0104,0x00c4,0x003c,0x0000} }, /* U+6C50 汐 */
    { 0x6c55u, {0x0824,0x0448,0x0200,0x0000,0x0ff0,0x0800,0x0800,0x0fff,0x0800,0x0800,0x0ff0,0x0000} }, /* U+6C55 汕 */
    { 0x6c57u, {0x0824,0x0448,0x0200,0x0000,0x0042,0x0042,0x0042,0x0ffe,0x0042,0x0042,0x0042,0x0000} }, /* U+6C57 汗 */
    { 0x6c5au, {0x0824,0x0448,0x0200,0x0012,0x0312,0x00f2,0x009e,0x0892,0x0892,0x0492,0x0392,0x0000} }, /* U+6C5A 汚 */
    { 0x6c5du, {0x0c24,0x0348,0x0800,0x0808,0x0588,0x0578,0x020f,0x0208,0x0308,0x04f8,0x0808,0x0000} }, /* U+6C5D 汝 */
    { 0x6c5eu, {0x0410,0x0252,0x0152,0x08d2,0x0812,0x0ffe,0x0092,0x0112,0x0292,0x0452,0x0410,0x0000} }, /* U+6C5E 汞 */
    { 0x6c5fu, {0x0824,0x0448,0x0200,0x0802,0x0802,0x0802,0x0802,0x0ffe,0x0802,0x0802,0x0802,0x0000} }, /* U+6C5F 江 */
    { 0x6c60u, {0x0c24,0x0348,0x0000,0x0020,0x0ffc,0x0810,0x09ff,0x0808,0x0884,0x08fc,0x0e00,0x0000} }, /* U+6C60 池 */
    { 0x6c62u, {0x0824,0x0448,0x0200,0x0000,0x0810,0x0810,0x0810,0x0fff,0x0810,0x0810,0x0810,0x0000} }, /* U+6C62 汢 */
    { 0x6c68u, {0x0824,0x0448,0x0200,0x0000,0x0000,0x0ffe,0x0842,0x0842,0x0842,0x0842,0x0ffe,0x0000} }, /* U+6C68 汨 */
    { 0x6c6au, {0x0824,0x0448,0x0200,0x0000,0x0842,0x0842,0x0842,0x0ffe,0x0842,0x0842,0x0842,0x0000} }, /* U+6C6A 汪 */
    { 0x6c70u, {0x0c24,0x0348,0x0000,0x0808,0x0408,0x0308,0x04c8,0x083f,0x00c8,0x0308,0x0c08,0x0000} }, /* U+6C70 汰 */
    { 0x6c72u, {0x0c24,0x0348,0x0000,0x0302,0x08c2,0x083e,0x0482,0x0532,0x022a,0x05e6,0x0800,0x0000} }, /* U+6C72 汲 */
    { 0x6c73u, {0x0824,0x0448,0x0200,0x0000,0x0980,0x087e,0x0412,0x0592,0x0212,0x05f2,0x0802,0x0000} }, /* U+6C73 汳 */
    { 0x6c7au, {0x0824,0x0448,0x0200,0x0800,0x0844,0x0444,0x0244,0x01ff,0x0244,0x0444,0x087c,0x0000} }, /* U+6C7A 決 */
    { 0x6c7du, {0x0824,0x0448,0x0200,0x0058,0x0047,0x0054,0x0054,0x0054,0x0054,0x03c4,0x0c00,0x0000} }, /* U+6C7D 汽 */
    { 0x6c7eu, {0x0c24,0x0348,0x0000,0x0060,0x0658,0x01c2,0x0042,0x0842,0x0842,0x07ce,0x0070,0x0000} }, /* U+6C7E 汾 */
    { 0x6c81u, {0x0c24,0x0348,0x0000,0x01c0,0x0000,0x07f2,0x0802,0x0804,0x0804,0x0c60,0x0180,0x0000} }, /* U+6C81 沁 */
    { 0x6c82u, {0x0c24,0x0348,0x0000,0x0600,0x01fc,0x0024,0x0024,0x0024,0x0fe2,0x0022,0x0020,0x0000} }, /* U+6C82 沂 */
    { 0x6c83u, {0x0c24,0x0348,0x0000,0x0840,0x0844,0x0444,0x0244,0x01fc,0x0242,0x0442,0x0840,0x0000} }, /* U+6C83 沃 */
    { 0x6c88u, {0x0824,0x0448,0x0200,0x0800,0x083c,0x0404,0x0384,0x007f,0x0fc4,0x0804,0x0e3c,0x0000} }, /* U+6C88 沈 */
    { 0x6c8cu, {0x0824,0x0448,0x0000,0x01e8,0x0088,0x0088,0x0fff,0x0884,0x0884,0x08f4,0x0e04,0x0000} }, /* U+6C8C 沌 */
    { 0x6c8du, {0x0824,0x0448,0x0200,0x0800,0x0982,0x0962,0x091a,0x0d16,0x0b12,0x08d2,0x0832,0x0000} }, /* U+6C8D 沍 */
    { 0x6c90u, {0x0c24,0x0348,0x0000,0x0208,0x0108,0x0088,0x0048,0x0fff,0x0088,0x0108,0x0208,0x0000} }, /* U+6C90 沐 */
    { 0x6c92u, {0x0824,0x0448,0x0200,0x0800,0x08b0,0x0b8f,0x0484,0x0484,0x06a4,0x09a4,0x081c,0x0000} }, /* U+6C92 沒 */
    { 0x6c93u, {0x0024,0x0fa4,0x0a94,0x0a8c,0x0aa0,0x0abf,0x0a84,0x0a88,0x0a90,0x0fa8,0x0024,0x0000} }, /* U+6C93 沓 */
    { 0x6c96u, {0x0824,0x0448,0x0200,0x0000,0x00f8,0x0088,0x0088,0x0fff,0x0088,0x0088,0x00f8,0x0000} }, /* U+6C96 沖 */
    { 0x6c99u, {0x0824,0x0448,0x0200,0x0020,0x0818,0x0800,0x0880,0x04ff,0x0400,0x0208,0x0110,0x0000} }, /* U+6C99 沙 */
    { 0x6c9au, {0x0c24,0x0348,0x0000,0x0800,0x0fe0,0x0800,0x0800,0x0fff,0x0820,0x0820,0x0820,0x0000} }, /* U+6C9A 沚 */
    { 0x6c9bu, {0x0824,0x0448,0x0200,0x0000,0x07e4,0x0024,0x0024,0x0fff,0x0024,0x0424,0x07e4,0x0000} }, /* U+6C9B 沛 */
    { 0x6ca1u, {0x0c24,0x0348,0x0000,0x0800,0x08a0,0x0b9e,0x0482,0x0482,0x06be,0x09a0,0x0830,0x0000} }, /* U+6CA1 没 */
    { 0x6ca2u, {0x0824,0x0448,0x0200,0x0000,0x0c00,0x03fe,0x0022,0x0022,0x00e2,0x0322,0x0c3e,0x0000} }, /* U+6CA2 沢 */
    { 0x6cabu, {0x0c24,0x0348,0x0000,0x0404,0x0424,0x0224,0x0124,0x0fff,0x0124,0x0224,0x0424,0x0000} }, /* U+6CAB 沫 */
    { 0x6caeu, {0x0824,0x0448,0x0200,0x0000,0x0800,0x0ffe,0x0892,0x0892,0x0892,0x0892,0x0ffe,0x0000} }, /* U+6CAE 沮 */
    { 0x6cb1u, {0x0824,0x0448,0x0200,0x001c,0x0004,0x07e4,0x0887,0x0884,0x0844,0x0844,0x0c1c,0x0000} }, /* U+6CB1 沱 */
    { 0x6cb3u, {0x0824,0x0448,0x0202,0x0002,0x01f2,0x0112,0x01f2,0x0802,0x0802,0x0ffe,0x0002,0x0000} }, /* U+6CB3 河 */
    { 0x6cc1u, {0x0c24,0x0348,0x0000,0x0800,0x083e,0x0422,0x03e2,0x0022,0x0fe2,0x0822,0x0e3e,0x0000} }, /* U+6CC1 況 */
    { 0x6cc4u, {0x0824,0x0448,0x0200,0x0010,0x0ffe,0x0810,0x0810,0x09ff,0x0910,0x09fe,0x0810,0x0000} }, /* U+6CC4 泄 */
    { 0x6cc5u, {0x0824,0x0448,0x0200,0x0000,0x0ffe,0x0902,0x0882,0x087e,0x0882,0x0902,0x0ffe,0x0000} }, /* U+6CC5 泅 */
    { 0x6cc9u, {0x0900,0x0900,0x057c,0x0354,0x0856,0x0fd5,0x0154,0x0254,0x057c,0x0880,0x0800,0x0000} }, /* U+6CC9 泉 */
    { 0x6ccau, {0x0824,0x0448,0x0200,0x0000,0x0ff8,0x0888,0x088c,0x088b,0x0888,0x0888,0x0ff8,0x0000} }, /* U+6CCA 泊 */
    { 0x6cccu, {0x0c24,0x0348,0x0000,0x09c0,0x0400,0x07f2,0x0904,0x08c0,0x0830,0x0c0c,0x01c0,0x0000} }, /* U+6CCC 泌 */
    { 0x6cd3u, {0x0c24,0x0348,0x0000,0x08f2,0x0892,0x079e,0x0000,0x0f80,0x087e,0x0800,0x0f00,0x0000} }, /* U+6CD3 泓 */
    { 0x6cd5u, {0x0824,0x0448,0x0200,0x0000,0x0c44,0x0b44,0x08c4,0x047f,0x0444,0x0344,0x0c44,0x0000} }, /* U+6CD5 法 */
    { 0x6cd7u, {0x0824,0x0448,0x0200,0x0000,0x0ffe,0x0482,0x047e,0x0402,0x04fe,0x0482,0x0ffe,0x0000} }, /* U+6CD7 泗 */
    { 0x6cd9u, {0x0c24,0x0348,0x0000,0x0102,0x0122,0x0112,0x0102,0x0ffe,0x0102,0x0112,0x0122,0x0000} }, /* U+6CD9 泙 */
    { 0x6cdbu, {0x0c24,0x0348,0x0000,0x0c00,0x0324,0x0424,0x0424,0x0a3c,0x0922,0x08a2,0x0862,0x0000} }, /* U+6CDB 泛 */
    { 0x6cddu, {0x0c24,0x0348,0x0000,0x0600,0x01fc,0x0024,0x0024,0x00a4,0x0fe2,0x0122,0x0220,0x0000} }, /* U+6CDD 泝 */
    { 0x6ce1u, {0x0824,0x0448,0x0200,0x0000,0x0038,0x0f97,0x0894,0x0894,0x08f4,0x0904,0x0cfc,0x0000} }, /* U+6CE1 泡 */
    { 0x6ce2u, {0x0c24,0x0348,0x0000,0x0300,0x08fc,0x0824,0x04a4,0x053f,0x0224,0x05e4,0x080c,0x0000} }, /* U+6CE2 波 */
    { 0x6ce3u, {0x0824,0x0448,0x0200,0x0808,0x0808,0x0be8,0x080f,0x0808,0x0f08,0x08e8,0x0808,0x0000} }, /* U+6CE3 泣 */
    { 0x6ce5u, {0x0c24,0x0348,0x0000,0x0c00,0x03fe,0x0012,0x0fd2,0x0912,0x0912,0x0892,0x0c9e,0x0000} }, /* U+6CE5 泥 */
    { 0x6ce8u, {0x0824,0x0448,0x0200,0x0000,0x0888,0x0888,0x0889,0x0ffa,0x0888,0x0888,0x0888,0x0000} }, /* U+6CE8 注 */
    { 0x6ceau, {0x0c24,0x0348,0x0000,0x0000,0x0ffe,0x0892,0x0892,0x0892,0x0892,0x0892,0x0ffe,0x0000} }, /* U+6CEA 泪 */
    { 0x6cefu, {0x0824,0x0448,0x0200,0x0000,0x0ffe,0x0892,0x0892,0x0892,0x00f2,0x0392,0x0c9e,0x0000} }, /* U+6CEF 泯 */
    { 0x6cf0u, {0x0244,0x0944,0x08d4,0x0574,0x025c,0x0f57,0x0054,0x0574,0x08d4,0x0944,0x0244,0x0000} }, /* U+6CF0 泰 */
    { 0x6cf1u, {0x0824,0x0448,0x0200,0x0880,0x08fc,0x0484,0x0284,0x01ff,0x0284,0x0484,0x08fc,0x0000} }, /* U+6CF1 泱 */
    { 0x6cf3u, {0x0c24,0x0348,0x0000,0x0c20,0x0328,0x00e8,0x0809,0x0ffa,0x0140,0x0220,0x0410,0x0000} }, /* U+6CF3 泳 */
    { 0x6d0bu, {0x0c24,0x0348,0x0000,0x0208,0x0249,0x024a,0x0248,0x0ff8,0x024c,0x024b,0x0248,0x0000} }, /* U+6D0B 洋 */
    { 0x6d0cu, {0x0c24,0x0348,0x0802,0x0862,0x049e,0x0312,0x00f2,0x0002,0x01fc,0x0800,0x0ffe,0x0000} }, /* U+6D0C 洌 */
    { 0x6d12u, {0x0824,0x0448,0x0200,0x0002,0x0ff2,0x0912,0x08fe,0x0812,0x09fe,0x0912,0x0ff2,0x0000} }, /* U+6D12 洒 */
    { 0x6d17u, {0x0c24,0x0348,0x0800,0x0870,0x044e,0x03c8,0x0048,0x007f,0x0fc8,0x0848,0x0848,0x0000} }, /* U+6D17 洗 */
    { 0x6d19u, {0x0c24,0x0348,0x0000,0x0430,0x044e,0x0248,0x0148,0x0fff,0x0148,0x0248,0x0448,0x0000} }, /* U+6D19 洙 */
    { 0x6d1bu, {0x0c24,0x0348,0x0000,0x0110,0x0f88,0x0957,0x0924,0x0924,0x0954,0x0f8c,0x0080,0x0000} }, /* U+6D1B 洛 */
    { 0x6d1eu, {0x0c24,0x0348,0x0000,0x0ffe,0x0002,0x0392,0x0292,0x0292,0x0392,0x0802,0x0ffe,0x0000} }, /* U+6D1E 洞 */
    { 0x6d1fu, {0x0c24,0x0348,0x0804,0x08f4,0x0454,0x0254,0x01ff,0x0254,0x0454,0x095c,0x08c4,0x0000} }, /* U+6D1F 洟 */
    { 0x6d25u, {0x0c24,0x0348,0x0000,0x0410,0x0554,0x0554,0x0554,0x0fff,0x0554,0x0554,0x057c,0x0000} }, /* U+6D25 津 */
    { 0x6d29u, {0x0824,0x0448,0x0200,0x087c,0x0854,0x0454,0x0454,0x03ff,0x0654,0x0954,0x0cfc,0x0000} }, /* U+6D29 洩 */
    { 0x6d2au, {0x0c24,0x0348,0x0000,0x0888,0x0488,0x02ff,0x0088,0x0088,0x02ff,0x0488,0x0888,0x0000} }, /* U+6D2A 洪 */
    { 0x6d2bu, {0x0c24,0x0348,0x0000,0x0800,0x0ff8,0x0808,0x0ffc,0x080a,0x0ff9,0x0808,0x0ff8,0x0000} }, /* U+6D2B 洫 */
    { 0x6d32u, {0x0c24,0x0348,0x0000,0x0c20,0x03fe,0x0020,0x0040,0x07fe,0x0020,0x0040,0x0ffe,0x0000} }, /* U+6D32 洲 */
    { 0x6d33u, {0x0c24,0x0348,0x0000,0x0988,0x057f,0x0308,0x02f8,0x0400,0x0ffc,0x0804,0x0ffc,0x0000} }, /* U+6D33 洳 */
    { 0x6d35u, {0x0c24,0x0348,0x0000,0x0018,0x03e7,0x02a4,0x02a4,0x0be4,0x0804,0x0404,0x03fc,0x0000} }, /* U+6D35 洵 */
    { 0x6d36u, {0x0c24,0x0348,0x0010,0x0288,0x0257,0x0224,0x0254,0x028c,0x0be4,0x0804,0x07fc,0x0000} }, /* U+6D36 洶 */
    { 0x6d38u, {0x0824,0x0448,0x0200,0x0840,0x0844,0x0448,0x03c0,0x007f,0x0fc0,0x0848,0x0c44,0x0000} }, /* U+6D38 洸 */
    { 0x6d3bu, {0x0824,0x0448,0x0200,0x0000,0x0f24,0x0924,0x0924,0x09fc,0x0922,0x0922,0x0f22,0x0000} }, /* U+6D3B 活 */
    { 0x6d3du, {0x0824,0x0448,0x0200,0x0000,0x0008,0x0f24,0x0922,0x0922,0x0922,0x0922,0x0f24,0x0000} }, /* U+6D3D 洽 */
    { 0x6d3eu, {0x0c24,0x0348,0x0c00,0x03fc,0x0004,0x0ff4,0x0014,0x00f2,0x0312,0x048a,0x0848,0x0000} }, /* U+6D3E 派 */
    { 0x6d41u, {0x0824,0x0448,0x0200,0x0004,0x0c24,0x03b4,0x002c,0x0fa7,0x0024,0x0f9c,0x0864,0x0000} }, /* U+6D41 流 */
    { 0x6d44u, {0x0c24,0x0348,0x0000,0x0048,0x0154,0x0952,0x0952,0x0ffa,0x0156,0x0150,0x01f0,0x0000} }, /* U+6D44 浄 */
    { 0x6d45u, {0x0c24,0x0348,0x0000,0x0844,0x0854,0x0454,0x047f,0x03d4,0x0654,0x0954,0x08c6,0x0000} }, /* U+6D45 浅 */
    { 0x6d59u, {0x0c24,0x0348,0x0000,0x0908,0x0ffe,0x0088,0x0600,0x01fc,0x0024,0x0022,0x0fe2,0x0000} }, /* U+6D59 浙 */
    { 0x6d5au, {0x0c24,0x0348,0x0000,0x0848,0x094c,0x0b2b,0x0498,0x0488,0x06b8,0x09ce,0x0868,0x0000} }, /* U+6D5A 浚 */
    { 0x6d5cu, {0x0c24,0x0348,0x0000,0x0900,0x05fc,0x0114,0x0114,0x0114,0x01f2,0x0512,0x0910,0x0000} }, /* U+6D5C 浜 */
    { 0x6d63u, {0x0c24,0x0348,0x0000,0x088c,0x0894,0x0494,0x0394,0x0097,0x0f94,0x0894,0x0c9c,0x0000} }, /* U+6D63 浣 */
    { 0x6d64u, {0x0824,0x0448,0x0200,0x001c,0x0e24,0x01e4,0x0c3f,0x0b24,0x08e4,0x0824,0x0e3c,0x0000} }, /* U+6D64 浤 */
    { 0x6d66u, {0x0824,0x0448,0x0200,0x0004,0x0ff4,0x0154,0x0154,0x0fff,0x0154,0x0954,0x0ff6,0x0000} }, /* U+6D66 浦 */
    { 0x6d69u, {0x0824,0x0448,0x0200,0x0000,0x0030,0x0f4e,0x0948,0x0948,0x097f,0x0948,0x0f48,0x0000} }, /* U+6D69 浩 */
    { 0x6d6au, {0x0824,0x0448,0x0200,0x0000,0x0ffc,0x0894,0x0897,0x0394,0x0494,0x0afc,0x0900,0x0000} }, /* U+6D6A 浪 */
    { 0x6d6cu, {0x0824,0x0448,0x0200,0x0000,0x097e,0x094a,0x094a,0x0ffe,0x094a,0x094a,0x097e,0x0000} }, /* U+6D6C 浬 */
    { 0x6d6eu, {0x0824,0x0448,0x0200,0x0000,0x020a,0x0252,0x0a42,0x0f5a,0x02c2,0x025a,0x0206,0x0000} }, /* U+6D6E 浮 */
    { 0x6d74u, {0x0824,0x0448,0x0200,0x0000,0x0084,0x0f42,0x0920,0x0910,0x0910,0x0922,0x0f44,0x0000} }, /* U+6D74 浴 */
    { 0x6d77u, {0x0c24,0x0348,0x0000,0x0798,0x04f7,0x0494,0x0794,0x04f4,0x0c94,0x07f4,0x0484,0x0000} }, /* U+6D77 海 */
    { 0x6d78u, {0x0824,0x0448,0x0200,0x0860,0x08aa,0x0baa,0x04aa,0x04aa,0x06aa,0x09be,0x0860,0x0000} }, /* U+6D78 浸 */
    { 0x6d79u, {0x0c24,0x0348,0x0000,0x0884,0x0844,0x0434,0x0244,0x01ff,0x0244,0x0434,0x08c4,0x0000} }, /* U+6D79 浹 */
    { 0x6d85u, {0x0824,0x0448,0x0200,0x0000,0x097e,0x094a,0x094a,0x0fca,0x094a,0x094a,0x097e,0x0000} }, /* U+6D85 涅 */
    { 0x6d88u, {0x0824,0x0448,0x0200,0x0000,0x0fe4,0x02a8,0x02a0,0x02bf,0x02a0,0x0aa8,0x0fe4,0x0000} }, /* U+6D88 消 */
    { 0x6d8cu, {0x0824,0x0448,0x0200,0x0000,0x0ffa,0x012a,0x012a,0x0ffa,0x012e,0x092a,0x0ff8,0x0000} }, /* U+6D8C 涌 */
    { 0x6d8eu, {0x0c24,0x0348,0x0000,0x0cb2,0x032a,0x04e6,0x0800,0x0be2,0x0a02,0x0bfe,0x0a22,0x0000} }, /* U+6D8E 涎 */
    { 0x6d93u, {0x0824,0x0448,0x0200,0x0000,0x0fee,0x02aa,0x02aa,0x02aa,0x02aa,0x0aaa,0x0fee,0x0000} }, /* U+6D93 涓 */
    { 0x6d95u, {0x0c24,0x0348,0x0000,0x04e9,0x02aa,0x01a8,0x0ff8,0x00ac,0x04ab,0x04b8,0x0380,0x0000} }, /* U+6D95 涕 */
    { 0x6d99u, {0x0c24,0x0348,0x0000,0x0302,0x08fa,0x08aa,0x04aa,0x03ea,0x02aa,0x04aa,0x08ba,0x0000} }, /* U+6D99 涙 */
    { 0x6d9bu, {0x0c24,0x0348,0x0000,0x0544,0x0354,0x0554,0x09d4,0x017f,0x0954,0x0fd4,0x0154,0x0000} }, /* U+6D9B 涛 */
    { 0x6d9cu, {0x0c24,0x0348,0x0000,0x08c4,0x0854,0x0454,0x0354,0x005f,0x0f54,0x0854,0x0cd4,0x0000} }, /* U+6D9C 涜 */
    { 0x6dafu, {0x0c24,0x0348,0x0000,0x0600,0x01fe,0x0842,0x094a,0x094a,0x0ffe,0x094a,0x094a,0x0000} }, /* U+6DAF 涯 */
    { 0x6db2u, {0x0c24,0x0348,0x0084,0x0fe4,0x001c,0x0984,0x0864,0x059f,0x0614,0x09f4,0x0804,0x0000} }, /* U+6DB2 液 */
    { 0x6db5u, {0x0c24,0x0348,0x0000,0x0ff2,0x0a02,0x0952,0x089a,0x0ff6,0x0942,0x0a22,0x0ff2,0x0000} }, /* U+6DB5 涵 */
    { 0x6db8u, {0x0824,0x0448,0x0200,0x0000,0x0ffe,0x0812,0x0bd2,0x0a7e,0x0bd2,0x0812,0x0ffe,0x0000} }, /* U+6DB8 涸 */
    { 0x6dbcu, {0x0c24,0x0348,0x0000,0x0404,0x02f4,0x0094,0x0894,0x0f97,0x0094,0x02f4,0x0404,0x0000} }, /* U+6DBC 涼 */
    { 0x6dc0u, {0x0c24,0x0348,0x0800,0x080c,0x0724,0x0424,0x0424,0x07e7,0x0924,0x0924,0x092c,0x0000} }, /* U+6DC0 淀 */
    { 0x6dc5u, {0x0824,0x0448,0x0100,0x0088,0x0ffe,0x0048,0x0688,0x01fc,0x0024,0x0022,0x0fe2,0x0000} }, /* U+6DC5 淅 */
    { 0x6dc6u, {0x0c24,0x0348,0x0000,0x0228,0x012a,0x0faa,0x02e4,0x02b4,0x02aa,0x0aaa,0x0fb2,0x0000} }, /* U+6DC6 淆 */
    { 0x6dc7u, {0x0c24,0x0348,0x0000,0x0904,0x0904,0x05ff,0x0154,0x0154,0x0154,0x05ff,0x0904,0x0000} }, /* U+6DC7 淇 */
    { 0x6dcbu, {0x0824,0x0448,0x0200,0x0088,0x0048,0x0fff,0x0088,0x0048,0x0fff,0x0088,0x0108,0x0000} }, /* U+6DCB 淋 */
    { 0x6dccu, {0x0824,0x0448,0x0200,0x0000,0x0fe8,0x0024,0x07a0,0x04bf,0x07a0,0x0824,0x0fe8,0x0000} }, /* U+6DCC 淌 */
    { 0x6dd1u, {0x0c24,0x0348,0x0020,0x0920,0x0fff,0x0024,0x0b24,0x0802,0x0472,0x0382,0x0c7e,0x0000} }, /* U+6DD1 淑 */
    { 0x6dd2u, {0x0c24,0x0348,0x0000,0x0914,0x0954,0x0754,0x05ff,0x0554,0x0554,0x0b7c,0x0914,0x0000} }, /* U+6DD2 淒 */
    { 0x6dd5u, {0x0824,0x0448,0x0200,0x0810,0x0a94,0x0a94,0x0a74,0x0f1f,0x0af4,0x0a94,0x0ad4,0x0000} }, /* U+6DD5 淕 */
    { 0x6dd8u, {0x0c24,0x0348,0x0000,0x0358,0x0257,0x03f4,0x0254,0x0b54,0x0804,0x0404,0x03fc,0x0000} }, /* U+6DD8 淘 */
    { 0x6dd9u, {0x0c24,0x0348,0x0000,0x048c,0x0294,0x0094,0x0894,0x0f97,0x0094,0x0294,0x048c,0x0000} }, /* U+6DD9 淙 */
    { 0x6ddeu, {0x0824,0x0448,0x0200,0x0088,0x0ffe,0x0108,0x0860,0x0e1a,0x09c2,0x080e,0x0e70,0x0000} }, /* U+6DDE 淞 */
    { 0x6de1u, {0x0c24,0x0348,0x0000,0x0820,0x09a6,0x0410,0x0208,0x03ce,0x0410,0x0924,0x08a2,0x0000} }, /* U+6DE1 淡 */
    { 0x6de4u, {0x0c24,0x0348,0x0000,0x0308,0x08ff,0x0848,0x07c8,0x0004,0x0222,0x0442,0x0884,0x0000} }, /* U+6DE4 淤 */
    { 0x6de6u, {0x0c24,0x0348,0x0000,0x0808,0x0954,0x0a52,0x0852,0x0ff2,0x0852,0x0a54,0x0958,0x0000} }, /* U+6DE6 淦 */
    { 0x6de8u, {0x0c24,0x0348,0x0000,0x0098,0x02a6,0x0aa2,0x0aa6,0x0fea,0x02a2,0x02a6,0x03ea,0x0000} }, /* U+6DE8 淨 */
    { 0x6deau, {0x0824,0x0448,0x0200,0x0000,0x0fd8,0x0254,0x0fd2,0x0252,0x0fd2,0x0254,0x0fd8,0x0000} }, /* U+6DEA 淪 */
    { 0x6debu, {0x0c24,0x0348,0x0000,0x0902,0x094a,0x0952,0x0946,0x0fca,0x0942,0x0958,0x0946,0x0000} }, /* U+6DEB 淫 */
    { 0x6decu, {0x0c24,0x0348,0x0000,0x0144,0x0124,0x011c,0x0124,0x0fc7,0x0124,0x011c,0x0164,0x0000} }, /* U+6DEC 淬 */
    { 0x6deeu, {0x0824,0x0448,0x0200,0x0020,0x0ff8,0x092f,0x0928,0x0ff8,0x092e,0x0928,0x0928,0x0000} }, /* U+6DEE 淮 */
    { 0x6df1u, {0x0c24,0x0348,0x0000,0x04ae,0x04a2,0x0292,0x018e,0x0fc2,0x009e,0x02a2,0x04a6,0x0000} }, /* U+6DF1 深 */
    { 0x6df3u, {0x0c24,0x0348,0x0000,0x0204,0x0274,0x0a54,0x0a57,0x0f54,0x02d4,0x0274,0x0204,0x0000} }, /* U+6DF3 淳 */
    { 0x6df5u, {0x0c24,0x0348,0x0000,0x0c00,0x03fe,0x0150,0x0f5e,0x0040,0x0f5e,0x0150,0x0ffe,0x0000} }, /* U+6DF5 淵 */
    { 0x6df7u, {0x0824,0x0448,0x0200,0x0000,0x0ffe,0x092a,0x092a,0x002a,0x0fea,0x092a,0x0d3e,0x0000} }, /* U+6DF7 混 */
    { 0x6df9u, {0x0824,0x0448,0x0200,0x0024,0x03f4,0x02ac,0x02a4,0x0ff7,0x0aa4,0x0aac,0x0bf4,0x0000} }, /* U+6DF9 淹 */
    { 0x6dfau, {0x0c24,0x0348,0x0000,0x0884,0x08a4,0x09ef,0x0694,0x0494,0x0aec,0x09a4,0x0cb6,0x0000} }, /* U+6DFA 淺 */
    { 0x6dfbu, {0x0c24,0x0348,0x0000,0x0492,0x0252,0x0832,0x0f9e,0x0012,0x0632,0x0052,0x0690,0x0000} }, /* U+6DFB 添 */
    { 0x6e05u, {0x0824,0x0448,0x0200,0x0044,0x0fd4,0x0554,0x0554,0x057f,0x0554,0x0554,0x0fd4,0x0000} }, /* U+6E05 清 */
    { 0x6e07u, {0x0c24,0x0348,0x0000,0x0100,0x07be,0x04ea,0x04aa,0x06aa,0x08aa,0x08be,0x0780,0x0000} }, /* U+6E07 渇 */
    { 0x6e08u, {0x0c24,0x0348,0x0000,0x0c44,0x03cc,0x02b4,0x02a7,0x02a4,0x02b4,0x0fcc,0x0044,0x0000} }, /* U+6E08 済 */
    { 0x6e09u, {0x0c24,0x0348,0x0000,0x0090,0x085e,0x0910,0x09ff,0x0414,0x0414,0x0254,0x0090,0x0000} }, /* U+6E09 渉 */
    { 0x6e0au, {0x0c24,0x0348,0x0000,0x0c00,0x03fe,0x0448,0x0250,0x0ffe,0x0150,0x0248,0x0ffe,0x0000} }, /* U+6E0A 渊 */
    { 0x6e0bu, {0x0c24,0x0348,0x0000,0x0820,0x04be,0x0120,0x0020,0x003f,0x0124,0x04a4,0x0824,0x0000} }, /* U+6E0B 渋 */
    { 0x6e13u, {0x0c24,0x0348,0x0000,0x090a,0x0952,0x0542,0x034a,0x01f2,0x0342,0x0552,0x094a,0x0000} }, /* U+6E13 渓 */
    { 0x6e15u, {0x0c24,0x0348,0x0800,0x0449,0x024a,0x01f8,0x024c,0x044b,0x01f8,0x0800,0x0ffe,0x0000} }, /* U+6E15 渕 */
    { 0x6e19u, {0x0c24,0x0348,0x0000,0x0908,0x09fc,0x054a,0x033a,0x018a,0x037e,0x054a,0x09f8,0x0000} }, /* U+6E19 渙 */
    { 0x6e1au, {0x0c24,0x0348,0x0000,0x0220,0x0124,0x0fa4,0x0ae4,0x0abf,0x0aa4,0x0ab4,0x0fac,0x0000} }, /* U+6E1A 渚 */
    { 0x6e1bu, {0x0c24,0x0348,0x0c00,0x03fc,0x0014,0x09d4,0x0954,0x05d4,0x047f,0x0384,0x0c66,0x0000} }, /* U+6E1B 減 */
    { 0x6e1du, {0x0824,0x0448,0x0000,0x0fd2,0x054a,0x0556,0x0fd2,0x0312,0x0cd2,0x0314,0x0cd8,0x0000} }, /* U+6E1D 渝 */
    { 0x6e1fu, {0x0c24,0x0348,0x0000,0x00c4,0x015c,0x0954,0x0957,0x0f54,0x0154,0x015c,0x01c4,0x0000} }, /* U+6E1F 渟 */
    { 0x6e20u, {0x0488,0x0492,0x02c4,0x02a0,0x0180,0x0ffe,0x00aa,0x01aa,0x02aa,0x04ba,0x0482,0x0000} }, /* U+6E20 渠 */
    { 0x6e21u, {0x0c24,0x0348,0x0000,0x09fc,0x0814,0x0b14,0x057c,0x0557,0x0554,0x0b7c,0x0814,0x0000} }, /* U+6E21 渡 */
    { 0x6e23u, {0x0c24,0x0348,0x0000,0x0814,0x0bec,0x0aa4,0x0abf,0x0aa4,0x0aac,0x0bf4,0x0824,0x0000} }, /* U+6E23 渣 */
    { 0x6e24u, {0x0c24,0x0348,0x0234,0x0a54,0x0f5f,0x02d4,0x0234,0x0308,0x08ff,0x0808,0x07f8,0x0000} }, /* U+6E24 渤 */
    { 0x6e25u, {0x0c24,0x0348,0x0000,0x0600,0x01fe,0x082a,0x0aea,0x0aaa,0x0faa,0x0aea,0x0aae,0x0000} }, /* U+6E25 渥 */
    { 0x6e26u, {0x0c24,0x0348,0x0000,0x0fe0,0x003e,0x07a2,0x04ba,0x04aa,0x07aa,0x083e,0x0fe0,0x0000} }, /* U+6E26 渦 */
    { 0x6e29u, {0x0824,0x0448,0x0200,0x0800,0x0fbe,0x08aa,0x0faa,0x08aa,0x0faa,0x08be,0x0f80,0x0000} }, /* U+6E29 温 */
    { 0x6e2bu, {0x0c24,0x0348,0x0000,0x0904,0x097e,0x0544,0x035f,0x0fd4,0x0154,0x055e,0x0944,0x0000} }, /* U+6E2B 渫 */
    { 0x6e2cu, {0x0c24,0x0348,0x0800,0x05fe,0x012a,0x012a,0x05fe,0x0800,0x01fc,0x0800,0x0ffe,0x0000} }, /* U+6E2C 測 */
    { 0x6e2du, {0x0824,0x0448,0x0200,0x003e,0x0fea,0x02aa,0x02aa,0x02be,0x0aaa,0x0fea,0x003e,0x0000} }, /* U+6E2D 渭 */
    { 0x6e2eu, {0x0824,0x0448,0x0200,0x0024,0x03af,0x02a4,0x03a4,0x0024,0x082f,0x0fe4,0x0024,0x0000} }, /* U+6E2E 渮 */
    { 0x6e2fu, {0x0824,0x0448,0x0200,0x0094,0x0f54,0x097f,0x0954,0x0954,0x095f,0x09f4,0x0c54,0x0000} }, /* U+6E2F 港 */
    { 0x6e38u, {0x0c24,0x0348,0x0000,0x0308,0x08ff,0x0848,0x07c8,0x0117,0x0914,0x0fd4,0x0134,0x0000} }, /* U+6E38 游 */
    { 0x6e3au, {0x0824,0x0448,0x0200,0x07fe,0x0492,0x07fe,0x0810,0x0880,0x04ff,0x0408,0x0210,0x0000} }, /* U+6E3A 渺 */
    { 0x6e3eu, {0x0c24,0x0348,0x0000,0x040e,0x05fa,0x052a,0x052a,0x0ffe,0x052a,0x052a,0x05fe,0x0000} }, /* U+6E3E 渾 */
    { 0x6e43u, {0x0c24,0x0348,0x0000,0x0c92,0x03fe,0x0082,0x0112,0x0112,0x0ffe,0x0112,0x0112,0x0000} }, /* U+6E43 湃 */
    { 0x6e4au, {0x0c24,0x0348,0x0000,0x0944,0x08d4,0x0574,0x055c,0x03d7,0x0574,0x09d4,0x0954,0x0000} }, /* U+6E4A 湊 */
    { 0x6e4du, {0x0824,0x0448,0x0200,0x0000,0x0fae,0x00a8,0x07e8,0x00af,0x07a8,0x08a8,0x0fae,0x0000} }, /* U+6E4D 湍 */
    { 0x6e4eu, {0x0c24,0x0348,0x0000,0x0ff2,0x0812,0x0ff2,0x095e,0x0952,0x0ff2,0x0812,0x0ff2,0x0000} }, /* U+6E4E 湎 */
    { 0x6e56u, {0x0c24,0x0348,0x0000,0x07c8,0x047f,0x07c8,0x0c00,0x03fe,0x0092,0x0892,0x0ffe,0x0000} }, /* U+6E56 湖 */
    { 0x6e58u, {0x0c24,0x0348,0x0008,0x0fff,0x0088,0x0108,0x0ffe,0x0892,0x0892,0x0892,0x0ffe,0x0000} }, /* U+6E58 湘 */
    { 0x6e5bu, {0x0c24,0x0348,0x0000,0x0084,0x0f84,0x0aff,0x0994,0x0894,0x0b94,0x0aff,0x0a84,0x0000} }, /* U+6E5B 湛 */
    { 0x6e5fu, {0x0c24,0x0348,0x0000,0x0880,0x0afc,0x0a94,0x0a96,0x0f95,0x0a94,0x0afc,0x0880,0x0000} }, /* U+6E5F 湟 */
    { 0x6e67u, {0x0c24,0x0348,0x0000,0x0900,0x09fa,0x052a,0x032a,0x01fa,0x092e,0x092a,0x07f8,0x0000} }, /* U+6E67 湧 */
    { 0x6e6bu, {0x0c24,0x0348,0x0000,0x0624,0x01a4,0x0ffc,0x0422,0x0322,0x00ff,0x0380,0x0c38,0x0000} }, /* U+6E6B 湫 */
    { 0x6e6eu, {0x0824,0x0448,0x0200,0x0802,0x097a,0x094a,0x097e,0x0fca,0x097e,0x094a,0x097a,0x0000} }, /* U+6E6E 湮 */
    { 0x6e6fu, {0x0c24,0x0348,0x0000,0x0100,0x04be,0x02ea,0x09aa,0x04aa,0x0baa,0x08be,0x07a0,0x0000} }, /* U+6E6F 湯 */
    { 0x6e72u, {0x0c24,0x0348,0x0000,0x0248,0x0a56,0x0952,0x0bf6,0x055a,0x0552,0x0b56,0x085a,0x0000} }, /* U+6E72 湲 */
    { 0x6e76u, {0x0c24,0x0348,0x0000,0x0900,0x057c,0x0354,0x0856,0x0fd5,0x0254,0x057c,0x0880,0x0000} }, /* U+6E76 湶 */
    { 0x6e7eu, {0x0c24,0x0348,0x0000,0x062c,0x03a4,0x02bc,0x02a7,0x0abc,0x0aa4,0x0aac,0x06f4,0x0000} }, /* U+6E7E 湾 */
    { 0x6e7fu, {0x0c24,0x0348,0x0000,0x0900,0x0a3e,0x0faa,0x082a,0x0faa,0x082a,0x0a3e,0x0900,0x0000} }, /* U+6E7F 湿 */
    { 0x6e80u, {0x0c24,0x0348,0x0000,0x0fd4,0x0054,0x035f,0x0254,0x03f4,0x025f,0x0a54,0x0fd4,0x0000} }, /* U+6E80 満 */
    { 0x6e82u, {0x0c24,0x0348,0x04f4,0x0294,0x0fff,0x0094,0x02f4,0x0400,0x01fc,0x0800,0x0ffe,0x0000} }, /* U+6E82 溂 */
    { 0x6e8cu, {0x0c24,0x0348,0x0000,0x088a,0x0952,0x0532,0x03ee,0x0120,0x0fee,0x0930,0x0d4c,0x0000} }, /* U+6E8C 溌 */
    { 0x6e8fu, {0x0c24,0x0348,0x0600,0x01fc,0x0014,0x0f54,0x0954,0x09ff,0x0954,0x0954,0x0f7c,0x0000} }, /* U+6E8F 溏 */
    { 0x6e90u, {0x0c24,0x0348,0x0000,0x0300,0x08fe,0x0402,0x01fa,0x092a,0x0f2e,0x012a,0x0dfa,0x0000} }, /* U+6E90 源 */
    { 0x6e96u, {0x0308,0x0292,0x0244,0x0208,0x02fc,0x0f97,0x0294,0x02fc,0x0297,0x0294,0x0284,0x0000} }, /* U+6E96 準 */
    { 0x6e98u, {0x0c24,0x0348,0x0000,0x0810,0x0e94,0x0ad4,0x0eb4,0x0a9f,0x0e94,0x0ad4,0x0e94,0x0000} }, /* U+6E98 溘 */
    { 0x6e9cu, {0x0824,0x0448,0x0200,0x003e,0x0fa2,0x0a92,0x0a88,0x0fb2,0x0a8e,0x0aa2,0x0fbe,0x0000} }, /* U+6E9C 溜 */
    { 0x6e9du, {0x0c24,0x0348,0x0000,0x0454,0x0fd4,0x057f,0x0554,0x07d4,0x057f,0x0554,0x0fd4,0x0000} }, /* U+6E9D 溝 */
    { 0x6e9fu, {0x0c24,0x0348,0x0000,0x0a06,0x0afa,0x06aa,0x02aa,0x03aa,0x02aa,0x06fa,0x0a06,0x0000} }, /* U+6E9F 溟 */
    { 0x6ea2u, {0x0c24,0x0348,0x0808,0x0fc9,0x08ba,0x0f88,0x0888,0x0f8c,0x08bb,0x0fc8,0x0888,0x0000} }, /* U+6EA2 溢 */
    { 0x6ea5u, {0x0c24,0x0348,0x0000,0x0204,0x02f4,0x0654,0x0a54,0x02ff,0x0a54,0x0f54,0x02f6,0x0000} }, /* U+6EA5 溥 */
    { 0x6eaau, {0x0c24,0x0348,0x0000,0x0948,0x0966,0x0552,0x0346,0x01ea,0x0352,0x0546,0x096a,0x0000} }, /* U+6EAA 溪 */
    { 0x6eafu, {0x0824,0x0448,0x02ee,0x0c88,0x03fc,0x008b,0x0c88,0x03fe,0x0092,0x0892,0x0ffe,0x0000} }, /* U+6EAF 溯 */
    { 0x6eb2u, {0x0c24,0x0348,0x0000,0x097c,0x0954,0x0b52,0x0500,0x05ff,0x0500,0x0b54,0x097c,0x0000} }, /* U+6EB2 溲 */
    { 0x6eb6u, {0x0c24,0x0348,0x0000,0x012c,0x0f94,0x094c,0x0927,0x0924,0x094c,0x0f94,0x012c,0x0000} }, /* U+6EB6 溶 */
    { 0x6eb7u, {0x0c24,0x0348,0x0000,0x0ffe,0x0a4a,0x092a,0x0c9a,0x0bea,0x094a,0x0a2a,0x0ffe,0x0000} }, /* U+6EB7 溷 */
    { 0x6ebau, {0x0c24,0x0348,0x0000,0x0272,0x0952,0x0fde,0x0000,0x0572,0x02d2,0x0952,0x0fde,0x0000} }, /* U+6EBA 溺 */
    { 0x6ebdu, {0x0c24,0x0348,0x0000,0x03fe,0x014a,0x057a,0x094a,0x011a,0x092a,0x0fda,0x014a,0x0000} }, /* U+6EBD 溽 */
    { 0x6ec2u, {0x0c24,0x0348,0x0000,0x0064,0x0ca4,0x03bc,0x02e7,0x02a4,0x0abc,0x0aa4,0x06e4,0x0000} }, /* U+6EC2 滂 */
    { 0x6ec4u, {0x0c24,0x0348,0x0000,0x0610,0x01f8,0x0eac,0x0aaa,0x0aaa,0x0aaa,0x0aaa,0x0efc,0x0000} }, /* U+6EC4 滄 */
    { 0x6ec5u, {0x0c24,0x0348,0x0c00,0x03fc,0x0154,0x08f4,0x0b14,0x0454,0x02ff,0x0304,0x0ce6,0x0000} }, /* U+6EC5 滅 */
    { 0x6ec9u, {0x0c24,0x0348,0x0000,0x0900,0x097e,0x05aa,0x032a,0x01ea,0x0f2a,0x09aa,0x0d7e,0x0000} }, /* U+6EC9 滉 */
    { 0x6ecbu, {0x0c24,0x0348,0x0000,0x0cc8,0x0aa9,0x099a,0x0008,0x0cc8,0x0aac,0x099b,0x0cc8,0x0000} }, /* U+6ECB 滋 */
    { 0x6eccu, {0x0c24,0x0348,0x0020,0x0ff8,0x0806,0x0be8,0x0547,0x0334,0x0fa4,0x055c,0x0944,0x0000} }, /* U+6ECC 滌 */
    { 0x6ed1u, {0x0824,0x0448,0x0200,0x0060,0x0fbe,0x02a2,0x02ba,0x02aa,0x0aaa,0x0fbe,0x0060,0x0000} }, /* U+6ED1 滑 */
    { 0x6ed3u, {0x0c24,0x0348,0x0000,0x052c,0x0524,0x05e4,0x0524,0x0f3f,0x0524,0x05e4,0x052c,0x0000} }, /* U+6ED3 滓 */
    { 0x6ed4u, {0x0824,0x0448,0x0200,0x0018,0x0f86,0x0a82,0x0a4a,0x0812,0x0a82,0x0a8a,0x0f92,0x0000} }, /* U+6ED4 滔 */
    { 0x6ed5u, {0x0ffe,0x0092,0x0ffe,0x0920,0x04ac,0x036a,0x0838,0x0faf,0x0228,0x057a,0x08ac,0x0000} }, /* U+6ED5 滕 */
    { 0x6eddu, {0x0c24,0x0348,0x0000,0x03e4,0x02a4,0x02bc,0x0fe7,0x0aa4,0x0abc,0x0be4,0x0c24,0x0000} }, /* U+6EDD 滝 */
    { 0x6edeu, {0x0c24,0x0348,0x0000,0x00c4,0x075e,0x0154,0x0154,0x0fdf,0x0154,0x0554,0x07de,0x0000} }, /* U+6EDE 滞 */
    { 0x6eecu, {0x0c24,0x0348,0x0000,0x0602,0x01fa,0x0faa,0x0aea,0x0aaa,0x0baa,0x0aea,0x0bba,0x0000} }, /* U+6EEC 滬 */
    { 0x6eefu, {0x0c24,0x0348,0x0000,0x01d4,0x0754,0x014f,0x0154,0x0fdf,0x0144,0x055f,0x07d4,0x0000} }, /* U+6EEF 滯 */
    { 0x6ef2u, {0x0c24,0x0348,0x0000,0x0124,0x0934,0x0aae,0x0a65,0x0934,0x056c,0x04a6,0x02b4,0x0000} }, /* U+6EF2 滲 */
    { 0x6ef4u, {0x0824,0x0448,0x0200,0x0004,0x0fe4,0x00bc,0x0ea4,0x0be7,0x0ebc,0x00a4,0x0fe4,0x0000} }, /* U+6EF4 滴 */
    { 0x6ef7u, {0x0c24,0x0348,0x0000,0x0ff8,0x0888,0x0a28,0x094f,0x0c9a,0x094a,0x0a2a,0x0ff8,0x0000} }, /* U+6EF7 滷 */
    { 0x6ef8u, {0x0c24,0x0348,0x0000,0x0f2a,0x092a,0x0f2a,0x0080,0x009f,0x0084,0x0ffc,0x0084,0x0000} }, /* U+6EF8 滸 */
    { 0x6efeu, {0x0c24,0x0348,0x0000,0x0224,0x0ef4,0x09ac,0x08a4,0x03a7,0x04ac,0x0af4,0x0924,0x0000} }, /* U+6EFE 滾 */
    { 0x6effu, {0x0c24,0x0348,0x0000,0x0fc4,0x055f,0x0354,0x0454,0x0ff4,0x0154,0x0a5f,0x0fc4,0x0000} }, /* U+6EFF 滿 */
    { 0x6f01u, {0x0c24,0x0348,0x0000,0x0808,0x05fc,0x012a,0x0d2a,0x01fa,0x0d2e,0x012a,0x0df8,0x0000} }, /* U+6F01 漁 */
    { 0x6f02u, {0x0c24,0x0348,0x0000,0x0a02,0x06ba,0x02aa,0x0abe,0x0eaa,0x02be,0x06aa,0x0aba,0x0000} }, /* U+6F02 漂 */
    { 0x6f06u, {0x0c24,0x0348,0x0000,0x0824,0x0494,0x014c,0x0824,0x0f9f,0x0224,0x054c,0x0894,0x0000} }, /* U+6F06 漆 */
    { 0x6f09u, {0x0c24,0x0348,0x0c00,0x03fc,0x0854,0x0fd4,0x097f,0x0454,0x07fc,0x0954,0x0d74,0x0000} }, /* U+6F09 漉 */
    { 0x6f0fu, {0x0c24,0x0348,0x0000,0x0c00,0x03fe,0x04aa,0x02aa,0x0fea,0x04aa,0x02aa,0x0fae,0x0000} }, /* U+6F0F 漏 */
    { 0x6f11u, {0x0c24,0x0348,0x0000,0x0ffe,0x0955,0x0954,0x047e,0x0222,0x0122,0x0ffe,0x0822,0x0000} }, /* U+6F11 漑 */
    { 0x6f13u, {0x0c24,0x0348,0x0000,0x0f04,0x0174,0x0544,0x07ec,0x0557,0x076c,0x0944,0x0f74,0x0000} }, /* U+6F13 漓 */
    { 0x6f14u, {0x0c24,0x0348,0x0800,0x080c,0x07d4,0x0554,0x0554,0x07f7,0x0554,0x0554,0x0fdc,0x0000} }, /* U+6F14 演 */
    { 0x6f15u, {0x0824,0x0448,0x0204,0x007c,0x0fd4,0x0954,0x097f,0x0954,0x097f,0x0fd4,0x007c,0x0000} }, /* U+6F15 漕 */
    { 0x6f20u, {0x0c24,0x0348,0x0000,0x0904,0x09f4,0x055f,0x0354,0x0154,0x0354,0x055f,0x09f4,0x0000} }, /* U+6F20 漠 */
    { 0x6f22u, {0x0c24,0x0348,0x0000,0x0904,0x0974,0x055f,0x0354,0x01f4,0x035f,0x0554,0x0974,0x0000} }, /* U+6F22 漢 */
    { 0x6f23u, {0x0c22,0x0344,0x0800,0x0422,0x03e4,0x0504,0x097c,0x0954,0x0bff,0x0954,0x097c,0x0000} }, /* U+6F23 漣 */
    { 0x6f2bu, {0x0c24,0x0348,0x0000,0x08e0,0x09be,0x0aaa,0x04ea,0x04aa,0x04ea,0x0bbe,0x08e0,0x0000} }, /* U+6F2B 漫 */
    { 0x6f2cu, {0x0c24,0x0348,0x0000,0x0844,0x0854,0x07d4,0x0554,0x057f,0x0554,0x0fd4,0x0854,0x0000} }, /* U+6F2C 漬 */
    { 0x6f31u, {0x0c24,0x0348,0x04f4,0x0294,0x0fff,0x0894,0x04f8,0x0307,0x00fc,0x0304,0x0c3c,0x0000} }, /* U+6F31 漱 */
    { 0x6f32u, {0x0c24,0x0348,0x08f2,0x0892,0x079e,0x0080,0x0ffe,0x08aa,0x03aa,0x04aa,0x0a82,0x0000} }, /* U+6F32 漲 */
    { 0x6f38u, {0x0c24,0x0348,0x05f4,0x0554,0x0fff,0x0554,0x05f4,0x0c04,0x03fe,0x0012,0x0ff2,0x0000} }, /* U+6F38 漸 */
    { 0x6f3eu, {0x0c24,0x0348,0x0000,0x0944,0x0554,0x0357,0x0054,0x09fc,0x0f56,0x0255,0x0554,0x0000} }, /* U+6F3E 漾 */
    { 0x6f3fu, {0x0956,0x0934,0x0514,0x0376,0x0900,0x0fb4,0x0154,0x021a,0x0496,0x0afa,0x0916,0x0000} }, /* U+6F3F 漿 */
    { 0x6f41u, {0x049e,0x0aa8,0x0fe8,0x0224,0x0534,0x0880,0x0bfa,0x06aa,0x02ae,0x06aa,0x0bfa,0x0000} }, /* U+6F41 潁 */
    { 0x6f45u, {0x0824,0x0448,0x0200,0x0000,0x0098,0x0fd7,0x0974,0x095c,0x0fd4,0x0974,0x0954,0x0000} }, /* U+6F45 潅 */
    { 0x6f54u, {0x0c24,0x0348,0x0800,0x0554,0x017f,0x0154,0x0fa4,0x0152,0x010e,0x05a2,0x093e,0x0000} }, /* U+6F54 潔 */
    { 0x6f58u, {0x0c24,0x0348,0x0000,0x0092,0x0fd6,0x0aba,0x0a92,0x0ffe,0x0a9a,0x0ab6,0x0fd2,0x0000} }, /* U+6F58 潘 */
    { 0x6f5bu, {0x0c24,0x0348,0x0000,0x005c,0x0fb4,0x0a9f,0x0ad4,0x0ab4,0x0a9f,0x0ff4,0x0054,0x0000} }, /* U+6F5B 潛 */
    { 0x6f5cu, {0x0c24,0x0348,0x0000,0x0054,0x0fb4,0x0a9f,0x0ad4,0x0ab4,0x0a9f,0x0fb4,0x0054,0x0000} }, /* U+6F5C 潜 */
    { 0x6f5fu, {0x0c24,0x0348,0x0000,0x0100,0x06be,0x00ea,0x06a1,0x00a8,0x0aaa,0x08be,0x0780,0x0000} }, /* U+6F5F 潟 */
    { 0x6f64u, {0x0c24,0x0348,0x0000,0x0ffe,0x002a,0x0aaa,0x0abe,0x0f80,0x0abe,0x002a,0x0ffe,0x0000} }, /* U+6F64 潤 */
    { 0x6f66u, {0x0824,0x0448,0x0204,0x082c,0x05f4,0x015c,0x0954,0x0f57,0x015c,0x05f4,0x082c,0x0000} }, /* U+6F66 潦 */
    { 0x6f6du, {0x0c24,0x0348,0x0000,0x047a,0x07ca,0x054e,0x057a,0x0d4a,0x057e,0x07ca,0x047a,0x0000} }, /* U+6F6D 潭 */
    { 0x6f6eu, {0x0c24,0x0348,0x0404,0x05f4,0x0f5f,0x05f4,0x0c04,0x03fe,0x0092,0x0892,0x0ffe,0x0000} }, /* U+6F6E 潮 */
    { 0x6f6fu, {0x0c24,0x0348,0x0000,0x02a8,0x02ea,0x06aa,0x0a2a,0x02ea,0x0aaa,0x0fbe,0x02e8,0x0000} }, /* U+6F6F 潯 */
    { 0x6f70u, {0x0c24,0x0348,0x0800,0x085c,0x07d4,0x0554,0x0554,0x057f,0x0554,0x0fd4,0x085c,0x0000} }, /* U+6F70 潰 */
    { 0x6f74u, {0x0c24,0x0348,0x0000,0x0924,0x0898,0x07e6,0x0120,0x0fa4,0x0aff,0x0aa4,0x0fb4,0x0000} }, /* U+6F74 潴 */
    { 0x6f78u, {0x0824,0x0448,0x0200,0x0024,0x0f94,0x02ff,0x02a4,0x0294,0x02ff,0x0aa4,0x0fb4,0x0000} }, /* U+6F78 潸 */
    { 0x6f7au, {0x0c24,0x0348,0x0600,0x01fe,0x022a,0x0aaa,0x0eaa,0x03ea,0x0aba,0x0eaa,0x03ae,0x0000} }, /* U+6F7A 潺 */
    { 0x6f7cu, {0x0c24,0x0348,0x0000,0x0824,0x0be4,0x0abc,0x0aa4,0x0fe7,0x0aa4,0x0abc,0x0be4,0x0000} }, /* U+6F7C 潼 */
    { 0x6f80u, {0x0c24,0x0348,0x0832,0x0f4e,0x0842,0x0fbe,0x090a,0x0832,0x0fce,0x0942,0x093e,0x0000} }, /* U+6F80 澀 */
    { 0x6f81u, {0x0c24,0x0348,0x0800,0x0f20,0x083c,0x0fe0,0x0920,0x083f,0x0fe4,0x0924,0x0920,0x0000} }, /* U+6F81 澁 */
    { 0x6f82u, {0x0c24,0x0348,0x0000,0x0aae,0x0aa8,0x0faf,0x0aa8,0x08a8,0x04cf,0x0304,0x0cfc,0x0000} }, /* U+6F82 澂 */
    { 0x6f84u, {0x0c24,0x0348,0x0000,0x088a,0x0852,0x0fb2,0x0aae,0x0aa0,0x0eae,0x0bb0,0x084c,0x0000} }, /* U+6F84 澄 */
    { 0x6f86u, {0x0c24,0x0348,0x0000,0x0910,0x0954,0x05f4,0x0354,0x011f,0x0f54,0x09f4,0x0d54,0x0000} }, /* U+6F86 澆 */
    { 0x6f8eu, {0x0c24,0x0348,0x0804,0x09d4,0x0f54,0x095f,0x0f54,0x09d4,0x0888,0x0444,0x0222,0x0000} }, /* U+6F8E 澎 */
    { 0x6f91u, {0x0c24,0x0348,0x0000,0x0fba,0x0aaa,0x0aaa,0x0afe,0x0f82,0x0afe,0x0aaa,0x0fba,0x0000} }, /* U+6F91 澑 */
    { 0x6f97u, {0x0c24,0x0348,0x0000,0x0ffe,0x002a,0x0faa,0x0abe,0x0a80,0x0fbe,0x002a,0x0ffe,0x0000} }, /* U+6F97 澗 */
    { 0x6fa1u, {0x0c24,0x0348,0x0000,0x0900,0x0978,0x054e,0x037a,0x0f8a,0x017a,0x054e,0x0978,0x0000} }, /* U+6FA1 澡 */
    { 0x6fa3u, {0x0c24,0x0348,0x05f4,0x0554,0x0f5f,0x0554,0x05f4,0x0092,0x0092,0x0ff2,0x0094,0x0000} }, /* U+6FA3 澣 */
    { 0x6fa4u, {0x0c24,0x0348,0x0000,0x0100,0x055e,0x05d2,0x055e,0x0f72,0x055e,0x05d2,0x055e,0x0000} }, /* U+6FA4 澤 */
    { 0x6faau, {0x0c24,0x0348,0x0000,0x013a,0x028a,0x02ea,0x0eaa,0x02be,0x028a,0x0aea,0x0eba,0x0000} }, /* U+6FAA 澪 */
    { 0x6fb1u, {0x0c24,0x0348,0x0800,0x05fe,0x0152,0x05f2,0x095e,0x0ba0,0x04be,0x0482,0x0bbe,0x0000} }, /* U+6FB1 澱 */
    { 0x6fb3u, {0x0c24,0x0348,0x0000,0x0a00,0x0afc,0x06ac,0x0256,0x03fd,0x0254,0x06ac,0x0afc,0x0000} }, /* U+6FB3 澳 */
    { 0x6fb9u, {0x0c24,0x0348,0x0000,0x0608,0x01fc,0x0eaa,0x0aaa,0x0a9a,0x0ace,0x0aba,0x0ea8,0x0000} }, /* U+6FB9 澹 */
    { 0x6fc0u, {0x0c24,0x0348,0x0000,0x027c,0x09d6,0x0955,0x077c,0x0810,0x04cf,0x0304,0x0cfc,0x0000} }, /* U+6FC0 激 */
    { 0x6fc1u, {0x0c24,0x0348,0x0000,0x08ce,0x0bba,0x0aae,0x0fea,0x0aae,0x07aa,0x082a,0x0fee,0x0000} }, /* U+6FC1 濁 */
    { 0x6fc2u, {0x0c24,0x0348,0x0600,0x01fc,0x0854,0x055c,0x0ff4,0x0157,0x0ffc,0x0554,0x09f4,0x0000} }, /* U+6FC2 濂 */
    { 0x6fc3u, {0x0c24,0x0348,0x0000,0x0600,0x01fc,0x0f54,0x097f,0x0354,0x057f,0x0b54,0x097c,0x0000} }, /* U+6FC3 濃 */
    { 0x6fc6u, {0x0c24,0x0348,0x0000,0x0824,0x0ba4,0x06f4,0x02a4,0x02bf,0x02a4,0x06f4,0x0ba4,0x0000} }, /* U+6FC6 濆 */
    { 0x6fd4u, {0x0c24,0x0348,0x0000,0x0ffa,0x0556,0x0292,0x0552,0x0ffe,0x0292,0x0556,0x0ffa,0x0000} }, /* U+6FD4 濔 */
    { 0x6fd5u, {0x0c24,0x0348,0x0000,0x0800,0x05be,0x016a,0x0daa,0x002a,0x0daa,0x016a,0x0dbe,0x0000} }, /* U+6FD5 濕 */
    { 0x6fd8u, {0x0c24,0x0348,0x0000,0x022c,0x0394,0x0abc,0x0ba4,0x0eaf,0x03a4,0x0294,0x03ac,0x0000} }, /* U+6FD8 濘 */
    { 0x6fdbu, {0x0c24,0x0348,0x0000,0x0574,0x0554,0x04df,0x0a54,0x0954,0x07df,0x0254,0x0534,0x0000} }, /* U+6FDB 濛 */
    { 0x6fdfu, {0x0c24,0x0348,0x0024,0x0c1c,0x03e4,0x02bc,0x0297,0x02bc,0x02a4,0x0fdc,0x0024,0x0000} }, /* U+6FDF 濟 */
    { 0x6fe0u, {0x0c24,0x0348,0x0000,0x0534,0x0554,0x04dc,0x0a57,0x09d4,0x075c,0x0254,0x0574,0x0000} }, /* U+6FE0 濠 */
    { 0x6fe1u, {0x0824,0x0448,0x0200,0x0082,0x0eba,0x028a,0x0faa,0x02fe,0x0e8a,0x02aa,0x0eba,0x0000} }, /* U+6FE1 濡 */
    { 0x6fe4u, {0x0c24,0x0348,0x0000,0x0110,0x0f54,0x0954,0x0f54,0x01df,0x0554,0x0954,0x0f34,0x0000} }, /* U+6FE4 濤 */
    { 0x6febu, {0x0c24,0x0348,0x0000,0x09fe,0x0f2a,0x09ee,0x0f2a,0x093a,0x0f4c,0x094a,0x0f48,0x0000} }, /* U+6FEB 濫 */
    { 0x6fecu, {0x0c24,0x0348,0x0000,0x0158,0x0fa8,0x0ac8,0x0aaf,0x0aba,0x0aca,0x0faa,0x0158,0x0000} }, /* U+6FEC 濬 */
    { 0x6feeu, {0x0c24,0x0348,0x0010,0x0ffe,0x0a24,0x0aa4,0x06bf,0x03e4,0x02a7,0x06bc,0x0aa6,0x0000} }, /* U+6FEE 濮 */
    { 0x6fefu, {0x0c24,0x0348,0x0000,0x0100,0x0faa,0x0aea,0x0abe,0x0a80,0x0fea,0x0aaa,0x0abe,0x0000} }, /* U+6FEF 濯 */
    { 0x6ff1u, {0x0c24,0x0348,0x0800,0x08ac,0x07d4,0x0554,0x0577,0x0554,0x0554,0x0ff4,0x081c,0x0000} }, /* U+6FF1 濱 */
    { 0x6ff3u, {0x0c24,0x0348,0x0000,0x0056,0x0fb4,0x0a9f,0x0ad4,0x0ab4,0x0a9f,0x0ff4,0x0054,0x0000} }, /* U+6FF3 濳 */
    { 0x6ff6u, {0x0c24,0x0348,0x0000,0x0ffe,0x002a,0x0eaa,0x0abe,0x0be0,0x0ebe,0x082a,0x0ffe,0x0000} }, /* U+6FF6 濶 */
    { 0x6ffau, {0x0c24,0x0348,0x0800,0x05fe,0x012a,0x05fe,0x08a4,0x0bef,0x0494,0x06d4,0x09ae,0x0000} }, /* U+6FFA 濺 */
    { 0x6ffeu, {0x0c24,0x0348,0x0800,0x05fc,0x0014,0x07f4,0x095f,0x0bf5,0x0955,0x05f4,0x080c,0x0000} }, /* U+6FFE 濾 */
    { 0x7001u, {0x0824,0x0448,0x0200,0x0094,0x0854,0x0ff7,0x0954,0x035c,0x0556,0x0bf5,0x0a54,0x0000} }, /* U+7001 瀁 */
    { 0x7009u, {0x0c24,0x0348,0x0800,0x051c,0x01f4,0x0d54,0x010f,0x0d44,0x0154,0x09f4,0x0f1c,0x0000} }, /* U+7009 瀉 */
    { 0x700bu, {0x0c24,0x0348,0x0400,0x029c,0x0fb4,0x0ad4,0x0a97,0x0ff4,0x0ad4,0x0fb4,0x011c,0x0000} }, /* U+700B 瀋 */
    { 0x700fu, {0x0824,0x0448,0x0280,0x0c5e,0x0ab2,0x0fa8,0x0aae,0x0c42,0x01fe,0x0800,0x0ffe,0x0000} }, /* U+700F 瀏 */
    { 0x7011u, {0x0824,0x0448,0x0200,0x0080,0x0aae,0x05aa,0x00fa,0x0eaa,0x00fa,0x05aa,0x0aae,0x0000} }, /* U+7011 瀑 */
    { 0x7015u, {0x0c24,0x0348,0x081e,0x0950,0x05ff,0x0214,0x0852,0x07fa,0x02ae,0x06aa,0x0bfa,0x0000} }, /* U+7015 瀕 */
    { 0x7018u, {0x0c24,0x0348,0x0000,0x09fc,0x0e04,0x0bd4,0x0e57,0x0bfd,0x0e55,0x0bd5,0x0e4c,0x0000} }, /* U+7018 瀘 */
    { 0x701au, {0x0c24,0x0348,0x05f4,0x0554,0x0f5f,0x05f4,0x0a2a,0x0ffa,0x024a,0x092a,0x0ffc,0x0000} }, /* U+701A 瀚 */
    { 0x701bu, {0x0c24,0x0348,0x0804,0x0fdc,0x0574,0x0fd4,0x0554,0x0d57,0x07d4,0x0274,0x0fd4,0x0000} }, /* U+701B 瀛 */
    { 0x701du, {0x0c24,0x0348,0x0000,0x0bfe,0x0892,0x0e56,0x08fe,0x0f92,0x0a56,0x0afe,0x0852,0x0000} }, /* U+701D 瀝 */
    { 0x701eu, {0x0c24,0x0348,0x0044,0x0fd4,0x057f,0x0fd4,0x0044,0x0952,0x0ffa,0x0156,0x01f0,0x0000} }, /* U+701E 瀞 */
    { 0x701fu, {0x0c24,0x0348,0x0000,0x0814,0x0fd4,0x0557,0x0d54,0x03fc,0x0d57,0x0554,0x0ffc,0x0000} }, /* U+701F 瀟 */
    { 0x7026u, {0x0c24,0x0348,0x0002,0x092a,0x0896,0x07e2,0x0024,0x0fe4,0x0abf,0x0aa4,0x0fb4,0x0000} }, /* U+7026 瀦 */
    { 0x7027u, {0x0c24,0x0348,0x0024,0x0fe4,0x02bc,0x0aa7,0x0ffc,0x0020,0x0fdf,0x0954,0x0d74,0x0000} }, /* U+7027 瀧 */
    { 0x702cu, {0x0c24,0x0348,0x0474,0x0254,0x0fff,0x0954,0x0a52,0x07fa,0x02ae,0x06aa,0x0bfa,0x0000} }, /* U+702C 瀬 */
    { 0x7030u, {0x0c24,0x0348,0x08f2,0x0892,0x07da,0x0556,0x0292,0x0ffe,0x0292,0x0556,0x0ffa,0x0000} }, /* U+7030 瀰 */
    { 0x7032u, {0x0c24,0x0348,0x0804,0x05ea,0x0b2a,0x05ea,0x0b2a,0x09e4,0x049f,0x0304,0x0cfc,0x0000} }, /* U+7032 瀲 */
    { 0x703eu, {0x0c24,0x0348,0x0000,0x0ffe,0x08aa,0x07aa,0x02be,0x0fc0,0x02be,0x0aaa,0x0ffe,0x0000} }, /* U+703E 瀾 */
    { 0x704cu, {0x0c24,0x0348,0x0000,0x0084,0x0fdc,0x0977,0x095c,0x0fc4,0x097f,0x0954,0x095c,0x0000} }, /* U+704C 灌 */
    { 0x7051u, {0x0c24,0x0348,0x0000,0x060a,0x09da,0x0f4a,0x05da,0x0560,0x0fda,0x094a,0x0dda,0x0000} }, /* U+7051 灑 */
    { 0x7058u, {0x0c24,0x0348,0x0974,0x055e,0x03f4,0x055e,0x0954,0x0fff,0x0928,0x0ffe,0x0928,0x0000} }, /* U+7058 灘 */
    { 0x7063u, {0x0c24,0x0348,0x0010,0x06ea,0x0294,0x02ea,0x02ab,0x0aea,0x0a90,0x0bea,0x0654,0x0000} }, /* U+7063 灣 */
    { 0x706bu, {0x0800,0x0860,0x0418,0x0200,0x0180,0x007f,0x0180,0x0200,0x0460,0x0818,0x0800,0x0000} }, /* U+706B 火 */
    { 0x706fu, {0x0c38,0x0300,0x00fe,0x0100,0x0238,0x0002,0x0002,0x0802,0x0802,0x0ffe,0x0002,0x0000} }, /* U+706F 灯 */
    { 0x7070u, {0x0600,0x01fe,0x0002,0x0802,0x0872,0x0402,0x0302,0x00fa,0x0302,0x0402,0x0872,0x0000} }, /* U+7070 灰 */
    { 0x7078u, {0x0820,0x0924,0x04a4,0x0412,0x0212,0x01ca,0x020a,0x0416,0x0512,0x08a0,0x0820,0x0000} }, /* U+7078 灸 */
    { 0x707cu, {0x0c38,0x0300,0x00fe,0x0100,0x0230,0x000f,0x0044,0x0884,0x0804,0x0404,0x03fc,0x0000} }, /* U+707C 灼 */
    { 0x707du, {0x0800,0x0908,0x0494,0x0422,0x0208,0x01d4,0x0222,0x0408,0x0514,0x08a2,0x0800,0x0000} }, /* U+707D 災 */
    { 0x7089u, {0x0c38,0x0300,0x00fe,0x0310,0x0c08,0x03f2,0x0092,0x0092,0x0092,0x0092,0x00f2,0x0000} }, /* U+7089 炉 */
    { 0x708au, {0x0c70,0x0300,0x00fe,0x0b00,0x0830,0x040f,0x0304,0x00fc,0x0304,0x0424,0x081c,0x0000} }, /* U+708A 炊 */
    { 0x708eu, {0x0840,0x0848,0x05a4,0x0420,0x0210,0x01cf,0x0210,0x0420,0x05a8,0x0844,0x0840,0x0000} }, /* U+708E 炎 */
    { 0x7092u, {0x0c38,0x0300,0x00fe,0x0300,0x0810,0x0808,0x0880,0x04ff,0x0400,0x0208,0x0110,0x0000} }, /* U+7092 炒 */
    { 0x7099u, {0x0820,0x0924,0x04a4,0x0424,0x022a,0x01d2,0x0216,0x040a,0x050a,0x0886,0x0802,0x0000} }, /* U+7099 炙 */
    { 0x70acu, {0x0c38,0x0300,0x00fe,0x0110,0x0208,0x0ffe,0x0892,0x0892,0x0892,0x0892,0x08f2,0x0000} }, /* U+70AC 炬 */
    { 0x70adu, {0x0600,0x01f6,0x0814,0x08d4,0x0414,0x0214,0x01d7,0x0214,0x0414,0x0894,0x0856,0x0000} }, /* U+70AD 炭 */
    { 0x70aeu, {0x0c38,0x0300,0x00fe,0x0100,0x0218,0x07f7,0x0894,0x0894,0x08f4,0x0904,0x0dfc,0x0000} }, /* U+70AE 炮 */
    { 0x70afu, {0x0c38,0x0300,0x00fe,0x0100,0x0ffe,0x0002,0x01f2,0x0112,0x01f2,0x0802,0x0ffe,0x0000} }, /* U+70AF 炯 */
    { 0x70b3u, {0x0c38,0x0300,0x00fe,0x0100,0x0ff2,0x0212,0x0112,0x00fe,0x0112,0x0a12,0x0ff2,0x0000} }, /* U+70B3 炳 */
    { 0x70b8u, {0x0c38,0x0300,0x00fe,0x0100,0x0630,0x000f,0x0004,0x0ffc,0x0124,0x0124,0x0124,0x0000} }, /* U+70B8 炸 */
    { 0x70b9u, {0x0800,0x0400,0x01e0,0x0520,0x0920,0x013f,0x0524,0x0924,0x01e4,0x0404,0x0800,0x0000} }, /* U+70B9 点 */
    { 0x70bau, {0x0100,0x0688,0x00c9,0x06aa,0x00b8,0x06ac,0x00ab,0x06a8,0x08b8,0x08e0,0x0780,0x0000} }, /* U+70BA 為 */
    { 0x70c8u, {0x0822,0x0512,0x011e,0x04aa,0x084a,0x003a,0x0400,0x087c,0x0000,0x0500,0x09fe,0x0000} }, /* U+70C8 烈 */
    { 0x70cbu, {0x0810,0x05f8,0x0006,0x0480,0x0884,0x0044,0x0424,0x09ff,0x0024,0x0444,0x0884,0x0000} }, /* U+70CB 烋 */
    { 0x70cfu, {0x0800,0x0400,0x01fc,0x0d54,0x0156,0x0d55,0x0154,0x0d54,0x015c,0x0940,0x0f40,0x0000} }, /* U+70CF 烏 */
    { 0x70d9u, {0x0c38,0x0300,0x00fe,0x0300,0x0090,0x0f88,0x0957,0x0924,0x0924,0x0954,0x0f8c,0x0000} }, /* U+70D9 烙 */
    { 0x70ddu, {0x0890,0x0492,0x0152,0x0532,0x0902,0x01f2,0x0512,0x092a,0x0146,0x04a2,0x0890,0x0000} }, /* U+70DD 烝 */
    { 0x70dfu, {0x0c38,0x0300,0x00fe,0x0100,0x0ffe,0x0a12,0x0912,0x08fe,0x0912,0x0a12,0x0ffe,0x0000} }, /* U+70DF 烟 */
    { 0x70f1u, {0x0c38,0x0300,0x00fe,0x0100,0x0ffe,0x0022,0x039e,0x0282,0x03be,0x0822,0x0ffe,0x0000} }, /* U+70F1 烱 */
    { 0x70f9u, {0x0804,0x0444,0x005c,0x0454,0x0854,0x0357,0x04d4,0x0854,0x005c,0x0444,0x0804,0x0000} }, /* U+70F9 烹 */
    { 0x70fdu, {0x0c38,0x0300,0x00fe,0x0700,0x0024,0x0524,0x055a,0x0552,0x0ff2,0x055a,0x0566,0x0000} }, /* U+70FD 烽 */
    { 0x7109u, {0x0822,0x0422,0x03fa,0x06a2,0x0aa2,0x02be,0x06aa,0x0aaa,0x02aa,0x0aa2,0x0e22,0x0000} }, /* U+7109 焉 */
    { 0x7114u, {0x0c38,0x0300,0x00fe,0x0100,0x0fe8,0x0004,0x0ff2,0x0892,0x089a,0x0896,0x0ff0,0x0000} }, /* U+7114 焔 */
    { 0x7119u, {0x0c38,0x0300,0x00fe,0x0100,0x0224,0x0f24,0x093c,0x0927,0x0924,0x093c,0x0f24,0x0000} }, /* U+7119 焙 */
    { 0x711au, {0x0824,0x0914,0x08bf,0x0414,0x0404,0x03a0,0x0414,0x040c,0x093f,0x0894,0x0824,0x0000} }, /* U+711A 焚 */
    { 0x711cu, {0x0c38,0x0300,0x00fe,0x0100,0x0ffe,0x092a,0x092a,0x002a,0x0fea,0x092a,0x0d3e,0x0000} }, /* U+711C 焜 */
    { 0x7121u, {0x0928,0x0524,0x01ff,0x0524,0x09fc,0x0124,0x05fc,0x0924,0x01fc,0x0524,0x0924,0x0000} }, /* U+7121 無 */
    { 0x7126u, {0x0820,0x0410,0x01fc,0x0557,0x0954,0x0154,0x05fc,0x0957,0x0154,0x0554,0x0800,0x0000} }, /* U+7126 焦 */
    { 0x7136u, {0x0930,0x050e,0x0092,0x0462,0x091e,0x0088,0x0448,0x083f,0x0048,0x048a,0x0904,0x0000} }, /* U+7136 然 */
    { 0x713cu, {0x0c70,0x0300,0x00fe,0x0b10,0x0894,0x04f4,0x0394,0x009f,0x0f94,0x08f4,0x0c94,0x0000} }, /* U+713C 焼 */
    { 0x7149u, {0x0c38,0x0300,0x00fe,0x0904,0x09f4,0x0554,0x0354,0x0fff,0x0154,0x0554,0x09f4,0x0000} }, /* U+7149 煉 */
    { 0x714cu, {0x0c38,0x0300,0x00fe,0x0310,0x0808,0x0afc,0x0a94,0x0a96,0x0f95,0x0a94,0x0afc,0x0000} }, /* U+714C 煌 */
    { 0x714eu, {0x0804,0x05fc,0x0054,0x0557,0x09fc,0x0004,0x047c,0x0806,0x0105,0x05fc,0x0804,0x0000} }, /* U+714E 煎 */
    { 0x7155u, {0x09fe,0x0502,0x017a,0x05ce,0x097a,0x0000,0x05fe,0x0912,0x0112,0x0512,0x09de,0x0000} }, /* U+7155 煕 */
    { 0x7156u, {0x0c70,0x0300,0x00fe,0x0100,0x0a52,0x095e,0x0bf2,0x055e,0x0552,0x0b5a,0x0856,0x0000} }, /* U+7156 煖 */
    { 0x7159u, {0x0c38,0x0300,0x00fe,0x0300,0x087a,0x094a,0x097e,0x0fca,0x097e,0x094a,0x097a,0x0000} }, /* U+7159 煙 */
    { 0x7162u, {0x0264,0x02b2,0x02a8,0x02a7,0x0fa8,0x02b6,0x02a8,0x02a7,0x07a8,0x0834,0x0ee2,0x0000} }, /* U+7162 煢 */
    { 0x7164u, {0x0c38,0x0300,0x00fe,0x0920,0x0914,0x057f,0x0354,0x0fd4,0x0154,0x057f,0x0904,0x0000} }, /* U+7164 煤 */
    { 0x7165u, {0x0c38,0x0300,0x00fe,0x0908,0x09fc,0x054a,0x033a,0x018a,0x037e,0x054a,0x09f8,0x0000} }, /* U+7165 煥 */
    { 0x7166u, {0x09fe,0x0512,0x0112,0x05fe,0x0808,0x00f7,0x0494,0x08f4,0x0104,0x0504,0x08fc,0x0000} }, /* U+7166 煦 */
    { 0x7167u, {0x08fe,0x0492,0x0092,0x04fe,0x0800,0x01d2,0x054a,0x0946,0x0152,0x0552,0x09ce,0x0000} }, /* U+7167 照 */
    { 0x7169u, {0x0c78,0x0300,0x00fe,0x0b10,0x0802,0x07fa,0x02aa,0x02ae,0x02aa,0x06aa,0x0bfa,0x0000} }, /* U+7169 煩 */
    { 0x716cu, {0x0c38,0x0300,0x00fe,0x0100,0x04be,0x02ea,0x09aa,0x04aa,0x0baa,0x08be,0x07a0,0x0000} }, /* U+716C 煬 */
    { 0x716eu, {0x0890,0x0494,0x0054,0x05f4,0x095f,0x0154,0x0554,0x095c,0x01f4,0x0412,0x0810,0x0000} }, /* U+716E 煮 */
    { 0x717du, {0x0c78,0x0300,0x08fe,0x0500,0x02fa,0x08aa,0x0faa,0x042a,0x02aa,0x08ba,0x0f82,0x0000} }, /* U+717D 煽 */
    { 0x7184u, {0x0c38,0x0300,0x00fe,0x0710,0x0008,0x06fc,0x0894,0x0996,0x0895,0x0294,0x04fc,0x0000} }, /* U+7184 熄 */
    { 0x7188u, {0x09fe,0x0400,0x01fe,0x054a,0x09ce,0x017a,0x0400,0x09fe,0x0112,0x0512,0x09de,0x0000} }, /* U+7188 熈 */
    { 0x718au, {0x09fc,0x04aa,0x00a9,0x04a8,0x09fc,0x0000,0x05ff,0x0954,0x0154,0x0552,0x095a,0x0000} }, /* U+718A 熊 */
    { 0x718fu, {0x0908,0x057a,0x014a,0x055a,0x094a,0x01fe,0x054a,0x095a,0x014a,0x057a,0x0908,0x0000} }, /* U+718F 熏 */
    { 0x7194u, {0x0c70,0x0300,0x00fe,0x0124,0x0f94,0x094c,0x0927,0x0924,0x094c,0x0f94,0x012c,0x0000} }, /* U+7194 熔 */
    { 0x7195u, {0x0c38,0x0300,0x00fe,0x0320,0x0812,0x0bfa,0x06aa,0x02ae,0x02aa,0x06aa,0x0bfa,0x0000} }, /* U+7195 熕 */
    { 0x7199u, {0x09fe,0x0502,0x017a,0x05ce,0x097a,0x0000,0x05fe,0x0912,0x0112,0x0512,0x099e,0x0000} }, /* U+7199 熙 */
    { 0x719fu, {0x0844,0x055c,0x01d7,0x0474,0x085c,0x0194,0x0464,0x089f,0x0104,0x047c,0x0980,0x0000} }, /* U+719F 熟 */
    { 0x71a8u, {0x085e,0x0a2a,0x094a,0x047a,0x040a,0x032e,0x0444,0x0404,0x0a44,0x097f,0x0804,0x0000} }, /* U+71A8 熨 */
    { 0x71acu, {0x0894,0x0454,0x017f,0x0554,0x08d4,0x0130,0x050f,0x08a4,0x0044,0x04bc,0x0904,0x0000} }, /* U+71AC 熬 */
    { 0x71b1u, {0x0954,0x0534,0x01d4,0x057f,0x0854,0x0194,0x0464,0x089f,0x0104,0x047c,0x0980,0x0000} }, /* U+71B1 熱 */
    { 0x71b9u, {0x0844,0x0454,0x01d4,0x0574,0x0954,0x015f,0x0554,0x0974,0x01d4,0x0454,0x0844,0x0000} }, /* U+71B9 熹 */
    { 0x71beu, {0x0c38,0x0300,0x00fe,0x0124,0x0fbc,0x0aa7,0x0fbc,0x0824,0x04fe,0x0310,0x0cd6,0x0000} }, /* U+71BE 熾 */
    { 0x71c3u, {0x0c38,0x0300,0x00fe,0x0910,0x04ae,0x0042,0x053e,0x0888,0x007f,0x0488,0x090e,0x0000} }, /* U+71C3 燃 */
    { 0x71c8u, {0x0c38,0x0300,0x00fe,0x0300,0x084a,0x0bb2,0x0eaa,0x0aa6,0x0aa8,0x0eb4,0x0baa,0x0000} }, /* U+71C8 燈 */
    { 0x71c9u, {0x0c38,0x0300,0x00fe,0x0204,0x0a74,0x0f57,0x02f4,0x0a14,0x04cf,0x0304,0x0cfc,0x0000} }, /* U+71C9 燉 */
    { 0x71ceu, {0x0c38,0x0300,0x00fe,0x0944,0x042c,0x01f4,0x095c,0x0f57,0x0154,0x055c,0x09f4,0x0000} }, /* U+71CE 燎 */
    { 0x71d0u, {0x0c38,0x0300,0x00fe,0x0100,0x0a28,0x09de,0x0648,0x03ff,0x0288,0x0fdc,0x02aa,0x0000} }, /* U+71D0 燐 */
    { 0x71d2u, {0x0c38,0x0300,0x00fe,0x0910,0x0954,0x05f4,0x0354,0x011f,0x0f54,0x09f4,0x0d54,0x0000} }, /* U+71D2 燒 */
    { 0x71d4u, {0x0c38,0x0300,0x00fe,0x0090,0x0fd6,0x0aba,0x0a92,0x0ffe,0x0a9a,0x0ab6,0x0fd2,0x0000} }, /* U+71D4 燔 */
    { 0x71d5u, {0x0924,0x04a4,0x01f4,0x0407,0x09dc,0x0154,0x05dc,0x0807,0x01f4,0x0524,0x0994,0x0000} }, /* U+71D5 燕 */
    { 0x71d7u, {0x0c78,0x0300,0x00fe,0x0100,0x0ffe,0x082a,0x0ffe,0x0540,0x0ffe,0x002a,0x0ffe,0x0000} }, /* U+71D7 燗 */
    { 0x71dfu, {0x00e4,0x0032,0x0e28,0x0ae7,0x0aa8,0x0bb6,0x0aa8,0x0ae7,0x0e28,0x0034,0x00e2,0x0000} }, /* U+71DF 營 */
    { 0x71e0u, {0x0c38,0x0300,0x00fe,0x0b00,0x0afc,0x06ac,0x0254,0x03ff,0x0254,0x06ac,0x0afc,0x0000} }, /* U+71E0 燠 */
    { 0x71e5u, {0x0c70,0x0300,0x00fe,0x0900,0x0978,0x054e,0x037a,0x0f8a,0x017a,0x054e,0x0978,0x0000} }, /* U+71E5 燥 */
    { 0x71e6u, {0x0c78,0x0300,0x00fe,0x0b10,0x095f,0x05aa,0x031a,0x0fe0,0x011a,0x05a2,0x095e,0x0000} }, /* U+71E6 燦 */
    { 0x71e7u, {0x0c38,0x0300,0x08fe,0x0924,0x0748,0x0498,0x0952,0x0ab2,0x0bd2,0x0896,0x0958,0x0000} }, /* U+71E7 燧 */
    { 0x71ecu, {0x0c38,0x0300,0x00fe,0x0900,0x093e,0x0fea,0x0920,0x08be,0x0782,0x0482,0x0bbe,0x0000} }, /* U+71EC 燬 */
    { 0x71edu, {0x0c38,0x0300,0x00fe,0x0300,0x04fe,0x04aa,0x07ee,0x04aa,0x06ee,0x082a,0x0fee,0x0000} }, /* U+71ED 燭 */
    { 0x71eeu, {0x094c,0x0920,0x0b1f,0x0524,0x05ea,0x052a,0x05ea,0x0524,0x0b1f,0x0920,0x094c,0x0000} }, /* U+71EE 燮 */
    { 0x71f5u, {0x0c38,0x0300,0x08fe,0x0924,0x0748,0x0410,0x0954,0x0974,0x0bdf,0x0954,0x0974,0x0000} }, /* U+71F5 燵 */
    { 0x71f9u, {0x082a,0x0a56,0x097a,0x0412,0x042a,0x0380,0x042a,0x0456,0x0a7a,0x0912,0x082a,0x0000} }, /* U+71F9 燹 */
    { 0x71fbu, {0x0c38,0x0300,0x00fe,0x0908,0x057a,0x015a,0x0d4a,0x01fe,0x0d5a,0x014a,0x0d7a,0x0000} }, /* U+71FB 燻 */
    { 0x71fcu, {0x0c38,0x0300,0x00fe,0x0988,0x0f6a,0x092a,0x0f6a,0x09be,0x0f2a,0x096a,0x0fbe,0x0000} }, /* U+71FC 燼 */
    { 0x71ffu, {0x0c38,0x0300,0x00fe,0x0100,0x022a,0x0fd2,0x0abe,0x0aaa,0x0fd6,0x0a8a,0x0abe,0x0000} }, /* U+71FF 燿 */
    { 0x7206u, {0x0c78,0x0300,0x00fe,0x01a0,0x0aae,0x05fa,0x08aa,0x0eaa,0x00fa,0x05aa,0x0aae,0x0000} }, /* U+7206 爆 */
    { 0x720du, {0x0c38,0x0300,0x00fe,0x0900,0x096a,0x0554,0x037e,0x0fd5,0x017c,0x0554,0x096a,0x0000} }, /* U+720D 爍 */
    { 0x7210u, {0x0c38,0x0300,0x00fe,0x0980,0x0e7c,0x0bc4,0x0e57,0x0bfd,0x0e55,0x0bd5,0x0e4c,0x0000} }, /* U+7210 爐 */
    { 0x721bu, {0x0c38,0x0300,0x00fe,0x0100,0x0ffe,0x08aa,0x07be,0x0280,0x0ffe,0x02aa,0x0ffe,0x0000} }, /* U+721B 爛 */
    { 0x7228u, {0x0b60,0x09be,0x0b6a,0x0520,0x057e,0x03aa,0x057e,0x0520,0x0b6a,0x09be,0x0b60,0x0000} }, /* U+7228 爨 */
    { 0x722au, {0x0e00,0x01fe,0x0002,0x0002,0x0ffe,0x0002,0x0002,0x0002,0x007e,0x0382,0x0c02,0x0000} }, /* U+722A 爪 */
    { 0x722cu, {0x0ffe,0x0002,0x0ffe,0x0002,0x00fe,0x0302,0x047e,0x0492,0x089e,0x0892,0x08de,0x0000} }, /* U+722C 爬 */
    { 0x722du, {0x0048,0x0156,0x0152,0x0952,0x0956,0x0ffa,0x0152,0x0152,0x0156,0x01fa,0x0050,0x0000} }, /* U+722D 爭 */
    { 0x7230u, {0x0258,0x0a46,0x0a52,0x0952,0x0bd6,0x057a,0x0552,0x0552,0x0b56,0x084a,0x0850,0x0000} }, /* U+7230 爰 */
    { 0x7232u, {0x0418,0x0206,0x09f2,0x0552,0x0156,0x0d5a,0x0152,0x0d52,0x0176,0x09ca,0x0f10,0x0000} }, /* U+7232 爲 */
    { 0x7235u, {0x0ffa,0x0aaa,0x0aae,0x06ba,0x0bea,0x08ae,0x01aa,0x02ba,0x08ae,0x0fea,0x00ba,0x0000} }, /* U+7235 爵 */
    { 0x7236u, {0x0820,0x0810,0x0408,0x0446,0x0280,0x0100,0x0280,0x0446,0x0408,0x0810,0x0820,0x0000} }, /* U+7236 父 */
    { 0x723au, {0x0424,0x07e4,0x02a4,0x02aa,0x0ffa,0x0010,0x0ffa,0x002a,0x0424,0x04a4,0x0364,0x0000} }, /* U+723A 爺 */
    { 0x723bu, {0x0820,0x0822,0x0822,0x04d4,0x0514,0x0208,0x0508,0x04d4,0x0814,0x0822,0x0820,0x0000} }, /* U+723B 爻 */
    { 0x723cu, {0x08a2,0x0514,0x0208,0x0514,0x08a2,0x0800,0x0ffe,0x0892,0x0892,0x0892,0x0ffe,0x0000} }, /* U+723C 爼 */
    { 0x723du, {0x0804,0x0954,0x04a4,0x0454,0x0204,0x01ff,0x0204,0x0454,0x04a4,0x0954,0x0804,0x0000} }, /* U+723D 爽 */
    { 0x723eu, {0x0ff2,0x055a,0x0296,0x0292,0x0552,0x0ffe,0x0552,0x0292,0x0296,0x055a,0x0ff2,0x0000} }, /* U+723E 爾 */
    { 0x723fu, {0x0800,0x0880,0x049e,0x0390,0x0090,0x0090,0x0090,0x0090,0x0fff,0x0000,0x0000,0x0000} }, /* U+723F 爿 */
    { 0x7240u, {0x0c9e,0x0390,0x0090,0x0ffe,0x0208,0x0108,0x0088,0x0048,0x0fff,0x0088,0x0108,0x0000} }, /* U+7240 牀 */
    { 0x7246u, {0x0f9e,0x0090,0x0ffe,0x0000,0x0fa4,0x089c,0x0ba4,0x0aff,0x0ba4,0x089c,0x0fa4,0x0000} }, /* U+7246 牆 */
    { 0x7247u, {0x0000,0x0c00,0x03fe,0x0090,0x0090,0x0090,0x009f,0x0090,0x0f90,0x0010,0x0010,0x0000} }, /* U+7247 片 */
    { 0x7248u, {0x0ffe,0x0090,0x0f9e,0x0010,0x0980,0x087e,0x0412,0x0592,0x0212,0x05f2,0x0802,0x0000} }, /* U+7248 版 */
    { 0x724bu, {0x0ffe,0x0090,0x0f9e,0x0810,0x08a4,0x09e4,0x06af,0x0494,0x0ad4,0x09ac,0x0cb6,0x0000} }, /* U+724B 牋 */
    { 0x724cu, {0x0ffe,0x0090,0x0f9e,0x0010,0x04fc,0x0694,0x0596,0x04fd,0x0f94,0x0494,0x04fc,0x0000} }, /* U+724C 牌 */
    { 0x7252u, {0x0ffe,0x0090,0x0f9e,0x0010,0x0904,0x057e,0x0344,0x0fdf,0x0154,0x055e,0x0944,0x0000} }, /* U+7252 牒 */
    { 0x7258u, {0x0ffe,0x0090,0x0f9e,0x0810,0x0874,0x07d4,0x0574,0x055f,0x0574,0x0fd4,0x0874,0x0000} }, /* U+7258 牘 */
    { 0x7259u, {0x0420,0x0422,0x023e,0x0222,0x0122,0x08a2,0x0862,0x0ffe,0x0022,0x0022,0x0020,0x0000} }, /* U+7259 牙 */
    { 0x725bu, {0x00b0,0x008e,0x0088,0x0088,0x0088,0x0fff,0x0088,0x0088,0x0088,0x0088,0x0080,0x0000} }, /* U+725B 牛 */
    { 0x725du, {0x013e,0x0108,0x0ffe,0x0088,0x0088,0x0000,0x0fff,0x0840,0x0820,0x0810,0x0e08,0x0000} }, /* U+725D 牝 */
    { 0x725fu, {0x0308,0x0288,0x0268,0x024c,0x024b,0x0ff8,0x0248,0x024a,0x024c,0x0248,0x0210,0x0000} }, /* U+725F 牟 */
    { 0x7261u, {0x013e,0x0108,0x0ffe,0x0088,0x0088,0x0810,0x0810,0x0810,0x0fff,0x0810,0x0810,0x0000} }, /* U+7261 牡 */
    { 0x7262u, {0x019c,0x0144,0x0134,0x0124,0x0124,0x0fff,0x0124,0x0124,0x0124,0x0124,0x011c,0x0000} }, /* U+7262 牢 */
    { 0x7267u, {0x013e,0x0108,0x0ffe,0x0088,0x0888,0x0830,0x040f,0x04c4,0x0304,0x04fc,0x0804,0x0000} }, /* U+7267 牧 */
    { 0x7269u, {0x013e,0x0108,0x0ffe,0x0090,0x018f,0x0064,0x031c,0x08c4,0x083c,0x0404,0x03fc,0x0000} }, /* U+7269 物 */
    { 0x7272u, {0x013e,0x0108,0x0ffe,0x0088,0x0800,0x089e,0x0888,0x0888,0x0fff,0x0888,0x0888,0x0000} }, /* U+7272 牲 */
    { 0x7274u, {0x013e,0x0108,0x0ffe,0x0088,0x0800,0x0bfc,0x0a24,0x0a24,0x083c,0x08e2,0x0b22,0x0000} }, /* U+7274 牴 */
    { 0x7279u, {0x013e,0x0108,0x0ffe,0x0088,0x00a4,0x02a4,0x04a4,0x00bf,0x08a4,0x0fe4,0x00a4,0x0000} }, /* U+7279 特 */
    { 0x727du, {0x0264,0x0324,0x02e4,0x02b4,0x02ac,0x0fa7,0x02b4,0x02ec,0x02a4,0x02a4,0x0264,0x0000} }, /* U+727D 牽 */
    { 0x727eu, {0x013e,0x0108,0x0ffe,0x0088,0x0000,0x0f4a,0x097a,0x094e,0x094a,0x094a,0x0f7a,0x0000} }, /* U+727E 牾 */
    { 0x7280u, {0x0600,0x01fe,0x04aa,0x06aa,0x05aa,0x050a,0x0ffa,0x050a,0x05aa,0x04aa,0x04ae,0x0000} }, /* U+7280 犀 */
    { 0x7281u, {0x064a,0x05aa,0x051a,0x057e,0x052a,0x0fca,0x0500,0x053e,0x0500,0x0540,0x047e,0x0000} }, /* U+7281 犁 */
    { 0x7282u, {0x064a,0x05aa,0x051a,0x057e,0x052a,0x0fc8,0x0527,0x051c,0x0544,0x0544,0x043c,0x0000} }, /* U+7282 犂 */
    { 0x7287u, {0x0590,0x051e,0x0fd4,0x0514,0x0514,0x007f,0x0594,0x0514,0x0fd4,0x0514,0x0510,0x0000} }, /* U+7287 犇 */
    { 0x7292u, {0x013e,0x0108,0x0ffe,0x0088,0x0fc4,0x005c,0x0754,0x0557,0x0754,0x085c,0x0fc4,0x0000} }, /* U+7292 犒 */
    { 0x7296u, {0x04e4,0x0632,0x05e8,0x04a7,0x04a8,0x0ff6,0x04a8,0x04a7,0x04a8,0x0434,0x04e2,0x0000} }, /* U+7296 犖 */
    { 0x72a0u, {0x013e,0x0108,0x0ffe,0x0088,0x0544,0x0fd7,0x0554,0x09fc,0x0b56,0x0555,0x0b54,0x0000} }, /* U+72A0 犠 */
    { 0x72a2u, {0x013e,0x0108,0x0ffe,0x0888,0x0874,0x07d4,0x0574,0x055f,0x0574,0x0fd4,0x0874,0x0000} }, /* U+72A2 犢 */
    { 0x72a7u, {0x013e,0x0108,0x0ffe,0x0148,0x0bd4,0x0a77,0x06d4,0x085c,0x05f6,0x0255,0x0dd4,0x0000} }, /* U+72A7 犧 */
    { 0x72acu, {0x0810,0x0810,0x0410,0x0210,0x0190,0x007f,0x0190,0x0210,0x0412,0x0814,0x0810,0x0000} }, /* U+72AC 犬 */
    { 0x72afu, {0x0924,0x0898,0x07e6,0x0000,0x0000,0x0ffe,0x0802,0x0842,0x0842,0x087e,0x0e00,0x0000} }, /* U+72AF 犯 */
    { 0x72b2u, {0x0924,0x0898,0x07e6,0x0000,0x0208,0x0108,0x0088,0x0848,0x0828,0x0fff,0x0008,0x0000} }, /* U+72B2 犲 */
    { 0x72b6u, {0x0208,0x0110,0x0ffe,0x0800,0x0810,0x0410,0x0310,0x00ff,0x0310,0x0412,0x0814,0x0000} }, /* U+72B6 状 */
    { 0x72b9u, {0x0924,0x0898,0x07e6,0x0000,0x0c08,0x0308,0x00c8,0x003f,0x0fe8,0x0808,0x0e0e,0x0000} }, /* U+72B9 犹 */
    { 0x72c2u, {0x0924,0x0898,0x07e6,0x0000,0x0842,0x0842,0x0842,0x0ffe,0x0842,0x0842,0x0842,0x0000} }, /* U+72C2 狂 */
    { 0x72c3u, {0x0924,0x0898,0x07e6,0x0800,0x0842,0x0fc2,0x087e,0x0842,0x0842,0x0ffe,0x0840,0x0000} }, /* U+72C3 狃 */
    { 0x72c4u, {0x0924,0x0898,0x07e6,0x0800,0x0860,0x0418,0x0300,0x00ff,0x0300,0x0460,0x0818,0x0000} }, /* U+72C4 狄 */
    { 0x72c6u, {0x0924,0x0898,0x07e6,0x0000,0x00f8,0x0088,0x0088,0x0fff,0x0088,0x0088,0x00f8,0x0000} }, /* U+72C6 狆 */
    { 0x72ceu, {0x0924,0x0898,0x07e6,0x0000,0x01fe,0x0112,0x0112,0x0ffe,0x0112,0x0112,0x01fe,0x0000} }, /* U+72CE 狎 */
    { 0x72d0u, {0x0924,0x0898,0x07e6,0x0c00,0x03fe,0x0402,0x07fe,0x0402,0x063e,0x01c2,0x0e02,0x0000} }, /* U+72D0 狐 */
    { 0x72d2u, {0x0924,0x0898,0x07e6,0x0800,0x08f4,0x0494,0x03ff,0x0094,0x0fff,0x0494,0x039c,0x0000} }, /* U+72D2 狒 */
    { 0x72d7u, {0x0924,0x0898,0x07e6,0x0000,0x0018,0x01e7,0x0124,0x09e4,0x0804,0x0404,0x03fc,0x0000} }, /* U+72D7 狗 */
    { 0x72d9u, {0x0924,0x0898,0x07e6,0x0000,0x0800,0x0ffe,0x0892,0x0892,0x0892,0x0892,0x0ffe,0x0000} }, /* U+72D9 狙 */
    { 0x72dbu, {0x0924,0x0898,0x07e6,0x0000,0x0ff8,0x0888,0x088c,0x088b,0x0888,0x0888,0x0ff8,0x0000} }, /* U+72DB 狛 */
    { 0x72e0u, {0x0924,0x0898,0x07e6,0x0000,0x0ffe,0x084a,0x084a,0x01ca,0x024a,0x057e,0x0880,0x0000} }, /* U+72E0 狠 */
    { 0x72e1u, {0x0924,0x0898,0x07e6,0x0000,0x0824,0x0894,0x0504,0x0207,0x0304,0x0494,0x0824,0x0000} }, /* U+72E1 狡 */
    { 0x72e2u, {0x0924,0x0898,0x07e6,0x0000,0x0110,0x0f88,0x0957,0x0924,0x0924,0x0954,0x0f8c,0x0000} }, /* U+72E2 狢 */
    { 0x72e9u, {0x0924,0x0898,0x07e6,0x0000,0x005c,0x0144,0x0244,0x0047,0x0844,0x0fe4,0x005c,0x0000} }, /* U+72E9 狩 */
    { 0x72ecu, {0x0924,0x0898,0x07e6,0x0000,0x08f8,0x0888,0x0888,0x0fff,0x0888,0x0888,0x0ef8,0x0000} }, /* U+72EC 独 */
    { 0x72edu, {0x0924,0x0898,0x07e6,0x0800,0x0894,0x04a4,0x0284,0x01ff,0x0284,0x04a4,0x0894,0x0000} }, /* U+72ED 狭 */
    { 0x72f7u, {0x0924,0x0898,0x07e6,0x0000,0x0000,0x0fee,0x02aa,0x02aa,0x02aa,0x0aaa,0x0fee,0x0000} }, /* U+72F7 狷 */
    { 0x72f8u, {0x0924,0x0898,0x07e6,0x0000,0x097e,0x094a,0x094a,0x0ffe,0x094a,0x094a,0x097e,0x0000} }, /* U+72F8 狸 */
    { 0x72f9u, {0x0924,0x0898,0x07e6,0x0800,0x08c4,0x0434,0x0244,0x01ff,0x0244,0x0434,0x08c4,0x0000} }, /* U+72F9 狹 */
    { 0x72fcu, {0x0924,0x0898,0x07e6,0x0000,0x0ffc,0x0894,0x0894,0x0397,0x0494,0x0afc,0x0900,0x0000} }, /* U+72FC 狼 */
    { 0x72fdu, {0x0924,0x0898,0x07e6,0x0000,0x0800,0x09fe,0x052a,0x012a,0x012a,0x052a,0x09fe,0x0000} }, /* U+72FD 狽 */
    { 0x730au, {0x0924,0x0898,0x07e6,0x0800,0x0800,0x04fe,0x0392,0x0081,0x0f90,0x0892,0x0cfe,0x0000} }, /* U+730A 猊 */
    { 0x7316u, {0x0924,0x0898,0x07e6,0x0000,0x0f80,0x0abe,0x0aaa,0x0aaa,0x0aaa,0x0abe,0x0f80,0x0000} }, /* U+7316 猖 */
    { 0x7317u, {0x0924,0x0898,0x07e6,0x0000,0x0064,0x0754,0x054c,0x0747,0x004c,0x0854,0x0fe4,0x0000} }, /* U+7317 猗 */
    { 0x731bu, {0x0924,0x0898,0x07e6,0x0800,0x0f20,0x0922,0x0f22,0x09f2,0x0f2a,0x0926,0x0f20,0x0000} }, /* U+731B 猛 */
    { 0x731cu, {0x0924,0x0898,0x07e6,0x0000,0x0fd4,0x0254,0x0254,0x03ff,0x0254,0x0a54,0x0fd4,0x0000} }, /* U+731C 猜 */
    { 0x731du, {0x0924,0x0898,0x07e6,0x0000,0x0164,0x011c,0x0124,0x0fc7,0x0124,0x011c,0x0164,0x0000} }, /* U+731D 猝 */
    { 0x731fu, {0x0924,0x0898,0x07e6,0x0000,0x0ffa,0x012c,0x0129,0x0ffa,0x0128,0x03fc,0x0c02,0x0000} }, /* U+731F 猟 */
    { 0x7325u, {0x0924,0x0898,0x07e6,0x0000,0x08be,0x0faa,0x08aa,0x03be,0x04aa,0x0aaa,0x09be,0x0000} }, /* U+7325 猥 */
    { 0x7329u, {0x0924,0x0898,0x07e6,0x0000,0x0900,0x0afe,0x0aaa,0x0aaa,0x0fea,0x0aaa,0x0abe,0x0000} }, /* U+7329 猩 */
    { 0x732au, {0x0924,0x0898,0x07e6,0x0000,0x0124,0x0fa4,0x0ae4,0x0abf,0x0aa4,0x0ab4,0x0fac,0x0000} }, /* U+732A 猪 */
    { 0x732bu, {0x0924,0x0898,0x07e6,0x0000,0x0fe4,0x0924,0x092f,0x0fe4,0x0924,0x092f,0x0fe4,0x0000} }, /* U+732B 猫 */
    { 0x732eu, {0x0ff4,0x0294,0x07df,0x02b4,0x0a94,0x0ff4,0x0410,0x0310,0x00ff,0x0310,0x0c16,0x0000} }, /* U+732E 献 */
    { 0x732fu, {0x0924,0x0898,0x07e6,0x0000,0x0fae,0x00a8,0x07e8,0x00af,0x07a8,0x08a8,0x0fae,0x0000} }, /* U+732F 猯 */
    { 0x7334u, {0x0924,0x0898,0x07e6,0x0020,0x0ff8,0x0916,0x0972,0x0552,0x03d2,0x055e,0x0950,0x0000} }, /* U+7334 猴 */
    { 0x7336u, {0x0924,0x0898,0x07e6,0x0000,0x0ff4,0x0a97,0x0a7c,0x0a14,0x0afe,0x0a95,0x0ff4,0x0000} }, /* U+7336 猶 */
    { 0x7337u, {0x0ff4,0x0a9f,0x0a74,0x0a9e,0x0a95,0x0ff4,0x0410,0x0310,0x00ff,0x0310,0x0c16,0x0000} }, /* U+7337 猷 */
    { 0x733eu, {0x0924,0x0898,0x07e6,0x0000,0x0060,0x0fbe,0x02a2,0x02ba,0x0aaa,0x0fbe,0x0060,0x0000} }, /* U+733E 猾 */
    { 0x733fu, {0x0924,0x0898,0x07e6,0x0210,0x0a14,0x0ef4,0x0994,0x089f,0x0394,0x04f4,0x0b14,0x0000} }, /* U+733F 猿 */
    { 0x7344u, {0x0924,0x0898,0x07e6,0x0008,0x0f2a,0x092a,0x092a,0x0f10,0x00ff,0x0310,0x0c16,0x0000} }, /* U+7344 獄 */
    { 0x7345u, {0x0924,0x0898,0x07e6,0x0000,0x0ffe,0x08a5,0x0fbe,0x0012,0x0ffe,0x0412,0x07f2,0x0000} }, /* U+7345 獅 */
    { 0x734eu, {0x0956,0x0934,0x0514,0x057e,0x0300,0x01b4,0x0354,0x051a,0x0556,0x097a,0x0996,0x0000} }, /* U+734E 獎 */
    { 0x734fu, {0x0924,0x0898,0x07e6,0x0000,0x0904,0x09f4,0x055f,0x0354,0x0154,0x055f,0x09f4,0x0000} }, /* U+734F 獏 */
    { 0x7357u, {0x0924,0x0898,0x07e6,0x0c9a,0x03f2,0x009e,0x0cd2,0x030e,0x00fa,0x030a,0x0c7a,0x0000} }, /* U+7357 獗 */
    { 0x7363u, {0x0efb,0x0aa8,0x0afb,0x0aa8,0x0efa,0x0801,0x0410,0x0310,0x00ff,0x0310,0x0c16,0x0000} }, /* U+7363 獣 */
    { 0x7368u, {0x0924,0x0898,0x07e6,0x0040,0x0bae,0x0aba,0x0fee,0x0aaa,0x07ae,0x082a,0x0fee,0x0000} }, /* U+7368 獨 */
    { 0x736au, {0x0924,0x0898,0x07e6,0x0008,0x00e4,0x0faa,0x0aea,0x0aaa,0x0aea,0x0faa,0x00ec,0x0000} }, /* U+736A 獪 */
    { 0x7370u, {0x0924,0x0898,0x07e6,0x0214,0x0384,0x02bc,0x0ba4,0x0eaf,0x03a4,0x0294,0x03ac,0x0000} }, /* U+7370 獰 */
    { 0x7372u, {0x0924,0x0898,0x07e6,0x0000,0x0924,0x0bf4,0x055f,0x0554,0x05f4,0x0b5f,0x0954,0x0000} }, /* U+7372 獲 */
    { 0x7375u, {0x0924,0x0898,0x07e4,0x0802,0x0ffd,0x0548,0x085a,0x0fed,0x0558,0x03ca,0x0c7d,0x0000} }, /* U+7375 獵 */
    { 0x7378u, {0x0efe,0x0aaa,0x0afe,0x0aaa,0x0efa,0x088e,0x0410,0x0310,0x00ff,0x0310,0x0c16,0x0000} }, /* U+7378 獸 */
    { 0x737au, {0x0924,0x0898,0x07f6,0x0254,0x0fff,0x0154,0x0bf2,0x06aa,0x02a6,0x06aa,0x0bee,0x0000} }, /* U+737A 獺 */
    { 0x737bu, {0x0ffc,0x0554,0x03ff,0x0d55,0x05d5,0x0f5c,0x0410,0x0310,0x00ff,0x0310,0x0c16,0x0000} }, /* U+737B 獻 */
    { 0x7384u, {0x0004,0x0804,0x0c44,0x0aa4,0x0914,0x088f,0x0844,0x0424,0x0394,0x0c04,0x0004,0x0000} }, /* U+7384 玄 */
    { 0x7387u, {0x0284,0x024c,0x0214,0x0284,0x02d4,0x0faf,0x0294,0x02c4,0x0214,0x024c,0x0284,0x0000} }, /* U+7387 率 */
    { 0x7389u, {0x0802,0x0842,0x0842,0x0842,0x0842,0x0ffe,0x0842,0x0842,0x0842,0x0942,0x0a02,0x0000} }, /* U+7389 玉 */
    { 0x738bu, {0x0802,0x0842,0x0842,0x0842,0x0842,0x0ffe,0x0842,0x0842,0x0842,0x0842,0x0802,0x0000} }, /* U+738B 王 */
    { 0x7396u, {0x0224,0x03fc,0x0a24,0x0804,0x0460,0x041f,0x0204,0x0104,0x02c4,0x043c,0x0800,0x0000} }, /* U+7396 玖 */
    { 0x73a9u, {0x0224,0x0224,0x09fc,0x0924,0x0422,0x03e2,0x0022,0x0022,0x0fe2,0x0822,0x0c22,0x0000} }, /* U+73A9 玩 */
    { 0x73b2u, {0x0444,0x07fc,0x0444,0x0000,0x0098,0x0094,0x0f92,0x0092,0x0492,0x0494,0x0388,0x0000} }, /* U+73B2 玲 */
    { 0x73b3u, {0x0444,0x0444,0x03fc,0x0244,0x0020,0x0ff8,0x0016,0x0010,0x007f,0x0390,0x0c16,0x0000} }, /* U+73B3 玳 */
    { 0x73bbu, {0x0444,0x07fc,0x0444,0x0200,0x09fc,0x0824,0x04a4,0x053f,0x0224,0x05e4,0x080c,0x0000} }, /* U+73BB 玻 */
    { 0x73c0u, {0x0444,0x0444,0x03fc,0x0244,0x0000,0x0ff8,0x088c,0x088b,0x0888,0x0888,0x0ff8,0x0000} }, /* U+73C0 珀 */
    { 0x73c2u, {0x0444,0x07fc,0x0444,0x0002,0x01f2,0x0112,0x01f2,0x0802,0x0802,0x0ffe,0x0002,0x0000} }, /* U+73C2 珂 */
    { 0x73c8u, {0x0444,0x07fc,0x0444,0x0188,0x087f,0x0808,0x07f8,0x0000,0x0ffc,0x0804,0x0ffc,0x0000} }, /* U+73C8 珈 */
    { 0x73cau, {0x0424,0x07fc,0x0424,0x0040,0x0ffe,0x0042,0x07fe,0x0042,0x07fe,0x0842,0x0ffe,0x0000} }, /* U+73CA 珊 */
    { 0x73cdu, {0x0444,0x07fc,0x0444,0x0000,0x0808,0x0924,0x0922,0x0922,0x0492,0x0494,0x0208,0x0000} }, /* U+73CD 珍 */
    { 0x73ceu, {0x0444,0x0444,0x07fc,0x0444,0x0130,0x008f,0x0844,0x0804,0x0ffc,0x0044,0x0184,0x0000} }, /* U+73CE 珎 */
    { 0x73deu, {0x0444,0x0444,0x03fc,0x0244,0x0110,0x0f88,0x0957,0x0924,0x0924,0x0954,0x0f8c,0x0000} }, /* U+73DE 珞 */
    { 0x73e0u, {0x0444,0x0444,0x03fc,0x0244,0x0400,0x045e,0x0248,0x0148,0x0fff,0x0248,0x0448,0x0000} }, /* U+73E0 珠 */
    { 0x73e5u, {0x0444,0x07fc,0x0444,0x0402,0x07fe,0x024a,0x024a,0x024a,0x024a,0x0ffe,0x0102,0x0000} }, /* U+73E5 珥 */
    { 0x73eau, {0x0444,0x07fc,0x0444,0x0404,0x0820,0x0924,0x0924,0x0fff,0x0924,0x0924,0x0924,0x0000} }, /* U+73EA 珪 */
    { 0x73edu, {0x0842,0x0ffe,0x0842,0x0802,0x00fc,0x0c00,0x03fe,0x0842,0x0842,0x0ffe,0x0842,0x0000} }, /* U+73ED 班 */
    { 0x73eeu, {0x0444,0x07fc,0x0c44,0x03fe,0x0002,0x07ea,0x002a,0x0ffa,0x002a,0x01fe,0x0e00,0x0000} }, /* U+73EE 珮 */
    { 0x73f1u, {0x0444,0x07fc,0x0444,0x0000,0x084e,0x0b40,0x04e0,0x044e,0x0640,0x09d8,0x0846,0x0000} }, /* U+73F1 珱 */
    { 0x73f8u, {0x0444,0x0444,0x03fc,0x0244,0x0000,0x0f4a,0x097a,0x094e,0x094a,0x094a,0x0f7a,0x0000} }, /* U+73F8 珸 */
    { 0x73feu, {0x0444,0x0444,0x03fc,0x0a44,0x0800,0x05fe,0x032a,0x012a,0x0f2a,0x092a,0x0dfe,0x0000} }, /* U+73FE 現 */
    { 0x7403u, {0x0444,0x07fc,0x0444,0x0408,0x0228,0x0148,0x0808,0x0fff,0x0108,0x024a,0x0424,0x0000} }, /* U+7403 球 */
    { 0x7405u, {0x0444,0x0444,0x03fc,0x0244,0x0000,0x0ffc,0x0854,0x09d7,0x0254,0x0454,0x0b7c,0x0000} }, /* U+7405 琅 */
    { 0x7406u, {0x0444,0x07fc,0x0444,0x0000,0x097e,0x094a,0x094a,0x0ffe,0x094a,0x094a,0x097e,0x0000} }, /* U+7406 理 */
    { 0x7409u, {0x0444,0x07fc,0x0444,0x0000,0x0c24,0x03b4,0x002f,0x0fa4,0x0024,0x0f9c,0x0864,0x0000} }, /* U+7409 琉 */
    { 0x7422u, {0x0444,0x07fc,0x0444,0x0482,0x0492,0x0252,0x0a4a,0x092e,0x07f2,0x0122,0x0612,0x0000} }, /* U+7422 琢 */
    { 0x7425u, {0x0444,0x07fc,0x0444,0x0200,0x09f8,0x0828,0x06ff,0x00aa,0x0faa,0x08aa,0x0c98,0x0000} }, /* U+7425 琥 */
    { 0x7432u, {0x0444,0x07fc,0x0444,0x0800,0x0924,0x0524,0x03fe,0x0000,0x0fff,0x0224,0x0224,0x0000} }, /* U+7432 琲 */
    { 0x7433u, {0x0444,0x07fc,0x0444,0x0088,0x0048,0x0fff,0x0088,0x0048,0x0fff,0x0088,0x0108,0x0000} }, /* U+7433 琳 */
    { 0x7434u, {0x0222,0x012a,0x02be,0x026a,0x02aa,0x02a0,0x02aa,0x0a6a,0x06be,0x012a,0x0122,0x0000} }, /* U+7434 琴 */
    { 0x7435u, {0x082a,0x0fea,0x093e,0x092a,0x092a,0x0000,0x0fea,0x092a,0x093e,0x08aa,0x0caa,0x0000} }, /* U+7435 琵 */
    { 0x7436u, {0x002a,0x07ea,0x093e,0x092a,0x092a,0x09e0,0x092a,0x092a,0x093e,0x09ea,0x0c2a,0x0000} }, /* U+7436 琶 */
    { 0x743au, {0x0444,0x07fc,0x0444,0x0c20,0x0344,0x0008,0x0c44,0x0bc4,0x087f,0x0844,0x0e44,0x0000} }, /* U+743A 琺 */
    { 0x743fu, {0x0444,0x07fc,0x0444,0x040e,0x05fa,0x052a,0x052a,0x0ffe,0x052a,0x052a,0x05fe,0x0000} }, /* U+743F 琿 */
    { 0x7441u, {0x0444,0x07fc,0x0444,0x0000,0x0fbe,0x0a82,0x0aaa,0x0aaa,0x0aaa,0x0a82,0x0fbe,0x0000} }, /* U+7441 瑁 */
    { 0x7455u, {0x0444,0x07fc,0x0444,0x0ffe,0x0292,0x0292,0x0a9e,0x0842,0x0752,0x0452,0x0bde,0x0000} }, /* U+7455 瑕 */
    { 0x7459u, {0x0444,0x07fc,0x0448,0x0014,0x0fe2,0x0c48,0x0ad4,0x0962,0x0ac8,0x0854,0x0fe2,0x0000} }, /* U+7459 瑙 */
    { 0x745au, {0x0444,0x07fc,0x0444,0x0008,0x07c8,0x047f,0x0c48,0x07fe,0x0092,0x0892,0x0ffe,0x0000} }, /* U+745A 瑚 */
    { 0x745bu, {0x0424,0x07fc,0x0424,0x0900,0x09e4,0x052f,0x0324,0x01fc,0x0324,0x052f,0x09e4,0x0000} }, /* U+745B 瑛 */
    { 0x745cu, {0x0444,0x07fc,0x0444,0x0fd2,0x054a,0x0556,0x0fd2,0x0312,0x0cd2,0x0314,0x0cd8,0x0000} }, /* U+745C 瑜 */
    { 0x745eu, {0x0444,0x07fc,0x0444,0x0020,0x0fae,0x00a8,0x07e8,0x00af,0x07a8,0x08a8,0x0fae,0x0000} }, /* U+745E 瑞 */
    { 0x745fu, {0x022a,0x092a,0x083e,0x0b2a,0x046a,0x0480,0x0a2a,0x092a,0x08be,0x0d2a,0x022a,0x0000} }, /* U+745F 瑟 */
    { 0x7460u, {0x0444,0x07fc,0x0444,0x0000,0x0fbe,0x0aa2,0x0a98,0x0fb2,0x0a8e,0x0aa2,0x0fbe,0x0000} }, /* U+7460 瑠 */
    { 0x7463u, {0x0444,0x07fc,0x0444,0x0000,0x0be8,0x0aa4,0x06a0,0x02bf,0x02a0,0x06a4,0x0be8,0x0000} }, /* U+7463 瑣 */
    { 0x7464u, {0x0844,0x0844,0x07fc,0x0444,0x0020,0x0da4,0x0934,0x0962,0x0fda,0x0952,0x0d4e,0x0000} }, /* U+7464 瑤 */
    { 0x7469u, {0x08e4,0x0832,0x0aa8,0x0aa7,0x0aa8,0x0fb6,0x0aa8,0x0aa7,0x0aa8,0x0c34,0x08e2,0x0000} }, /* U+7469 瑩 */
    { 0x746au, {0x0444,0x07fc,0x0444,0x0200,0x00fe,0x06aa,0x00aa,0x06fe,0x08aa,0x08aa,0x0782,0x0000} }, /* U+746A 瑪 */
    { 0x746fu, {0x0444,0x07fc,0x0444,0x0404,0x0ffc,0x0497,0x0294,0x0ffe,0x0422,0x0452,0x038e,0x0000} }, /* U+746F 瑯 */
    { 0x7470u, {0x0444,0x07fc,0x0444,0x0000,0x0cfc,0x0394,0x0096,0x0ffd,0x0894,0x0b94,0x0cfc,0x0000} }, /* U+7470 瑰 */
    { 0x7473u, {0x0424,0x07fc,0x0424,0x0000,0x0a44,0x0957,0x09d4,0x097c,0x0f56,0x0955,0x0954,0x0000} }, /* U+7473 瑳 */
    { 0x7476u, {0x0444,0x07fc,0x0444,0x0000,0x0e82,0x08ba,0x08a2,0x0ffa,0x08a2,0x08ba,0x0ea6,0x0000} }, /* U+7476 瑶 */
    { 0x747eu, {0x0444,0x07fc,0x0444,0x0804,0x0af4,0x0a9f,0x0a94,0x0ff4,0x0a9f,0x0a94,0x0af4,0x0000} }, /* U+747E 瑾 */
    { 0x7483u, {0x0444,0x07fc,0x0444,0x0f04,0x0174,0x0744,0x05ec,0x0557,0x056c,0x0944,0x0f74,0x0000} }, /* U+7483 璃 */
    { 0x748bu, {0x0444,0x07fc,0x0444,0x0000,0x05f4,0x0554,0x055c,0x0f57,0x0554,0x055c,0x05f4,0x0000} }, /* U+748B 璋 */
    { 0x749eu, {0x0444,0x07fc,0x0444,0x0a26,0x0aa4,0x06bf,0x02a4,0x03e7,0x02bc,0x06a6,0x0aa4,0x0000} }, /* U+749E 璞 */
    { 0x74a2u, {0x0444,0x07fc,0x0444,0x0000,0x0fba,0x0aaa,0x0afe,0x0f82,0x0afe,0x0aaa,0x0fba,0x0000} }, /* U+74A2 璢 */
    { 0x74a7u, {0x08fe,0x08aa,0x0aaa,0x0aee,0x0a80,0x0fa4,0x0abc,0x0aa4,0x0ae7,0x0cbc,0x08a4,0x0000} }, /* U+74A7 璧 */
    { 0x74b0u, {0x0444,0x0444,0x03fc,0x0244,0x042e,0x04ea,0x02ae,0x0faa,0x02ae,0x05ea,0x092e,0x0000} }, /* U+74B0 環 */
    { 0x74bdu, {0x08fa,0x0aae,0x0a5a,0x0a5a,0x0aaa,0x0ffe,0x0aaa,0x0a5a,0x0e5a,0x0aae,0x08fa,0x0000} }, /* U+74BD 璽 */
    { 0x74cau, {0x0444,0x07fc,0x0444,0x0208,0x0a3c,0x09ea,0x0b5a,0x054a,0x055e,0x0b6a,0x09d8,0x0000} }, /* U+74CA 瓊 */
    { 0x74cfu, {0x0444,0x07fc,0x0444,0x0fdc,0x0557,0x055c,0x0fd4,0x0010,0x0fdf,0x0954,0x0d74,0x0000} }, /* U+74CF 瓏 */
    { 0x74d4u, {0x0444,0x07fc,0x0444,0x0900,0x09be,0x076a,0x053e,0x0580,0x057e,0x0b2a,0x09be,0x0000} }, /* U+74D4 瓔 */
    { 0x74dcu, {0x0e00,0x01fe,0x0402,0x0402,0x07fe,0x0402,0x0402,0x0702,0x007e,0x0382,0x0c02,0x0000} }, /* U+74DC 瓜 */
    { 0x74e0u, {0x06b4,0x03ac,0x0aa7,0x0aac,0x0694,0x03fe,0x0402,0x07fe,0x0402,0x03fe,0x0e02,0x0000} }, /* U+74E0 瓠 */
    { 0x74e2u, {0x0aba,0x06aa,0x0abe,0x0eaa,0x02be,0x0fea,0x0402,0x07fe,0x0202,0x03fe,0x0c02,0x0000} }, /* U+74E2 瓢 */
    { 0x74e3u, {0x0d2c,0x03f7,0x0d24,0x03fe,0x0402,0x07fe,0x0402,0x0efe,0x0244,0x0fe7,0x025c,0x0000} }, /* U+74E3 瓣 */
    { 0x74e6u, {0x0802,0x0802,0x0782,0x047e,0x0492,0x0512,0x0412,0x0ff2,0x0802,0x0802,0x0e02,0x0000} }, /* U+74E6 瓦 */
    { 0x74e7u, {0x0e02,0x09f2,0x085e,0x0492,0x07f2,0x0802,0x0810,0x0810,0x0bff,0x0810,0x0e10,0x0000} }, /* U+74E7 瓧 */
    { 0x74e9u, {0x0e02,0x09f2,0x085e,0x0492,0x07f2,0x0802,0x0824,0x0824,0x0bfc,0x0822,0x0e22,0x0000} }, /* U+74E9 瓩 */
    { 0x74eeu, {0x0828,0x0828,0x0e24,0x09f0,0x0aaa,0x0aa2,0x04a2,0x04a2,0x0fb4,0x0828,0x0c28,0x0000} }, /* U+74EE 瓮 */
    { 0x74f0u, {0x0e02,0x09f2,0x085e,0x0492,0x07f2,0x0810,0x0b28,0x08e2,0x0a22,0x0a26,0x09f8,0x0000} }, /* U+74F0 瓰 */
    { 0x74f1u, {0x0e02,0x09f2,0x085e,0x0492,0x07f2,0x0880,0x0894,0x09fc,0x0a54,0x0a52,0x0b52,0x0000} }, /* U+74F1 瓱 */
    { 0x74f2u, {0x0e02,0x09f2,0x085e,0x0492,0x07f2,0x084a,0x0848,0x09ff,0x0a48,0x0a44,0x0b74,0x0000} }, /* U+74F2 瓲 */
    { 0x74f6u, {0x0c49,0x03fa,0x0048,0x0ffc,0x084b,0x0782,0x047e,0x0452,0x0292,0x03f2,0x0c02,0x0000} }, /* U+74F6 瓶 */
    { 0x74f7u, {0x0840,0x0862,0x0e54,0x09c0,0x0b58,0x0567,0x0554,0x054c,0x0f54,0x0864,0x0c4c,0x0000} }, /* U+74F7 瓷 */
    { 0x74f8u, {0x0e02,0x09f2,0x085e,0x0492,0x07f2,0x0800,0x09fa,0x092a,0x092e,0x092a,0x0dfa,0x0000} }, /* U+74F8 瓸 */
    { 0x7503u, {0x086a,0x085a,0x0e7e,0x09ca,0x0b58,0x0566,0x0550,0x054e,0x0f50,0x0864,0x0c42,0x0000} }, /* U+7503 甃 */
    { 0x7504u, {0x097a,0x094a,0x0ffe,0x094a,0x097e,0x0e4a,0x09f2,0x045e,0x0492,0x0ff2,0x0802,0x0000} }, /* U+7504 甄 */
    { 0x7505u, {0x0e02,0x09f2,0x085e,0x0492,0x07f2,0x0900,0x0afe,0x0aaa,0x0bfa,0x0aaa,0x0afa,0x0000} }, /* U+7505 甅 */
    { 0x750cu, {0x0ffe,0x0a82,0x0bba,0x0aaa,0x0bba,0x0e02,0x09f2,0x045e,0x0492,0x0ff2,0x0802,0x0000} }, /* U+750C 甌 */
    { 0x750du, {0x08c4,0x0874,0x0e54,0x09df,0x0b74,0x0554,0x0574,0x055f,0x0f54,0x0874,0x0cc4,0x0000} }, /* U+750D 甍 */
    { 0x750eu, {0x017c,0x0554,0x09ff,0x0154,0x09fc,0x0f06,0x09f2,0x045e,0x0492,0x0ff2,0x0802,0x0000} }, /* U+750E 甎 */
    { 0x7511u, {0x0ff9,0x0aaa,0x0af8,0x0fac,0x08fb,0x0702,0x04f2,0x049e,0x0512,0x07f2,0x0c02,0x0000} }, /* U+7511 甑 */
    { 0x7513u, {0x09fe,0x0d2a,0x0b2a,0x09ee,0x0910,0x0b54,0x055c,0x05f7,0x0f54,0x095c,0x0d54,0x0000} }, /* U+7513 甓 */
    { 0x7515u, {0x092c,0x0db4,0x0b6c,0x0924,0x09f4,0x0b5f,0x0554,0x05f4,0x0f5c,0x0954,0x0d0c,0x0000} }, /* U+7515 甕 */
    { 0x7518u, {0x0008,0x0008,0x0fff,0x0848,0x0848,0x0848,0x0848,0x0848,0x0fff,0x0008,0x0008,0x0000} }, /* U+7518 甘 */
    { 0x751au, {0x0080,0x0f84,0x0a84,0x0aff,0x0994,0x0894,0x0894,0x0b94,0x0aff,0x0a84,0x0a84,0x0000} }, /* U+751A 甚 */
    { 0x751cu, {0x0f24,0x0924,0x09fc,0x0922,0x0f22,0x0008,0x0ffe,0x0888,0x0888,0x0888,0x0ffe,0x0000} }, /* U+751C 甜 */
    { 0x751eu, {0x009c,0x0084,0x0fc6,0x0abc,0x0aa4,0x0aa7,0x0aa4,0x0abc,0x0fc6,0x0084,0x009c,0x0000} }, /* U+751E 甞 */
    { 0x751fu, {0x0860,0x081e,0x0888,0x0888,0x0888,0x0fff,0x0888,0x0888,0x0888,0x0888,0x0800,0x0000} }, /* U+751F 生 */
    { 0x7523u, {0x0600,0x01e4,0x0824,0x0be4,0x0abc,0x0aa7,0x0fe4,0x0abc,0x0aa4,0x0aa4,0x0824,0x0000} }, /* U+7523 産 */
    { 0x7525u, {0x045c,0x0448,0x07fe,0x0448,0x00be,0x0caa,0x03aa,0x00fe,0x08aa,0x08aa,0x07be,0x0000} }, /* U+7525 甥 */
    { 0x7526u, {0x09fa,0x0aaa,0x07fe,0x04aa,0x08fa,0x0a10,0x0a4c,0x0a48,0x0bff,0x0a48,0x0a48,0x0000} }, /* U+7526 甦 */
    { 0x7528u, {0x0c00,0x03fe,0x0092,0x0092,0x0092,0x0ffe,0x0092,0x0092,0x0892,0x0892,0x0ffe,0x0000} }, /* U+7528 用 */
    { 0x752bu, {0x0004,0x0ff4,0x0154,0x0154,0x0154,0x0fff,0x0154,0x0154,0x0954,0x0ff4,0x0006,0x0000} }, /* U+752B 甫 */
    { 0x752cu, {0x0000,0x0ff2,0x0152,0x0152,0x0152,0x0ff2,0x0152,0x015a,0x0156,0x0952,0x0ff0,0x0000} }, /* U+752C 甬 */
    { 0x7530u, {0x0ffe,0x0842,0x0842,0x0842,0x0842,0x0ffe,0x0842,0x0842,0x0842,0x0842,0x0ffe,0x0000} }, /* U+7530 田 */
    { 0x7531u, {0x0000,0x0ff8,0x0888,0x0888,0x0888,0x0fff,0x0888,0x0888,0x0888,0x0888,0x0ff8,0x0000} }, /* U+7531 由 */
    { 0x7532u, {0x0000,0x01fe,0x0112,0x0112,0x0112,0x0ffe,0x0112,0x0112,0x0112,0x0112,0x01fe,0x0000} }, /* U+7532 甲 */
    { 0x7533u, {0x0000,0x01fc,0x0124,0x0124,0x0124,0x0fff,0x0124,0x0124,0x0124,0x0124,0x01fc,0x0000} }, /* U+7533 申 */
    { 0x7537u, {0x0880,0x08be,0x04aa,0x04aa,0x02aa,0x01fe,0x08aa,0x08aa,0x08aa,0x04be,0x0380,0x0000} }, /* U+7537 男 */
    { 0x7538u, {0x0060,0x0018,0x03f7,0x0254,0x03f4,0x0254,0x0254,0x0bf4,0x0804,0x0404,0x03fc,0x0000} }, /* U+7538 甸 */
    { 0x753au, {0x01fe,0x0112,0x01fe,0x0112,0x0112,0x01fe,0x0004,0x0804,0x0804,0x0ffc,0x0004,0x0000} }, /* U+753A 町 */
    { 0x753bu, {0x0fe2,0x0802,0x0bfa,0x0a4a,0x0a4a,0x0bfe,0x0a4a,0x0a4a,0x0bfa,0x0802,0x0fe2,0x0000} }, /* U+753B 画 */
    { 0x753cu, {0x0100,0x017e,0x014a,0x094a,0x094a,0x097e,0x0f4a,0x014a,0x014a,0x017e,0x0100,0x0000} }, /* U+753C 甼 */
    { 0x7544u, {0x0000,0x0ff2,0x0894,0x0898,0x0891,0x0ff2,0x0894,0x0890,0x0898,0x0894,0x0ff2,0x0000} }, /* U+7544 畄 */
    { 0x7546u, {0x0ff4,0x0894,0x0ff7,0x0894,0x0894,0x0ff4,0x0800,0x0f80,0x087e,0x0800,0x0f00,0x0000} }, /* U+7546 畆 */
    { 0x7549u, {0x07fc,0x0444,0x07fc,0x0444,0x0ffc,0x0848,0x0448,0x0348,0x00ff,0x0348,0x0c48,0x0000} }, /* U+7549 畉 */
    { 0x754au, {0x07fc,0x0444,0x07fc,0x0444,0x07fc,0x0c88,0x03ff,0x0088,0x0088,0x0fff,0x0088,0x0000} }, /* U+754A 畊 */
    { 0x754bu, {0x07fc,0x0444,0x07fc,0x0444,0x07fc,0x0820,0x081f,0x04c4,0x0304,0x04fc,0x0804,0x0000} }, /* U+754B 畋 */
    { 0x754cu, {0x0200,0x0a7e,0x094a,0x07ca,0x004a,0x007e,0x004a,0x0fca,0x014a,0x027e,0x0400,0x0000} }, /* U+754C 界 */
    { 0x754du, {0x07fc,0x0444,0x07fc,0x0444,0x07fc,0x0c08,0x03e4,0x0002,0x0002,0x0fe4,0x0008,0x0000} }, /* U+754D 畍 */
    { 0x754fu, {0x0880,0x08be,0x0faa,0x08aa,0x08aa,0x01be,0x02aa,0x04aa,0x04aa,0x0bbe,0x0880,0x0000} }, /* U+754F 畏 */
    { 0x7551u, {0x0c38,0x0300,0x00fe,0x0110,0x0208,0x0ffe,0x0842,0x0ffe,0x0842,0x0842,0x0ffe,0x0000} }, /* U+7551 畑 */
    { 0x7554u, {0x07fe,0x0422,0x07fe,0x0422,0x07fe,0x0124,0x0128,0x0120,0x0fff,0x0120,0x012c,0x0000} }, /* U+7554 畔 */
    { 0x7559u, {0x003e,0x0fa2,0x0aa2,0x0aaa,0x0a90,0x0fa2,0x0a92,0x0a8e,0x0aa2,0x0fa2,0x001e,0x0000} }, /* U+7559 留 */
    { 0x755au, {0x0120,0x0128,0x0fa8,0x0aec,0x0aab,0x0fb8,0x0aa8,0x0aaa,0x0fec,0x00a8,0x0120,0x0000} }, /* U+755A 畚 */
    { 0x755bu, {0x07fc,0x0444,0x07fc,0x0444,0x07fc,0x0804,0x0922,0x0922,0x0492,0x0494,0x0208,0x0000} }, /* U+755B 畛 */
    { 0x755cu, {0x0084,0x0f84,0x0a94,0x0aac,0x0ac4,0x0fa7,0x0a94,0x0a8c,0x0aa4,0x0fc4,0x0084,0x0000} }, /* U+755C 畜 */
    { 0x755du, {0x0fe8,0x0928,0x0fef,0x0928,0x0928,0x0fe8,0x041f,0x0204,0x0104,0x02c4,0x0c3c,0x0000} }, /* U+755D 畝 */
    { 0x7560u, {0x0000,0x0fc0,0x097c,0x0954,0x0954,0x0fd6,0x0955,0x0954,0x0954,0x097c,0x0fc0,0x0000} }, /* U+7560 畠 */
    { 0x7562u, {0x0080,0x04be,0x07ea,0x04aa,0x04aa,0x0ffe,0x04aa,0x04aa,0x07ea,0x04be,0x0080,0x0000} }, /* U+7562 畢 */
    { 0x7564u, {0x07fc,0x0444,0x07fc,0x0444,0x07fc,0x02a4,0x04a4,0x00bf,0x08a4,0x0fe4,0x00a4,0x0000} }, /* U+7564 畤 */
    { 0x7565u, {0x07fc,0x0444,0x07fc,0x0444,0x07fc,0x0088,0x0f57,0x0924,0x0924,0x0954,0x0f8c,0x0000} }, /* U+7565 略 */
    { 0x7566u, {0x07fc,0x0444,0x07fc,0x0444,0x07fc,0x0820,0x0924,0x0924,0x0fff,0x0924,0x0924,0x0000} }, /* U+7566 畦 */
    { 0x7567u, {0x0500,0x057e,0x0eca,0x0a4a,0x094a,0x097e,0x094a,0x094a,0x0eca,0x027e,0x0200,0x0000} }, /* U+7567 畧 */
    { 0x7569u, {0x07fc,0x0444,0x07fc,0x0444,0x07fc,0x0884,0x0fe4,0x081f,0x08e4,0x0304,0x0ce4,0x0000} }, /* U+7569 畩 */
    { 0x756au, {0x0090,0x0092,0x0fd6,0x0aba,0x0a92,0x0ffe,0x0a92,0x0a9a,0x0fb6,0x0052,0x0090,0x0000} }, /* U+756A 番 */
    { 0x756bu, {0x0850,0x0854,0x0fd4,0x0954,0x0954,0x0fff,0x0954,0x0954,0x0fd4,0x087c,0x0850,0x0000} }, /* U+756B 畫 */
    { 0x756du, {0x07fc,0x0444,0x07fc,0x0444,0x07fc,0x0494,0x0292,0x0892,0x0ff2,0x0092,0x0694,0x0000} }, /* U+756D 畭 */
    { 0x7570u, {0x0280,0x0abe,0x06aa,0x03ea,0x02aa,0x02be,0x02aa,0x03ea,0x06aa,0x0abe,0x0280,0x0000} }, /* U+7570 異 */
    { 0x7573u, {0x08e0,0x0820,0x0ffe,0x0aaa,0x0aaa,0x0abe,0x0aaa,0x0aaa,0x0ffe,0x0820,0x08e0,0x0000} }, /* U+7573 畳 */
    { 0x7574u, {0x07fc,0x0444,0x07fc,0x0444,0x07fc,0x0144,0x0d54,0x03d4,0x057f,0x0954,0x0fd4,0x0000} }, /* U+7574 畴 */
    { 0x7576u, {0x001c,0x0f84,0x0a86,0x0abc,0x0aa4,0x0fa7,0x0aa4,0x0abc,0x0a86,0x0f84,0x001c,0x0000} }, /* U+7576 當 */
    { 0x7577u, {0x07fc,0x0444,0x07fc,0x0444,0x07fc,0x0aaa,0x0492,0x0bae,0x0aaa,0x0492,0x0bae,0x0000} }, /* U+7577 畷 */
    { 0x7578u, {0x07fc,0x0444,0x07fc,0x0444,0x07fc,0x0044,0x0764,0x0554,0x074f,0x0854,0x0fe4,0x0000} }, /* U+7578 畸 */
    { 0x757fu, {0x00a0,0x0fa8,0x0ab4,0x0faa,0x0aa4,0x0fff,0x00a8,0x0bb4,0x04aa,0x0aa4,0x09b0,0x0000} }, /* U+757F 畿 */
    { 0x7582u, {0x0990,0x0890,0x0fde,0x0aaa,0x0aaa,0x0a8e,0x0aaa,0x0aaa,0x0fde,0x0890,0x0990,0x0000} }, /* U+7582 疂 */
    { 0x7586u, {0x02ba,0x0bea,0x0aaa,0x082a,0x07ee,0x0882,0x0fbe,0x0aaa,0x0fbe,0x0aaa,0x0fbe,0x0000} }, /* U+7586 疆 */
    { 0x7587u, {0x07fc,0x0444,0x07fc,0x0444,0x0ffc,0x0954,0x0f54,0x01df,0x0554,0x0954,0x0f34,0x0000} }, /* U+7587 疇 */
    { 0x7589u, {0x09e0,0x08a0,0x0afe,0x0baa,0x0aaa,0x0afe,0x0caa,0x0aaa,0x09fe,0x08a0,0x09e0,0x0000} }, /* U+7589 疉 */
    { 0x758au, {0x09e0,0x08a0,0x0ffe,0x0aaa,0x0aaa,0x0afe,0x0aaa,0x0aaa,0x0ffe,0x08a0,0x09e0,0x0000} }, /* U+758A 疊 */
    { 0x758bu, {0x0c02,0x03e2,0x0202,0x0402,0x0402,0x07fe,0x0842,0x0842,0x0842,0x080a,0x0806,0x0000} }, /* U+758B 疋 */
    { 0x758eu, {0x0fc2,0x0802,0x0ff2,0x084e,0x04f4,0x0494,0x0294,0x0fff,0x0294,0x0494,0x08f4,0x0000} }, /* U+758E 疎 */
    { 0x758fu, {0x0fe2,0x0802,0x0ff2,0x084e,0x0444,0x03b4,0x002c,0x07a7,0x0024,0x0f9c,0x0864,0x0000} }, /* U+758F 疏 */
    { 0x7591u, {0x099e,0x0974,0x0554,0x03d2,0x055a,0x0900,0x0fd2,0x0812,0x0ffa,0x0916,0x0932,0x0000} }, /* U+7591 疑 */
    { 0x7594u, {0x0c90,0x03fc,0x0004,0x0024,0x0024,0x0824,0x0827,0x0fe4,0x0024,0x0024,0x0024,0x0000} }, /* U+7594 疔 */
    { 0x759au, {0x0c90,0x03fc,0x0804,0x0884,0x0444,0x043f,0x0214,0x0114,0x02f4,0x0404,0x0804,0x0000} }, /* U+759A 疚 */
    { 0x759du, {0x0c90,0x03fc,0x0004,0x0fc4,0x0804,0x0804,0x0807,0x0ff4,0x0804,0x0804,0x0fc4,0x0000} }, /* U+759D 疝 */
    { 0x75a3u, {0x0c90,0x03fc,0x0804,0x0824,0x0424,0x0324,0x00ff,0x0724,0x0824,0x0824,0x0e34,0x0000} }, /* U+75A3 疣 */
    { 0x75a5u, {0x0c90,0x03fc,0x0884,0x0844,0x0424,0x0394,0x0017,0x0014,0x0fa4,0x0044,0x0084,0x0000} }, /* U+75A5 疥 */
    { 0x75abu, {0x0c90,0x03fc,0x0804,0x0944,0x0b74,0x0514,0x0517,0x0514,0x0574,0x0b44,0x0864,0x0000} }, /* U+75AB 疫 */
    { 0x75b1u, {0x0c90,0x03fc,0x0084,0x0044,0x0ffc,0x0954,0x0957,0x09d4,0x0a14,0x0bf4,0x0c04,0x0000} }, /* U+75B1 疱 */
    { 0x75b2u, {0x0c90,0x03fc,0x0c04,0x03f4,0x0894,0x0b94,0x0497,0x04fc,0x0494,0x0b94,0x0834,0x0000} }, /* U+75B2 疲 */
    { 0x75b3u, {0x0c90,0x03fc,0x0024,0x0024,0x0ffc,0x0924,0x0927,0x0924,0x0924,0x0ffc,0x0024,0x0000} }, /* U+75B3 疳 */
    { 0x75b5u, {0x0c90,0x03fc,0x0804,0x0fe4,0x0804,0x07fc,0x0447,0x0444,0x0ffc,0x0844,0x0c24,0x0000} }, /* U+75B5 疵 */
    { 0x75b8u, {0x0c90,0x03fc,0x0804,0x0804,0x0bf4,0x0a54,0x0a57,0x0a54,0x0a54,0x0bf4,0x0804,0x0000} }, /* U+75B8 疸 */
    { 0x75b9u, {0x0c90,0x03fc,0x0044,0x0a24,0x0a54,0x094c,0x0927,0x04ac,0x0494,0x0224,0x0244,0x0000} }, /* U+75B9 疹 */
    { 0x75bcu, {0x0c90,0x03fc,0x0204,0x0244,0x053c,0x0554,0x0a97,0x0a94,0x0954,0x0234,0x0204,0x0000} }, /* U+75BC 疼 */
    { 0x75bdu, {0x0c90,0x03fc,0x0804,0x0804,0x0ff4,0x0954,0x0957,0x0954,0x0954,0x0ff4,0x0804,0x0000} }, /* U+75BD 疽 */
    { 0x75beu, {0x0c90,0x03fc,0x0804,0x08c4,0x04bc,0x0494,0x0297,0x01f4,0x0294,0x0494,0x0884,0x0000} }, /* U+75BE 疾 */
    { 0x75c2u, {0x0c90,0x03fc,0x0004,0x0324,0x08fc,0x0824,0x07e7,0x0004,0x0ff4,0x0814,0x0ff4,0x0000} }, /* U+75C2 痂 */
    { 0x75c3u, {0x0c90,0x03fc,0x0004,0x0814,0x0894,0x0d54,0x0a3f,0x0914,0x0894,0x0854,0x0e14,0x0000} }, /* U+75C3 痃 */
    { 0x75c5u, {0x0c90,0x03fc,0x0004,0x0fd4,0x0254,0x0254,0x0157,0x00f4,0x0154,0x0a54,0x0fd4,0x0000} }, /* U+75C5 病 */
    { 0x75c7u, {0x0c90,0x03fc,0x0804,0x0f94,0x0814,0x0814,0x0ff7,0x0894,0x0894,0x0894,0x0814,0x0000} }, /* U+75C7 症 */
    { 0x75cau, {0x0c90,0x03fc,0x0004,0x0894,0x0a54,0x0ab4,0x0a97,0x0f94,0x0a94,0x0aa4,0x08c4,0x0000} }, /* U+75CA 痊 */
    { 0x75cdu, {0x0c90,0x03fc,0x0804,0x09d4,0x0554,0x0354,0x01ff,0x0354,0x0554,0x0954,0x0b74,0x0000} }, /* U+75CD 痍 */
    { 0x75d2u, {0x0c90,0x03fc,0x0004,0x0224,0x02a4,0x02bc,0x02a7,0x0fe4,0x02b4,0x02ac,0x02a4,0x0000} }, /* U+75D2 痒 */
    { 0x75d4u, {0x0c90,0x03fc,0x0004,0x0154,0x0554,0x0954,0x017f,0x0154,0x0954,0x0fd4,0x0154,0x0000} }, /* U+75D4 痔 */
    { 0x75d5u, {0x0c90,0x03fc,0x0004,0x0ff4,0x0954,0x0954,0x0357,0x0554,0x0554,0x0bf4,0x0a04,0x0000} }, /* U+75D5 痕 */
    { 0x75d8u, {0x0c90,0x03fc,0x0004,0x0814,0x09d4,0x0f54,0x0957,0x0954,0x0f54,0x09d4,0x0814,0x0000} }, /* U+75D8 痘 */
    { 0x75d9u, {0x0c90,0x03fc,0x0004,0x0854,0x0ab4,0x0a14,0x0a57,0x0eb4,0x0a14,0x0a54,0x0ab4,0x0000} }, /* U+75D9 痙 */
    { 0x75dbu, {0x0c90,0x03fc,0x0004,0x0fc4,0x0554,0x0554,0x0557,0x0fd4,0x0574,0x0554,0x0fc4,0x0000} }, /* U+75DB 痛 */
    { 0x75deu, {0x0c90,0x03fc,0x0094,0x0f54,0x0934,0x0914,0x09f7,0x0914,0x0934,0x0f54,0x0094,0x0000} }, /* U+75DE 痞 */
    { 0x75e2u, {0x0c90,0x03fc,0x0444,0x0254,0x0ff4,0x0154,0x0257,0x0404,0x01e4,0x0804,0x0ff4,0x0000} }, /* U+75E2 痢 */
    { 0x75e3u, {0x0c90,0x03fc,0x0804,0x0454,0x0054,0x0654,0x08ff,0x0954,0x0854,0x0954,0x0254,0x0000} }, /* U+75E3 痣 */
    { 0x75e9u, {0x0c90,0x03fc,0x0004,0x097c,0x0954,0x0b54,0x0557,0x05fc,0x0554,0x0b54,0x097c,0x0000} }, /* U+75E9 痩 */
    { 0x75f0u, {0x0c90,0x03fc,0x0804,0x08a4,0x0a94,0x0444,0x0447,0x0334,0x0444,0x0aa4,0x0894,0x0000} }, /* U+75F0 痰 */
    { 0x75f2u, {0x0c90,0x03fc,0x0024,0x0ffc,0x0024,0x07a4,0x0027,0x0ffc,0x0024,0x07a4,0x0424,0x0000} }, /* U+75F2 痲 */
    { 0x75f3u, {0x0c90,0x03fc,0x0224,0x0124,0x0ffc,0x0224,0x0127,0x00a4,0x0ffc,0x0124,0x0224,0x0000} }, /* U+75F3 痳 */
    { 0x75f4u, {0x0c90,0x03fc,0x0884,0x08bc,0x0494,0x03f7,0x0494,0x0884,0x0ff4,0x0814,0x0ff4,0x0000} }, /* U+75F4 痴 */
    { 0x75fau, {0x0c90,0x03fc,0x0404,0x04fc,0x0694,0x0594,0x04ff,0x0f94,0x0494,0x04fc,0x0404,0x0000} }, /* U+75FA 痺 */
    { 0x75fcu, {0x0c90,0x03fc,0x0004,0x0ff4,0x0854,0x0f54,0x09f7,0x0954,0x0f54,0x0854,0x0ff4,0x0000} }, /* U+75FC 痼 */
    { 0x75feu, {0x0c90,0x03fc,0x0004,0x0ff4,0x0494,0x0374,0x0017,0x03d4,0x0254,0x0a54,0x0ff4,0x0000} }, /* U+75FE 痾 */
    { 0x75ffu, {0x0c90,0x03fc,0x0104,0x0914,0x0994,0x0754,0x0537,0x05fc,0x0514,0x0b54,0x0994,0x0000} }, /* U+75FF 痿 */
    { 0x7601u, {0x0c90,0x03fc,0x0004,0x0314,0x0294,0x0274,0x0297,0x0f1c,0x0294,0x0274,0x0394,0x0000} }, /* U+7601 瘁 */
    { 0x7609u, {0x0c90,0x03fc,0x0084,0x0fd4,0x0574,0x0554,0x0fd7,0x0254,0x0dd4,0x0254,0x0da4,0x0000} }, /* U+7609 瘉 */
    { 0x760bu, {0x0c90,0x03fc,0x0814,0x09d4,0x0954,0x0ff4,0x0957,0x09d4,0x0c14,0x01f4,0x0e04,0x0000} }, /* U+760B 瘋 */
    { 0x760du, {0x0c90,0x03fc,0x0004,0x0904,0x057c,0x03d4,0x0957,0x0554,0x0b54,0x097c,0x0744,0x0000} }, /* U+760D 瘍 */
    { 0x761fu, {0x0c90,0x03fc,0x0804,0x0f04,0x09f4,0x0f14,0x0957,0x0934,0x0f54,0x09f4,0x0f04,0x0000} }, /* U+761F 瘟 */
    { 0x7620u, {0x0c90,0x03fc,0x0094,0x0f94,0x0554,0x0544,0x057f,0x0544,0x0554,0x0f94,0x0094,0x0000} }, /* U+7620 瘠 */
    { 0x7621u, {0x0c90,0x03fc,0x0044,0x0c24,0x03f4,0x0eac,0x0ab7,0x0aa4,0x0aac,0x0bf4,0x0e24,0x0000} }, /* U+7621 瘡 */
    { 0x7622u, {0x0c90,0x03fc,0x0104,0x0ff4,0x015c,0x0ff4,0x0947,0x0b74,0x0514,0x0574,0x0b44,0x0000} }, /* U+7622 瘢 */
    { 0x7624u, {0x0c90,0x03fc,0x0004,0x0ff4,0x0a94,0x0ad4,0x0a87,0x0fd4,0x0ab4,0x0a94,0x0ff4,0x0000} }, /* U+7624 瘤 */
    { 0x7627u, {0x0c90,0x03fc,0x0c04,0x03f4,0x0214,0x0f54,0x09ff,0x0954,0x0954,0x0954,0x0934,0x0000} }, /* U+7627 瘧 */
    { 0x7630u, {0x0c90,0x03fc,0x0a04,0x067c,0x0354,0x02d4,0x0e7f,0x0354,0x02d4,0x067c,0x0b04,0x0000} }, /* U+7630 瘰 */
    { 0x7634u, {0x0c90,0x03fc,0x0404,0x0454,0x07d4,0x0574,0x0557,0x0d5c,0x0574,0x07d4,0x0454,0x0000} }, /* U+7634 瘴 */
    { 0x763bu, {0x0c90,0x03fc,0x0914,0x097c,0x0754,0x0554,0x05ff,0x0554,0x0554,0x0b7c,0x0914,0x0000} }, /* U+763B 瘻 */
    { 0x7642u, {0x0c90,0x03fc,0x0894,0x0454,0x01f4,0x0954,0x0f5f,0x0154,0x01f4,0x0454,0x08b4,0x0000} }, /* U+7642 療 */
    { 0x7646u, {0x0c90,0x03fc,0x0044,0x0ba4,0x0a9c,0x06a4,0x03d7,0x02a4,0x0a9c,0x0aa4,0x07d4,0x0000} }, /* U+7646 癆 */
    { 0x7647u, {0x0c90,0x03fc,0x0004,0x0ffc,0x0054,0x0fd4,0x057f,0x0544,0x0ffc,0x0054,0x0ffc,0x0000} }, /* U+7647 癇 */
    { 0x7648u, {0x0c90,0x03fc,0x0044,0x0bac,0x0ab4,0x06ec,0x0907,0x0be4,0x052c,0x05f4,0x0b2c,0x0000} }, /* U+7648 癈 */
    { 0x764cu, {0x0c90,0x03fc,0x0004,0x0dc4,0x095c,0x0954,0x09d7,0x0e14,0x09d4,0x095c,0x0dc4,0x0000} }, /* U+764C 癌 */
    { 0x7652u, {0x0890,0x05fc,0x0054,0x0d5c,0x09f4,0x0917,0x0af4,0x0814,0x010c,0x05f4,0x0824,0x0000} }, /* U+7652 癒 */
    { 0x7656u, {0x0c90,0x03fc,0x0104,0x0ffc,0x08a4,0x0fbc,0x0297,0x02f4,0x0f9c,0x02f4,0x0294,0x0000} }, /* U+7656 癖 */
    { 0x7658u, {0x0c90,0x03fc,0x0004,0x0f14,0x01d4,0x097c,0x0fd7,0x0954,0x0d7c,0x01d4,0x0f14,0x0000} }, /* U+7658 癘 */
    { 0x765cu, {0x0c90,0x03fc,0x0c04,0x07f4,0x0554,0x07d4,0x0d77,0x0b44,0x0574,0x0514,0x0b74,0x0000} }, /* U+765C 癜 */
    { 0x7661u, {0x0c90,0x03fc,0x0884,0x057c,0x03d4,0x0554,0x0947,0x0e94,0x0894,0x0fd4,0x0ab4,0x0000} }, /* U+7661 癡 */
    { 0x7662u, {0x0c90,0x03fc,0x0244,0x0954,0x0fd4,0x0954,0x097f,0x0354,0x05d4,0x0954,0x0a54,0x0000} }, /* U+7662 癢 */
    { 0x7667u, {0x0c90,0x03fc,0x0c04,0x03fc,0x0854,0x0efc,0x0897,0x0f54,0x0afc,0x0a54,0x0894,0x0000} }, /* U+7667 癧 */
    { 0x7668u, {0x0c90,0x03fc,0x0114,0x0fb4,0x0ad4,0x0a94,0x0aff,0x0f94,0x0ab4,0x0ad4,0x0ab4,0x0000} }, /* U+7668 癨 */
    { 0x7669u, {0x0c90,0x03fc,0x0004,0x09d4,0x0554,0x0ffc,0x0157,0x0fe4,0x055c,0x0544,0x0ffc,0x0000} }, /* U+7669 癩 */
    { 0x766au, {0x0c90,0x03fc,0x0444,0x0254,0x0ff4,0x094c,0x07d7,0x0554,0x057c,0x0554,0x0fd4,0x0000} }, /* U+766A 癪 */
    { 0x766cu, {0x0c90,0x03fc,0x0d54,0x01fc,0x0d54,0x01f4,0x0ea7,0x02bc,0x0fe4,0x02b4,0x02ac,0x0000} }, /* U+766C 癬 */
    { 0x7670u, {0x0c90,0x03fc,0x0e54,0x0bec,0x0a54,0x0bec,0x0027,0x0ff4,0x095c,0x0ff4,0x0954,0x0000} }, /* U+7670 癰 */
    { 0x7672u, {0x0c90,0x03fc,0x0904,0x05fc,0x0154,0x05f4,0x0917,0x07f4,0x025c,0x0654,0x0bf4,0x0000} }, /* U+7672 癲 */
    { 0x7676u, {0x0200,0x0114,0x00a4,0x0044,0x003c,0x0000,0x001c,0x0060,0x0090,0x014c,0x0220,0x0000} }, /* U+7676 癶 */
    { 0x7678u, {0x0888,0x0952,0x0522,0x0532,0x032e,0x01e0,0x0326,0x0538,0x0524,0x0952,0x0848,0x0000} }, /* U+7678 癸 */
    { 0x767au, {0x0888,0x0952,0x0522,0x03f2,0x012e,0x0120,0x0fe6,0x0938,0x0924,0x0952,0x0c48,0x0000} }, /* U+767A 発 */
    { 0x767bu, {0x0888,0x0852,0x0ba2,0x0eb2,0x0aae,0x0aa0,0x0aa6,0x0eb8,0x0ba4,0x0852,0x0848,0x0000} }, /* U+767B 登 */
    { 0x767cu, {0x03a2,0x0aaa,0x0ab2,0x0aaa,0x06e6,0x0900,0x0b66,0x0538,0x0524,0x0772,0x0948,0x0000} }, /* U+767C 發 */
    { 0x767du, {0x0000,0x0ff8,0x0888,0x0888,0x088c,0x088a,0x0889,0x0888,0x0888,0x0ff8,0x0000,0x0000} }, /* U+767D 白 */
    { 0x767eu, {0x0002,0x0ff2,0x0892,0x0892,0x089a,0x0896,0x0892,0x0892,0x0892,0x0ff2,0x0002,0x0000} }, /* U+767E 百 */
    { 0x7680u, {0x0000,0x07fc,0x0a54,0x0a54,0x0a56,0x0a55,0x0954,0x0954,0x0954,0x087c,0x0e00,0x0000} }, /* U+7680 皀 */
    { 0x7683u, {0x0800,0x08fc,0x0494,0x0394,0x0096,0x0095,0x0794,0x0894,0x0894,0x08fc,0x0e00,0x0000} }, /* U+7683 皃 */
    { 0x7684u, {0x07f8,0x044e,0x0448,0x07f8,0x0000,0x0018,0x0047,0x0884,0x0804,0x0404,0x03fc,0x0000} }, /* U+7684 的 */
    { 0x7686u, {0x0020,0x003e,0x0fa4,0x0aa4,0x0aa4,0x0ac0,0x0abf,0x0aa4,0x0aa4,0x0fa4,0x0034,0x0000} }, /* U+7686 皆 */
    { 0x7687u, {0x0800,0x0880,0x0afc,0x0a94,0x0a96,0x0f95,0x0a94,0x0a94,0x0afc,0x0880,0x0800,0x0000} }, /* U+7687 皇 */
    { 0x7688u, {0x07f8,0x044e,0x0448,0x07f8,0x0900,0x08fe,0x0412,0x0592,0x0212,0x05f2,0x0802,0x0000} }, /* U+7688 皈 */
    { 0x768bu, {0x0440,0x027c,0x0354,0x02d4,0x0256,0x0f55,0x0254,0x02d4,0x0354,0x027c,0x0440,0x0000} }, /* U+768B 皋 */
    { 0x768eu, {0x07f8,0x044e,0x0448,0x07f8,0x0824,0x0894,0x0504,0x0207,0x0304,0x0494,0x0824,0x0000} }, /* U+768E 皎 */
    { 0x7690u, {0x0500,0x057c,0x0554,0x0554,0x0456,0x0fd5,0x0454,0x0554,0x0554,0x057c,0x0500,0x0000} }, /* U+7690 皐 */
    { 0x7693u, {0x07f8,0x044e,0x0448,0x07f8,0x0020,0x0f5e,0x0948,0x0948,0x097f,0x0948,0x0f48,0x0000} }, /* U+7693 皓 */
    { 0x7696u, {0x07f8,0x044e,0x0448,0x0ffc,0x0884,0x0494,0x0394,0x0097,0x0f94,0x0894,0x0c9c,0x0000} }, /* U+7696 皖 */
    { 0x7699u, {0x0024,0x0f94,0x0a8c,0x0abf,0x0ac4,0x0aa0,0x0abe,0x0a8a,0x0a8a,0x0fba,0x000a,0x0000} }, /* U+7699 皙 */
    { 0x769au, {0x07f8,0x044e,0x0448,0x07f8,0x0806,0x09d4,0x0f54,0x0957,0x0954,0x0f54,0x09d6,0x0000} }, /* U+769A 皚 */
    { 0x76aeu, {0x0000,0x0b00,0x08fc,0x0824,0x0424,0x05a4,0x023f,0x0224,0x0524,0x08e4,0x080c,0x0000} }, /* U+76AE 皮 */
    { 0x76b0u, {0x0bfc,0x0824,0x05bf,0x0224,0x0dec,0x0010,0x0fff,0x0894,0x08f4,0x0904,0x0dfc,0x0000} }, /* U+76B0 皰 */
    { 0x76b4u, {0x094c,0x0bba,0x0488,0x04b8,0x0bce,0x0848,0x0bfc,0x0824,0x05bf,0x0224,0x0dec,0x0000} }, /* U+76B4 皴 */
    { 0x76b7u, {0x09d4,0x0f54,0x095f,0x0f54,0x09d4,0x0304,0x08fc,0x0824,0x05bf,0x0224,0x0dec,0x0000} }, /* U+76B7 皷 */
    { 0x76b8u, {0x05fe,0x052a,0x0ffe,0x052a,0x05fa,0x0606,0x09fc,0x0824,0x05bf,0x0224,0x0dec,0x0000} }, /* U+76B8 皸 */
    { 0x76b9u, {0x0bfc,0x0824,0x05bf,0x0224,0x0dec,0x0406,0x05fa,0x052a,0x0ffe,0x052a,0x05fe,0x0000} }, /* U+76B9 皹 */
    { 0x76bau, {0x0318,0x0ad4,0x07bf,0x0294,0x0a94,0x08c4,0x07bc,0x0824,0x05bf,0x0224,0x0dec,0x0000} }, /* U+76BA 皺 */
    { 0x76bfu, {0x0800,0x0ffe,0x0802,0x0802,0x0ffe,0x0802,0x0ffe,0x0802,0x0802,0x0ffe,0x0800,0x0000} }, /* U+76BF 皿 */
    { 0x76c2u, {0x0810,0x0f12,0x0912,0x0952,0x0f52,0x097e,0x0f12,0x0912,0x0912,0x0f12,0x0810,0x0000} }, /* U+76C2 盂 */
    { 0x76c3u, {0x0842,0x0f42,0x0922,0x0922,0x0f12,0x09fa,0x0f06,0x0902,0x0912,0x0f22,0x0842,0x0000} }, /* U+76C3 盃 */
    { 0x76c6u, {0x0810,0x0f08,0x0996,0x0950,0x0f30,0x0912,0x0f12,0x0992,0x0976,0x0f08,0x0810,0x0000} }, /* U+76C6 盆 */
    { 0x76c8u, {0x08c2,0x0f32,0x090e,0x09aa,0x0f6a,0x095a,0x0f02,0x091e,0x094a,0x0f48,0x0838,0x0000} }, /* U+76C8 盈 */
    { 0x76cau, {0x0888,0x0fc8,0x08a9,0x089a,0x0f88,0x0888,0x0f8c,0x089b,0x08a8,0x0fc8,0x0888,0x0000} }, /* U+76CA 益 */
    { 0x76cdu, {0x0810,0x0e94,0x0ad4,0x0ab4,0x0e94,0x0a9f,0x0e94,0x0a94,0x0ad4,0x0e94,0x0910,0x0000} }, /* U+76CD 盍 */
    { 0x76d2u, {0x0810,0x0e08,0x0ae4,0x0aaa,0x0eaa,0x0aaa,0x0eaa,0x0aaa,0x0ae4,0x0e08,0x0810,0x0000} }, /* U+76D2 盒 */
    { 0x76d6u, {0x0844,0x0f44,0x0954,0x0957,0x0f54,0x097c,0x0f54,0x0956,0x0955,0x0f44,0x0844,0x0000} }, /* U+76D6 盖 */
    { 0x76d7u, {0x0840,0x0f22,0x0914,0x0900,0x0f98,0x0947,0x0f24,0x091c,0x0924,0x0f44,0x088c,0x0000} }, /* U+76D7 盗 */
    { 0x76dbu, {0x08c0,0x0f3c,0x0914,0x0954,0x0f74,0x0904,0x0f87,0x095c,0x0924,0x0f56,0x0884,0x0000} }, /* U+76DB 盛 */
    { 0x76dcu, {0x0888,0x0f52,0x0924,0x0900,0x0f98,0x0947,0x0f24,0x091c,0x0924,0x0f44,0x088c,0x0000} }, /* U+76DC 盜 */
    { 0x76deu, {0x0888,0x0ea8,0x0aa8,0x0aab,0x0efc,0x0b54,0x0e54,0x0b56,0x0aec,0x0e44,0x0b64,0x0000} }, /* U+76DE 盞 */
    { 0x76dfu, {0x087e,0x0f4a,0x094a,0x097e,0x0f80,0x097e,0x0f2a,0x092a,0x092a,0x0faa,0x08fe,0x0000} }, /* U+76DF 盟 */
    { 0x76e1u, {0x0950,0x0ed4,0x0a54,0x0ad4,0x0f54,0x0a7f,0x0ed4,0x0b54,0x0a7c,0x0ed0,0x0950,0x0000} }, /* U+76E1 盡 */
    { 0x76e3u, {0x09fe,0x0f2a,0x09ee,0x092a,0x0f3a,0x0908,0x0f27,0x0924,0x0924,0x0f24,0x0804,0x0000} }, /* U+76E3 監 */
    { 0x76e4u, {0x0840,0x0ffc,0x0956,0x0945,0x0ffc,0x0908,0x0fb6,0x0952,0x0952,0x0fbe,0x0888,0x0000} }, /* U+76E4 盤 */
    { 0x76e5u, {0x08fe,0x0f2a,0x09aa,0x0948,0x0f28,0x09ff,0x0f28,0x0944,0x09aa,0x0f2a,0x08fe,0x0000} }, /* U+76E5 盥 */
    { 0x76e7u, {0x0600,0x09f8,0x0e08,0x0ba8,0x0aa8,0x0eff,0x0baa,0x0eaa,0x0aaa,0x0baa,0x0e18,0x0000} }, /* U+76E7 盧 */
    { 0x76eau, {0x0908,0x0e92,0x0a04,0x0b20,0x0ebe,0x0a6a,0x0f2a,0x0aaa,0x0a6a,0x0f3e,0x08e0,0x0000} }, /* U+76EA 盪 */
    { 0x76eeu, {0x0000,0x0000,0x0ffe,0x0892,0x0892,0x0892,0x0892,0x0892,0x0892,0x0ffe,0x0000,0x0000} }, /* U+76EE 目 */
    { 0x76f2u, {0x0004,0x0f9c,0x0aa4,0x0aa4,0x0aa4,0x0aa7,0x0aa4,0x0aa4,0x0aa4,0x0fa4,0x0004,0x0000} }, /* U+76F2 盲 */
    { 0x76f4u, {0x0004,0x0fe4,0x0804,0x0804,0x0bf4,0x0a54,0x0a5f,0x0a54,0x0a54,0x0bf4,0x0804,0x0000} }, /* U+76F4 直 */
    { 0x76f8u, {0x0308,0x00c8,0x0ffe,0x0108,0x0000,0x0ffe,0x0892,0x0892,0x0892,0x0892,0x0ffe,0x0000} }, /* U+76F8 相 */
    { 0x76fbu, {0x07fc,0x0494,0x0494,0x07fc,0x0020,0x0318,0x00f2,0x0892,0x0892,0x049e,0x03b0,0x0000} }, /* U+76FB 盻 */
    { 0x76feu, {0x0600,0x01fc,0x0014,0x0fd4,0x0954,0x0954,0x097c,0x0952,0x0952,0x0fd2,0x0010,0x0000} }, /* U+76FE 盾 */
    { 0x7701u, {0x0100,0x0110,0x008c,0x0f80,0x0950,0x095f,0x0960,0x0950,0x0940,0x0fc4,0x0008,0x0000} }, /* U+7701 省 */
    { 0x7704u, {0x07fc,0x0494,0x0494,0x07fc,0x0000,0x01f2,0x0102,0x09fe,0x0912,0x0512,0x03f2,0x0000} }, /* U+7704 眄 */
    { 0x7707u, {0x07fc,0x0494,0x0494,0x07fc,0x0810,0x0808,0x0880,0x04ff,0x0400,0x0208,0x0110,0x0000} }, /* U+7707 眇 */
    { 0x7708u, {0x07fc,0x0494,0x0494,0x0ffc,0x0800,0x041c,0x0384,0x007f,0x0fc4,0x0804,0x0c3c,0x0000} }, /* U+7708 眈 */
    { 0x7709u, {0x0600,0x01fe,0x000a,0x0fea,0x0aaa,0x0aaa,0x0aae,0x0aaa,0x0aaa,0x0aaa,0x0fee,0x0000} }, /* U+7709 眉 */
    { 0x770bu, {0x0220,0x0222,0x012a,0x0faa,0x0aea,0x0abe,0x0aaa,0x0aaa,0x0aaa,0x0faa,0x0022,0x0000} }, /* U+770B 看 */
    { 0x770cu, {0x09fc,0x0500,0x0100,0x01fe,0x012a,0x0f2a,0x012a,0x012a,0x01fe,0x0500,0x0900,0x0000} }, /* U+770C 県 */
    { 0x771bu, {0x07fc,0x0494,0x0494,0x07fc,0x0424,0x0224,0x0124,0x0fff,0x0124,0x0224,0x0424,0x0000} }, /* U+771B 眛 */
    { 0x771eu, {0x09e0,0x090f,0x0514,0x05f4,0x0154,0x0154,0x0154,0x0552,0x05f2,0x091a,0x0900,0x0000} }, /* U+771E 眞 */
    { 0x771fu, {0x0904,0x0904,0x05f4,0x0554,0x0154,0x015f,0x0154,0x0554,0x05f4,0x0904,0x0904,0x0000} }, /* U+771F 真 */
    { 0x7720u, {0x07fc,0x0494,0x0494,0x07fc,0x0000,0x0ffe,0x0892,0x0892,0x00f2,0x0392,0x0c9e,0x0000} }, /* U+7720 眠 */
    { 0x7724u, {0x07fc,0x0494,0x0494,0x07fc,0x0c00,0x03fe,0x0012,0x07d2,0x0912,0x0892,0x0c5e,0x0000} }, /* U+7724 眤 */
    { 0x7725u, {0x003c,0x0020,0x0fbe,0x0a94,0x0a94,0x0ad0,0x0a9f,0x0aa4,0x0aa4,0x0fa4,0x0034,0x0000} }, /* U+7725 眥 */
    { 0x7726u, {0x07fc,0x0494,0x0ffc,0x0800,0x0ffe,0x0410,0x0410,0x07ff,0x0820,0x0810,0x0e08,0x0000} }, /* U+7726 眦 */
    { 0x7729u, {0x07fc,0x0494,0x0494,0x07fc,0x0804,0x0c44,0x0aa4,0x0917,0x088c,0x0844,0x0e24,0x0000} }, /* U+7729 眩 */
    { 0x7737u, {0x0128,0x00a4,0x0fe2,0x0ab4,0x0aac,0x0aa7,0x0aac,0x0ab4,0x0fe2,0x00a4,0x0128,0x0000} }, /* U+7737 眷 */
    { 0x7738u, {0x07fc,0x0494,0x0494,0x07fc,0x0200,0x02ec,0x024b,0x0248,0x0ff8,0x0248,0x024c,0x0000} }, /* U+7738 眸 */
    { 0x773au, {0x07fe,0x0492,0x0ffe,0x0904,0x0888,0x0440,0x03fe,0x0000,0x07ff,0x0848,0x0c84,0x0000} }, /* U+773A 眺 */
    { 0x773cu, {0x07fc,0x0494,0x0494,0x07fc,0x0000,0x0ffe,0x084a,0x09ca,0x024a,0x044a,0x0b7e,0x0000} }, /* U+773C 眼 */
    { 0x7740u, {0x0244,0x0254,0x0154,0x0fd7,0x0954,0x097c,0x0954,0x0956,0x0fd5,0x0054,0x0044,0x0000} }, /* U+7740 着 */
    { 0x7747u, {0x07fc,0x0494,0x07fc,0x0000,0x04e8,0x02a9,0x01aa,0x0ff8,0x04ac,0x04ab,0x03b8,0x0000} }, /* U+7747 睇 */
    { 0x775au, {0x07fc,0x0494,0x07fc,0x0200,0x09fe,0x0842,0x094a,0x094a,0x0ffe,0x094a,0x094a,0x0000} }, /* U+775A 睚 */
    { 0x775bu, {0x07fc,0x0494,0x0494,0x07fc,0x0040,0x0fd4,0x0254,0x0254,0x03ff,0x0a54,0x0fd4,0x0000} }, /* U+775B 睛 */
    { 0x7761u, {0x07fc,0x0494,0x07fc,0x0020,0x092a,0x09fa,0x092a,0x0ffe,0x092a,0x092a,0x09fa,0x0000} }, /* U+7761 睡 */
    { 0x7763u, {0x0068,0x0f88,0x0aff,0x0a8a,0x0aaa,0x0ac8,0x0a82,0x0ada,0x0aa2,0x0fb2,0x004e,0x0000} }, /* U+7763 督 */
    { 0x7765u, {0x07fc,0x0494,0x0494,0x07fc,0x0400,0x06fc,0x0594,0x0496,0x0ffd,0x0494,0x04fc,0x0000} }, /* U+7765 睥 */
    { 0x7766u, {0x07fe,0x0492,0x07fe,0x0810,0x0a94,0x0a94,0x0a74,0x0f1f,0x0af4,0x0a94,0x0ad4,0x0000} }, /* U+7766 睦 */
    { 0x7768u, {0x07fc,0x0494,0x0494,0x0ffc,0x0800,0x04fc,0x0394,0x0082,0x0f91,0x0894,0x0cfc,0x0000} }, /* U+7768 睨 */
    { 0x776bu, {0x07fc,0x0494,0x0ffc,0x0810,0x0754,0x0454,0x0454,0x07ff,0x0954,0x0954,0x097c,0x0000} }, /* U+776B 睫 */
    { 0x7779u, {0x07fc,0x0494,0x0494,0x07fc,0x0200,0x0124,0x0fa4,0x0aff,0x0aa4,0x0af4,0x0fac,0x0000} }, /* U+7779 睹 */
    { 0x777eu, {0x0140,0x055c,0x0554,0x05d4,0x055e,0x0f75,0x055c,0x05d4,0x0554,0x055c,0x0140,0x0000} }, /* U+777E 睾 */
    { 0x777fu, {0x0158,0x0128,0x0f88,0x0aa8,0x0aef,0x0aaa,0x0aea,0x0aaa,0x0f8a,0x0128,0x0158,0x0000} }, /* U+777F 睿 */
    { 0x778bu, {0x07fc,0x0494,0x07fc,0x0000,0x09e0,0x090f,0x05f4,0x0154,0x0154,0x0552,0x09fa,0x0000} }, /* U+778B 瞋 */
    { 0x778eu, {0x07fc,0x0494,0x0494,0x07fc,0x0104,0x0f54,0x0954,0x09ff,0x0954,0x0f54,0x011c,0x0000} }, /* U+778E 瞎 */
    { 0x7791u, {0x07fc,0x0494,0x0494,0x07fc,0x0a06,0x0afa,0x06aa,0x03aa,0x02aa,0x06aa,0x0afe,0x0000} }, /* U+7791 瞑 */
    { 0x779eu, {0x07fc,0x0494,0x07fc,0x0004,0x0fc4,0x015f,0x0254,0x0ff4,0x0154,0x0a5f,0x0fc4,0x0000} }, /* U+779E 瞞 */
    { 0x77a0u, {0x07fc,0x0494,0x0494,0x07fc,0x0804,0x0af6,0x0a94,0x0f97,0x0a94,0x0af6,0x0a1c,0x0000} }, /* U+77A0 瞠 */
    { 0x77a5u, {0x003e,0x0fd4,0x0abf,0x0a94,0x0abe,0x0aa8,0x0aaf,0x0ab4,0x0a94,0x0fec,0x0024,0x0000} }, /* U+77A5 瞥 */
    { 0x77acu, {0x07fc,0x0494,0x07fc,0x0210,0x09f2,0x095e,0x0552,0x07de,0x0492,0x0fda,0x04b6,0x0000} }, /* U+77AC 瞬 */
    { 0x77adu, {0x07fc,0x0494,0x07fc,0x0884,0x044c,0x01f4,0x095c,0x0f57,0x0154,0x055c,0x09f4,0x0000} }, /* U+77AD 瞭 */
    { 0x77b0u, {0x07fc,0x0494,0x07fc,0x040a,0x07fa,0x04ae,0x0ffa,0x080a,0x04df,0x0304,0x0cfc,0x0000} }, /* U+77B0 瞰 */
    { 0x77b3u, {0x07fc,0x0494,0x07fc,0x0824,0x0be4,0x0abc,0x0aa4,0x0fe7,0x0aa4,0x0abc,0x0be4,0x0000} }, /* U+77B3 瞳 */
    { 0x77b6u, {0x07fc,0x0494,0x07fc,0x0840,0x085c,0x07d4,0x0554,0x057f,0x0554,0x0fd4,0x085c,0x0000} }, /* U+77B6 瞶 */
    { 0x77b9u, {0x07fc,0x0494,0x07fc,0x0a52,0x0912,0x0bfe,0x0552,0x057e,0x0552,0x0b5a,0x0836,0x0000} }, /* U+77B9 瞹 */
    { 0x77bbu, {0x07fc,0x0494,0x07fc,0x0208,0x01fc,0x0eaa,0x0aaa,0x0a9a,0x0ace,0x0aba,0x0ea8,0x0000} }, /* U+77BB 瞻 */
    { 0x77bcu, {0x07fc,0x0494,0x07fc,0x0808,0x05e4,0x032a,0x05ea,0x080a,0x05ea,0x032a,0x0dec,0x0000} }, /* U+77BC 瞼 */
    { 0x77bdu, {0x00b4,0x00d4,0x0f9f,0x0ad4,0x0ab4,0x0a90,0x0a94,0x0af4,0x0f9f,0x0054,0x00b4,0x0000} }, /* U+77BD 瞽 */
    { 0x77bfu, {0x0200,0x013e,0x0faa,0x0aea,0x0abe,0x0a80,0x0fc0,0x0abe,0x0aaa,0x0aaa,0x08be,0x0000} }, /* U+77BF 瞿 */
    { 0x77c7u, {0x07fc,0x0494,0x07fc,0x0004,0x0574,0x055f,0x0ad4,0x0954,0x07df,0x0254,0x0534,0x0000} }, /* U+77C7 矇 */
    { 0x77cdu, {0x0880,0x085e,0x09f2,0x0b52,0x055e,0x0550,0x05f0,0x055e,0x0b52,0x0952,0x091e,0x0000} }, /* U+77CD 矍 */
    { 0x77d7u, {0x0e84,0x08f4,0x0f84,0x0af4,0x0a94,0x0f94,0x089f,0x0f94,0x0a94,0x0af4,0x0f84,0x0000} }, /* U+77D7 矗 */
    { 0x77dau, {0x07fc,0x0c94,0x03fe,0x08aa,0x0bba,0x0aea,0x0faa,0x0aba,0x07ea,0x08ba,0x0fee,0x0000} }, /* U+77DA 矚 */
    { 0x77dbu, {0x0220,0x0220,0x0222,0x012a,0x0932,0x08a2,0x0ff2,0x002a,0x0126,0x00a0,0x0060,0x0000} }, /* U+77DB 矛 */
    { 0x77dcu, {0x0222,0x092a,0x0ff2,0x012a,0x00e6,0x0008,0x0094,0x0892,0x0892,0x0492,0x0394,0x0000} }, /* U+77DC 矜 */
    { 0x77e2u, {0x0860,0x0850,0x044f,0x0444,0x0244,0x01fc,0x0144,0x0244,0x0444,0x0844,0x0840,0x0000} }, /* U+77E2 矢 */
    { 0x77e3u, {0x0908,0x0988,0x0548,0x053c,0x032b,0x01e8,0x0328,0x052a,0x052c,0x0908,0x0910,0x0000} }, /* U+77E3 矣 */
    { 0x77e5u, {0x0858,0x0447,0x0244,0x01fc,0x0244,0x0444,0x0840,0x07fc,0x0404,0x0404,0x07fc,0x0000} }, /* U+77E5 知 */
    { 0x77e7u, {0x0c2e,0x0324,0x00fc,0x0724,0x0024,0x08f2,0x0892,0x079e,0x0000,0x0000,0x0ffe,0x0000} }, /* U+77E7 矧 */
    { 0x77e9u, {0x0c2e,0x0324,0x00fc,0x0124,0x0224,0x0ffe,0x0892,0x0892,0x0892,0x0892,0x08f2,0x0000} }, /* U+77E9 矩 */
    { 0x77edu, {0x0c2e,0x0324,0x00fc,0x0724,0x0024,0x08f2,0x0b92,0x0892,0x0c92,0x0b92,0x08f2,0x0000} }, /* U+77ED 短 */
    { 0x77eeu, {0x0c2e,0x0324,0x00fc,0x0324,0x08ca,0x0baa,0x049a,0x04fe,0x068a,0x09aa,0x08ca,0x0000} }, /* U+77EE 矮 */
    { 0x77efu, {0x0c2e,0x0324,0x00fc,0x0f44,0x012a,0x077a,0x054a,0x054e,0x077a,0x092a,0x0f4a,0x0000} }, /* U+77EF 矯 */
    { 0x77f3u, {0x0102,0x0102,0x0082,0x0fc2,0x0862,0x085e,0x0842,0x0842,0x0842,0x0fc2,0x0002,0x0000} }, /* U+77F3 石 */
    { 0x77fcu, {0x0084,0x0fc4,0x087c,0x0844,0x0fc4,0x0802,0x0802,0x0802,0x0ffe,0x0802,0x0802,0x0000} }, /* U+77FC 矼 */
    { 0x7802u, {0x0084,0x0fc4,0x087c,0x0fc4,0x0020,0x0818,0x0880,0x04ff,0x0400,0x0208,0x0110,0x0000} }, /* U+7802 砂 */
    { 0x780cu, {0x0084,0x0fc4,0x087c,0x0fc4,0x0010,0x07fe,0x0c10,0x0382,0x087e,0x0802,0x07fe,0x0000} }, /* U+780C 砌 */
    { 0x7812u, {0x0084,0x0fc4,0x087c,0x0fc4,0x0800,0x0ffe,0x0410,0x0410,0x0fff,0x0810,0x0e08,0x0000} }, /* U+7812 砒 */
    { 0x7814u, {0x0042,0x0fe2,0x083e,0x0fe2,0x0820,0x0422,0x03fe,0x0022,0x0022,0x0ffe,0x0022,0x0000} }, /* U+7814 研 */
    { 0x7815u, {0x0084,0x0fc4,0x087c,0x0fc4,0x0100,0x0164,0x011f,0x0fc4,0x0104,0x013c,0x0120,0x0000} }, /* U+7815 砕 */
    { 0x7820u, {0x0084,0x0fc4,0x087c,0x0844,0x0fc4,0x0800,0x0ffe,0x0892,0x0892,0x0892,0x0ffe,0x0000} }, /* U+7820 砠 */
    { 0x7825u, {0x0084,0x0fc4,0x087c,0x0fc4,0x0000,0x0bfe,0x0a22,0x0a22,0x083e,0x08e2,0x0b22,0x0000} }, /* U+7825 砥 */
    { 0x7826u, {0x04bc,0x04a0,0x0ebe,0x0b94,0x0a94,0x0a90,0x0a9f,0x0aa4,0x0aa4,0x0ea4,0x00b4,0x0000} }, /* U+7826 砦 */
    { 0x7827u, {0x0082,0x0fc2,0x087e,0x0fc2,0x0002,0x0f80,0x0880,0x08ff,0x0888,0x0888,0x0f88,0x0000} }, /* U+7827 砧 */
    { 0x7832u, {0x0084,0x0fc4,0x087c,0x0fc4,0x0038,0x0f97,0x0894,0x0894,0x08f4,0x0904,0x0cfc,0x0000} }, /* U+7832 砲 */
    { 0x7834u, {0x0084,0x0fc4,0x087c,0x0fc4,0x0200,0x09fc,0x0824,0x05a4,0x023f,0x0324,0x0cec,0x0000} }, /* U+7834 破 */
    { 0x783au, {0x0084,0x0fc4,0x087c,0x0fc4,0x0000,0x0c7e,0x0312,0x00f2,0x0892,0x0892,0x0792,0x0000} }, /* U+783A 砺 */
    { 0x783fu, {0x0084,0x0fc4,0x087c,0x0fc4,0x0200,0x01fc,0x0c04,0x0b87,0x0874,0x0804,0x0e04,0x0000} }, /* U+783F 砿 */
    { 0x7845u, {0x0084,0x0fc4,0x087c,0x0fc4,0x0820,0x0924,0x0924,0x0fff,0x0924,0x0924,0x0924,0x0000} }, /* U+7845 硅 */
    { 0x785du, {0x0084,0x0fc4,0x087c,0x0fc4,0x0000,0x0fec,0x02a0,0x02bf,0x02a0,0x0aa8,0x0fe4,0x0000} }, /* U+785D 硝 */
    { 0x786bu, {0x0084,0x0fc4,0x087c,0x0fc4,0x0404,0x03b4,0x002f,0x0fa4,0x0024,0x0f9c,0x0864,0x0000} }, /* U+786B 硫 */
    { 0x786cu, {0x0084,0x0fc4,0x087c,0x0fc4,0x0802,0x0afa,0x04aa,0x03fe,0x04aa,0x08aa,0x08fa,0x0000} }, /* U+786C 硬 */
    { 0x786fu, {0x0084,0x0fc4,0x087c,0x0fc4,0x0800,0x05fe,0x032a,0x012a,0x0f2a,0x092a,0x0dfe,0x0000} }, /* U+786F 硯 */
    { 0x7872u, {0x0084,0x0fc4,0x087c,0x0fc4,0x0000,0x0f44,0x0922,0x0910,0x0910,0x0922,0x0f44,0x0000} }, /* U+7872 硲 */
    { 0x7874u, {0x0084,0x0fc4,0x087c,0x0fc4,0x0084,0x0fcf,0x0024,0x0004,0x0fef,0x0884,0x0c44,0x0000} }, /* U+7874 硴 */
    { 0x787cu, {0x0084,0x0fc4,0x087c,0x0844,0x0ffe,0x0112,0x0ffe,0x0000,0x0ffe,0x0112,0x0ffe,0x0000} }, /* U+787C 硼 */
    { 0x7881u, {0x0140,0x0544,0x02c4,0x0f7f,0x09d4,0x0954,0x0954,0x097f,0x0fc4,0x0144,0x0240,0x0000} }, /* U+7881 碁 */
    { 0x7886u, {0x0988,0x0952,0x0524,0x0f80,0x097c,0x0914,0x09b4,0x095f,0x0954,0x0fb4,0x010c,0x0000} }, /* U+7886 碆 */
    { 0x7887u, {0x0084,0x0fc4,0x087c,0x0fc4,0x082c,0x0724,0x0424,0x07e7,0x0924,0x0924,0x092c,0x0000} }, /* U+7887 碇 */
    { 0x788cu, {0x0084,0x0fc4,0x087c,0x0fc4,0x0838,0x04ae,0x02aa,0x082a,0x0ffa,0x012e,0x06a2,0x0000} }, /* U+788C 碌 */
    { 0x788du, {0x0084,0x0fc4,0x087c,0x0fc4,0x0080,0x02be,0x04aa,0x00aa,0x08aa,0x0fea,0x00be,0x0000} }, /* U+788D 碍 */
    { 0x788eu, {0x0084,0x0fc4,0x087c,0x0fc4,0x0124,0x011c,0x0124,0x0fc7,0x0124,0x011c,0x0164,0x0000} }, /* U+788E 碎 */
    { 0x7891u, {0x0084,0x0fc4,0x087c,0x0fc4,0x0400,0x06fc,0x0594,0x04fe,0x0f95,0x0494,0x04fc,0x0000} }, /* U+7891 碑 */
    { 0x7893u, {0x0084,0x0fc4,0x087c,0x0fc4,0x0024,0x0ff8,0x092f,0x0928,0x0ff8,0x092e,0x0928,0x0000} }, /* U+7893 碓 */
    { 0x7895u, {0x0084,0x0fc4,0x087c,0x0fc4,0x0064,0x0754,0x054c,0x0747,0x004c,0x0854,0x0fe4,0x0000} }, /* U+7895 碕 */
    { 0x7897u, {0x0084,0x0fc4,0x087c,0x0fc4,0x087c,0x0494,0x03f4,0x0007,0x0ff4,0x0914,0x0dfc,0x0000} }, /* U+7897 碗 */
    { 0x789au, {0x0084,0x0fc4,0x087c,0x0fc4,0x0024,0x0f24,0x093c,0x0927,0x0924,0x093c,0x0f24,0x0000} }, /* U+789A 碚 */
    { 0x78a3u, {0x0084,0x0fc4,0x087c,0x0fc4,0x04be,0x06ea,0x05aa,0x06aa,0x08aa,0x08be,0x0780,0x0000} }, /* U+78A3 碣 */
    { 0x78a7u, {0x094a,0x094a,0x057e,0x0f4a,0x0900,0x097c,0x0954,0x0956,0x0955,0x0f54,0x017c,0x0000} }, /* U+78A7 碧 */
    { 0x78a9u, {0x0084,0x0fc4,0x087c,0x0fc4,0x0802,0x0bfa,0x06aa,0x02ae,0x02aa,0x06aa,0x0bfa,0x0000} }, /* U+78A9 碩 */
    { 0x78aau, {0x0084,0x0fc4,0x087c,0x0fc4,0x0a84,0x0aff,0x0994,0x0894,0x0b94,0x0aff,0x0a84,0x0000} }, /* U+78AA 碪 */
    { 0x78afu, {0x0084,0x0fc4,0x087c,0x0fc4,0x0002,0x0fc8,0x0a54,0x0962,0x0ac8,0x0854,0x0fe2,0x0000} }, /* U+78AF 碯 */
    { 0x78b5u, {0x0084,0x0fc4,0x087c,0x0fc4,0x0804,0x0bf0,0x0650,0x025f,0x0254,0x0654,0x0bf4,0x0000} }, /* U+78B5 碵 */
    { 0x78bau, {0x0084,0x0fc4,0x087c,0x0fc4,0x004c,0x0fe4,0x093c,0x0927,0x0ff4,0x0924,0x092c,0x0000} }, /* U+78BA 確 */
    { 0x78bcu, {0x0084,0x0fc4,0x087c,0x0fc4,0x00fe,0x06aa,0x00aa,0x06fe,0x08aa,0x08aa,0x0782,0x0000} }, /* U+78BC 碼 */
    { 0x78beu, {0x0084,0x0fc4,0x087c,0x0fc4,0x0204,0x09fe,0x0f2a,0x09fa,0x032a,0x05fa,0x0b2e,0x0000} }, /* U+78BE 碾 */
    { 0x78c1u, {0x0084,0x0fc4,0x087c,0x07c4,0x0ca9,0x0a9a,0x0988,0x0cc8,0x0aac,0x099b,0x0cc8,0x0000} }, /* U+78C1 磁 */
    { 0x78c5u, {0x0084,0x0fc4,0x087c,0x0fc4,0x0064,0x0ca4,0x03bc,0x02a7,0x0aa4,0x0abc,0x06e4,0x0000} }, /* U+78C5 磅 */
    { 0x78c6u, {0x0084,0x0fc4,0x087c,0x0fc4,0x0064,0x0fbe,0x02a2,0x02ba,0x0aaa,0x0fbe,0x0060,0x0000} }, /* U+78C6 磆 */
    { 0x78cau, {0x04a2,0x0ea2,0x0b92,0x0afa,0x0e96,0x0492,0x0292,0x0f92,0x0a92,0x0af2,0x0e82,0x0000} }, /* U+78CA 磊 */
    { 0x78cbu, {0x0084,0x0fc4,0x087c,0x0fc4,0x0244,0x0957,0x09d4,0x097c,0x0f56,0x0955,0x0954,0x0000} }, /* U+78CB 磋 */
    { 0x78d0u, {0x0940,0x09fc,0x0556,0x0f45,0x09fc,0x0908,0x09b6,0x0952,0x0952,0x0fbe,0x0108,0x0000} }, /* U+78D0 磐 */
    { 0x78d1u, {0x0084,0x0fc4,0x087c,0x0fc4,0x0000,0x09d6,0x0f54,0x0954,0x0957,0x0f54,0x09d6,0x0000} }, /* U+78D1 磑 */
    { 0x78d4u, {0x0084,0x0fc4,0x087c,0x0fc4,0x0958,0x054e,0x0332,0x0f9e,0x0124,0x057e,0x0924,0x0000} }, /* U+78D4 磔 */
    { 0x78dau, {0x0084,0x0fc4,0x087c,0x0fc4,0x017c,0x0554,0x0954,0x01ff,0x0954,0x0f54,0x01fc,0x0000} }, /* U+78DA 磚 */
    { 0x78e7u, {0x0084,0x0fc4,0x087c,0x0fc4,0x0854,0x07d4,0x0554,0x057f,0x0554,0x0fd4,0x0854,0x0000} }, /* U+78E7 磧 */
    { 0x78e8u, {0x0300,0x08fc,0x0454,0x0eb4,0x0bfc,0x0a94,0x0aa7,0x0a94,0x0afc,0x0ab4,0x0ed4,0x0000} }, /* U+78E8 磨 */
    { 0x78ecu, {0x0994,0x0974,0x0554,0x0f7f,0x0954,0x0974,0x099e,0x0952,0x0952,0x0fbe,0x0108,0x0000} }, /* U+78EC 磬 */
    { 0x78efu, {0x0084,0x0fc4,0x087c,0x0fc4,0x0434,0x03aa,0x0ab0,0x08ef,0x07b4,0x04aa,0x0ab4,0x0000} }, /* U+78EF 磯 */
    { 0x78f4u, {0x0084,0x0fc4,0x087c,0x0fc4,0x0828,0x0bb2,0x0eaa,0x0aa6,0x0aa8,0x0eb4,0x0baa,0x0000} }, /* U+78F4 磴 */
    { 0x78fdu, {0x0084,0x0fc4,0x087c,0x0fc4,0x0954,0x05f4,0x0354,0x011f,0x0f54,0x09f4,0x0d54,0x0000} }, /* U+78FD 磽 */
    { 0x7901u, {0x0084,0x0fc4,0x087c,0x0fc4,0x0410,0x01fc,0x0d57,0x0154,0x0dfc,0x0157,0x0d54,0x0000} }, /* U+7901 礁 */
    { 0x7907u, {0x0084,0x0fc4,0x087c,0x0fc4,0x0afc,0x0aac,0x0656,0x03fd,0x0254,0x06ac,0x0afc,0x0000} }, /* U+7907 礇 */
    { 0x790eu, {0x0084,0x0fc4,0x087c,0x0fc4,0x0854,0x077f,0x0444,0x07d4,0x094c,0x097f,0x08d4,0x0000} }, /* U+790E 礎 */
    { 0x7911u, {0x0084,0x0fc4,0x087c,0x0844,0x0fdc,0x0a86,0x0abc,0x0fa7,0x0abc,0x0a86,0x0f9c,0x0000} }, /* U+7911 礑 */
    { 0x7912u, {0x0084,0x0fc4,0x087c,0x0fc4,0x0544,0x0fd7,0x0554,0x09fc,0x0b56,0x0555,0x0b54,0x0000} }, /* U+7912 礒 */
    { 0x7919u, {0x0084,0x0fc4,0x087c,0x0fc4,0x056e,0x03d4,0x0554,0x0f52,0x0812,0x0ffa,0x0916,0x0000} }, /* U+7919 礙 */
    { 0x7926u, {0x0084,0x0fc4,0x087c,0x0fc4,0x087c,0x07d4,0x057c,0x0557,0x07d4,0x057c,0x0fd4,0x0000} }, /* U+7926 礦 */
    { 0x792au, {0x0084,0x0fc4,0x087c,0x0fc4,0x007e,0x0f0a,0x01fa,0x072e,0x05fa,0x092e,0x0ffa,0x0000} }, /* U+792A 礪 */
    { 0x792bu, {0x0084,0x0fc4,0x087c,0x0fc4,0x0954,0x052a,0x037c,0x0fd7,0x017c,0x052a,0x0954,0x0000} }, /* U+792B 礫 */
    { 0x792cu, {0x0254,0x0a4c,0x057f,0x0fc4,0x096a,0x0954,0x096a,0x0944,0x0fff,0x014c,0x0254,0x0000} }, /* U+792C 礬 */
    { 0x793au, {0x0420,0x0222,0x0122,0x0022,0x0822,0x0fe2,0x0022,0x0022,0x0122,0x0222,0x0420,0x0000} }, /* U+793A 示 */
    { 0x793cu, {0x0108,0x0088,0x0fce,0x0128,0x0218,0x0000,0x07fe,0x0800,0x0800,0x0800,0x0f00,0x0000} }, /* U+793C 礼 */
    { 0x793eu, {0x0108,0x0088,0x0fcf,0x00a8,0x0118,0x0800,0x0810,0x0810,0x0fff,0x0810,0x0810,0x0000} }, /* U+793E 社 */
    { 0x7940u, {0x0792,0x0012,0x0ff2,0x0012,0x0792,0x0000,0x0ffe,0x0822,0x0822,0x0822,0x0e3e,0x0000} }, /* U+7940 祀 */
    { 0x7941u, {0x0108,0x0088,0x0fcf,0x00a8,0x0118,0x0000,0x0ffe,0x0002,0x0422,0x0452,0x038e,0x0000} }, /* U+7941 祁 */
    { 0x7947u, {0x0108,0x0f8e,0x0148,0x0238,0x0800,0x0ffc,0x0844,0x0444,0x047c,0x03c2,0x0c42,0x0000} }, /* U+7947 祇 */
    { 0x7948u, {0x0108,0x0088,0x0fce,0x0138,0x0600,0x01fc,0x0024,0x0024,0x0022,0x0fe2,0x0020,0x0000} }, /* U+7948 祈 */
    { 0x7949u, {0x0108,0x0088,0x0fce,0x0138,0x0800,0x0ff0,0x0800,0x0fff,0x0820,0x0820,0x0820,0x0000} }, /* U+7949 祉 */
    { 0x7950u, {0x0108,0x0088,0x0fce,0x0128,0x0118,0x0084,0x0fc4,0x0864,0x085f,0x0844,0x0fc4,0x0000} }, /* U+7950 祐 */
    { 0x7953u, {0x0792,0x0012,0x0ff2,0x0012,0x0b04,0x08e4,0x041f,0x04e4,0x0304,0x04c4,0x0836,0x0000} }, /* U+7953 祓 */
    { 0x7955u, {0x0792,0x0012,0x0ff2,0x0012,0x09c0,0x0400,0x07f2,0x0904,0x08c0,0x0830,0x0d8c,0x0000} }, /* U+7955 祕 */
    { 0x7956u, {0x0108,0x0088,0x0fce,0x00a8,0x0118,0x0800,0x0ffe,0x0892,0x0892,0x0892,0x0ffe,0x0000} }, /* U+7956 祖 */
    { 0x7957u, {0x0792,0x0012,0x0ff2,0x0112,0x0810,0x0bfc,0x0a24,0x0a24,0x083c,0x08e2,0x0b22,0x0000} }, /* U+7957 祗 */
    { 0x795au, {0x0792,0x0012,0x0ff2,0x0012,0x0792,0x000f,0x0004,0x0ffc,0x0124,0x0124,0x0124,0x0000} }, /* U+795A 祚 */
    { 0x795du, {0x0108,0x0088,0x0fce,0x0938,0x0800,0x043e,0x03e2,0x0022,0x0fe2,0x0822,0x0e3e,0x0000} }, /* U+795D 祝 */
    { 0x795eu, {0x0108,0x0088,0x0fce,0x0138,0x0000,0x01fc,0x0124,0x0124,0x0fff,0x0124,0x01fc,0x0000} }, /* U+795E 神 */
    { 0x795fu, {0x0a30,0x06a6,0x02a4,0x02a4,0x0aa4,0x0ebf,0x02a4,0x02a4,0x02a4,0x06a6,0x0a30,0x0000} }, /* U+795F 祟 */
    { 0x7960u, {0x0792,0x0012,0x0ff2,0x0112,0x0000,0x0792,0x0492,0x0792,0x0012,0x0802,0x0ffe,0x0000} }, /* U+7960 祠 */
    { 0x7962u, {0x0108,0x0088,0x0fce,0x00b8,0x0100,0x0098,0x0847,0x0804,0x0ffc,0x0044,0x0184,0x0000} }, /* U+7962 祢 */
    { 0x7965u, {0x0108,0x0088,0x0fce,0x0138,0x0000,0x0249,0x024a,0x0248,0x0ffc,0x024b,0x0248,0x0000} }, /* U+7965 祥 */
    { 0x7968u, {0x0202,0x0aba,0x06aa,0x02aa,0x0abe,0x0eaa,0x02be,0x02aa,0x06aa,0x0aba,0x0202,0x0000} }, /* U+7968 票 */
    { 0x796du, {0x0848,0x0546,0x012a,0x0152,0x094e,0x0f40,0x0142,0x014a,0x0152,0x052a,0x0846,0x0000} }, /* U+796D 祭 */
    { 0x7977u, {0x0108,0x0f8e,0x0248,0x0138,0x0544,0x0354,0x05d4,0x017f,0x0954,0x0fd4,0x0154,0x0000} }, /* U+7977 祷 */
    { 0x797au, {0x0792,0x0012,0x0ff2,0x0112,0x0904,0x05ff,0x0154,0x0154,0x0154,0x05ff,0x0904,0x0000} }, /* U+797A 祺 */
    { 0x797fu, {0x0792,0x0012,0x0ff2,0x0812,0x04b8,0x02ae,0x082a,0x0fea,0x013a,0x02ae,0x0462,0x0000} }, /* U+797F 祿 */
    { 0x7980u, {0x0904,0x0504,0x017c,0x0144,0x095c,0x0f57,0x015c,0x0144,0x017c,0x0504,0x0904,0x0000} }, /* U+7980 禀 */
    { 0x7981u, {0x0924,0x0514,0x017f,0x0154,0x0944,0x0f60,0x0154,0x014c,0x017f,0x0514,0x0924,0x0000} }, /* U+7981 禁 */
    { 0x7984u, {0x0108,0x0f8e,0x0148,0x0438,0x02a0,0x09aa,0x082a,0x0fea,0x012a,0x02be,0x0460,0x0000} }, /* U+7984 禄 */
    { 0x7985u, {0x0108,0x0088,0x0fce,0x0138,0x0400,0x05fa,0x052c,0x0529,0x0ffa,0x052c,0x05fa,0x0000} }, /* U+7985 禅 */
    { 0x798au, {0x0792,0x0012,0x0ff2,0x0916,0x0954,0x05ff,0x0354,0x01e2,0x031e,0x0542,0x097e,0x0000} }, /* U+798A 禊 */
    { 0x798du, {0x0088,0x0fce,0x0128,0x0018,0x0fe0,0x003e,0x07a2,0x04ba,0x07aa,0x083e,0x0fe0,0x0000} }, /* U+798D 禍 */
    { 0x798eu, {0x0108,0x0088,0x0fce,0x0138,0x0800,0x09f0,0x0550,0x015f,0x0154,0x0554,0x09f4,0x0000} }, /* U+798E 禎 */
    { 0x798fu, {0x0088,0x0fce,0x0128,0x0018,0x0f82,0x0aba,0x0aaa,0x0faa,0x0aaa,0x0aba,0x0f82,0x0000} }, /* U+798F 福 */
    { 0x799du, {0x0792,0x0012,0x0ff2,0x0812,0x0abe,0x0aaa,0x056a,0x053e,0x056a,0x0baa,0x08be,0x0000} }, /* U+799D 禝 */
    { 0x79a6u, {0x0924,0x0572,0x0108,0x016f,0x094a,0x0f7e,0x014a,0x014a,0x017e,0x0522,0x093e,0x0000} }, /* U+79A6 禦 */
    { 0x79a7u, {0x0792,0x0012,0x0ff2,0x0012,0x0114,0x0f74,0x09d4,0x0954,0x095f,0x09d4,0x0f74,0x0000} }, /* U+79A7 禧 */
    { 0x79aau, {0x0792,0x0012,0x0ff2,0x0410,0x05fe,0x0552,0x055e,0x0ff0,0x055e,0x0552,0x05fe,0x0000} }, /* U+79AA 禪 */
    { 0x79aeu, {0x0792,0x0012,0x0ff2,0x0012,0x087c,0x09d4,0x0f7f,0x0954,0x0f7f,0x09d4,0x087c,0x0000} }, /* U+79AE 禮 */
    { 0x79b0u, {0x0088,0x0fce,0x0138,0x0012,0x0ffa,0x0556,0x0292,0x0ffe,0x0552,0x0296,0x0ffa,0x0000} }, /* U+79B0 禰 */
    { 0x79b3u, {0x0792,0x0012,0x0ff2,0x0412,0x055c,0x0d54,0x0bfc,0x0907,0x03fc,0x0554,0x0b5c,0x0000} }, /* U+79B3 禳 */
    { 0x79b9u, {0x0f82,0x0082,0x04ba,0x04aa,0x04aa,0x07fe,0x04aa,0x04aa,0x06ba,0x0882,0x0f82,0x0000} }, /* U+79B9 禹 */
    { 0x79bau, {0x0f80,0x00be,0x04aa,0x04aa,0x04aa,0x07fe,0x04aa,0x04aa,0x06aa,0x08be,0x0f80,0x0000} }, /* U+79BA 禺 */
    { 0x79bdu, {0x0f10,0x0108,0x01ec,0x050a,0x07da,0x052e,0x055a,0x070a,0x01ec,0x0908,0x0f10,0x0000} }, /* U+79BD 禽 */
    { 0x79beu, {0x0420,0x0424,0x0224,0x0124,0x00a4,0x0ffc,0x0062,0x00a2,0x0122,0x0222,0x0420,0x0000} }, /* U+79BE 禾 */
    { 0x79bfu, {0x0890,0x0894,0x0454,0x0354,0x0034,0x00fc,0x0712,0x0832,0x0852,0x0892,0x0c90,0x0000} }, /* U+79BF 禿 */
    { 0x79c0u, {0x0048,0x08ca,0x08aa,0x04aa,0x039a,0x00fe,0x088a,0x099a,0x092a,0x074a,0x0048,0x0000} }, /* U+79C0 秀 */
    { 0x79c1u, {0x0624,0x01a4,0x0ffc,0x0122,0x0c22,0x0b00,0x08e0,0x081e,0x0400,0x0380,0x0c00,0x0000} }, /* U+79C1 私 */
    { 0x79c9u, {0x0428,0x04aa,0x02aa,0x02aa,0x01aa,0x0ffe,0x00aa,0x01aa,0x02aa,0x04fa,0x0428,0x0000} }, /* U+79C9 秉 */
    { 0x79cbu, {0x0624,0x01a4,0x0ffc,0x0902,0x0862,0x0418,0x0300,0x00ff,0x0300,0x0460,0x0818,0x0000} }, /* U+79CB 秋 */
    { 0x79d1u, {0x0624,0x01a4,0x0ffc,0x0122,0x0202,0x0220,0x0244,0x0108,0x0100,0x0ffe,0x0080,0x0000} }, /* U+79D1 科 */
    { 0x79d2u, {0x0624,0x01a4,0x0ffc,0x0102,0x0812,0x0808,0x0880,0x04ff,0x0400,0x0208,0x0110,0x0000} }, /* U+79D2 秒 */
    { 0x79d5u, {0x0624,0x01a4,0x0ffc,0x0822,0x0ffe,0x0410,0x0410,0x07ff,0x0820,0x0810,0x0c08,0x0000} }, /* U+79D5 秕 */
    { 0x79d8u, {0x0624,0x01a4,0x0ffc,0x0022,0x09c2,0x0400,0x07f2,0x0904,0x08c0,0x0830,0x0d8c,0x0000} }, /* U+79D8 秘 */
    { 0x79dfu, {0x0624,0x01a4,0x0ffc,0x0122,0x0222,0x0800,0x0ffe,0x0892,0x0892,0x0892,0x0ffe,0x0000} }, /* U+79DF 租 */
    { 0x79e1u, {0x0624,0x01a4,0x0ffc,0x0022,0x0b06,0x08e4,0x041f,0x04e4,0x0304,0x04c4,0x0836,0x0000} }, /* U+79E1 秡 */
    { 0x79e3u, {0x0624,0x01a4,0x0ffc,0x0422,0x0406,0x0224,0x0124,0x0fff,0x0124,0x0224,0x0424,0x0000} }, /* U+79E3 秣 */
    { 0x79e4u, {0x0624,0x01a4,0x0ffc,0x0022,0x008a,0x0092,0x0082,0x0ffe,0x0082,0x0092,0x008a,0x0000} }, /* U+79E4 秤 */
    { 0x79e6u, {0x0244,0x0944,0x09d4,0x0574,0x035c,0x0fd7,0x0154,0x0374,0x05d4,0x0944,0x0244,0x0000} }, /* U+79E6 秦 */
    { 0x79e7u, {0x0624,0x01a4,0x0ffc,0x0882,0x08fe,0x0484,0x0284,0x01ff,0x0284,0x0484,0x08fc,0x0000} }, /* U+79E7 秧 */
    { 0x79e9u, {0x0624,0x01a4,0x0ffc,0x0222,0x0842,0x085e,0x0448,0x0348,0x00ff,0x0348,0x0c48,0x0000} }, /* U+79E9 秩 */
    { 0x79ecu, {0x0624,0x01a4,0x0ffc,0x0122,0x0222,0x0ffe,0x0892,0x0892,0x0892,0x08f2,0x0802,0x0000} }, /* U+79EC 秬 */
    { 0x79f0u, {0x0624,0x01a4,0x0ffc,0x0022,0x0102,0x0098,0x0847,0x0804,0x0ffc,0x0044,0x0184,0x0000} }, /* U+79F0 称 */
    { 0x79fbu, {0x0624,0x01a4,0x0ffc,0x0022,0x090a,0x0948,0x0ad4,0x04a7,0x04a4,0x0294,0x018c,0x0000} }, /* U+79FB 移 */
    { 0x7a00u, {0x0624,0x01a4,0x0ffc,0x0222,0x0102,0x07a8,0x00ea,0x0fb4,0x00a4,0x04aa,0x07b2,0x0000} }, /* U+7A00 稀 */
    { 0x7a08u, {0x0624,0x01a4,0x0ffc,0x0122,0x0002,0x057e,0x054a,0x054a,0x0f4a,0x054a,0x057e,0x0000} }, /* U+7A08 稈 */
    { 0x7a0bu, {0x0624,0x01a4,0x0ffc,0x0122,0x0002,0x095e,0x0952,0x0952,0x0fd2,0x0952,0x095e,0x0000} }, /* U+7A0B 程 */
    { 0x7a0du, {0x0624,0x01a4,0x0ffc,0x0222,0x0002,0x0fe8,0x02a4,0x02a0,0x02bf,0x0aa4,0x0fe8,0x0000} }, /* U+7A0D 稍 */
    { 0x7a0eu, {0x0624,0x01a4,0x0ffc,0x0922,0x0822,0x0479,0x03ca,0x0048,0x0fcc,0x084b,0x0c78,0x0000} }, /* U+7A0E 税 */
    { 0x7a14u, {0x0624,0x01a4,0x0ffc,0x0022,0x060a,0x0854,0x0952,0x0a52,0x0152,0x04d4,0x0808,0x0000} }, /* U+7A14 稔 */
    { 0x7a17u, {0x0624,0x01a4,0x0ffc,0x0022,0x04fe,0x0694,0x0596,0x04fd,0x0f94,0x0494,0x04fc,0x0000} }, /* U+7A17 稗 */
    { 0x7a18u, {0x0624,0x01a4,0x0ffc,0x0122,0x0902,0x05ff,0x0154,0x0154,0x0154,0x05ff,0x0904,0x0000} }, /* U+7A18 稘 */
    { 0x7a19u, {0x0624,0x01a4,0x0ffc,0x0022,0x0fe6,0x0804,0x0bf4,0x0a54,0x0a5f,0x0a54,0x0bf4,0x0000} }, /* U+7A19 稙 */
    { 0x7a1au, {0x0624,0x01a4,0x0ffc,0x0222,0x0022,0x0ff8,0x092f,0x0928,0x0ff8,0x092e,0x0928,0x0000} }, /* U+7A1A 稚 */
    { 0x7a1cu, {0x0624,0x01a4,0x0ffc,0x0012,0x0956,0x0b54,0x04b4,0x049f,0x06b4,0x09d4,0x0854,0x0000} }, /* U+7A1C 稜 */
    { 0x7a1fu, {0x0904,0x0904,0x057c,0x0544,0x035c,0x0fd7,0x015c,0x0344,0x057c,0x0904,0x0904,0x0000} }, /* U+7A1F 稟 */
    { 0x7a20u, {0x0624,0x01a4,0x0ffc,0x0022,0x0ffe,0x0002,0x072a,0x057e,0x072a,0x0802,0x0ffe,0x0000} }, /* U+7A20 稠 */
    { 0x7a2eu, {0x0624,0x01a4,0x0ffc,0x0022,0x0afa,0x0aaa,0x0aaa,0x0ffe,0x0aaa,0x0aaa,0x0afa,0x0000} }, /* U+7A2E 種 */
    { 0x7a31u, {0x0624,0x01a4,0x0ffc,0x0222,0x0ff2,0x02ae,0x02a2,0x03fe,0x02a2,0x0aa6,0x0fea,0x0000} }, /* U+7A31 稱 */
    { 0x7a32u, {0x0624,0x01a4,0x0ffc,0x0022,0x0fca,0x0012,0x0fc6,0x094a,0x0942,0x0958,0x0fc6,0x0000} }, /* U+7A32 稲 */
    { 0x7a37u, {0x0624,0x01a4,0x0ffc,0x0822,0x0abe,0x0aaa,0x056a,0x053e,0x056a,0x0baa,0x08be,0x0000} }, /* U+7A37 稷 */
    { 0x7a3bu, {0x0624,0x01a4,0x0ffc,0x0222,0x0032,0x0fce,0x0942,0x092e,0x0802,0x0946,0x0fca,0x0000} }, /* U+7A3B 稻 */
    { 0x7a3cu, {0x0624,0x01a4,0x0ffc,0x0422,0x048e,0x0294,0x0a54,0x0977,0x0794,0x0154,0x062c,0x0000} }, /* U+7A3C 稼 */
    { 0x7a3du, {0x0624,0x01a4,0x0ffc,0x0122,0x0016,0x0ef4,0x0aac,0x0aa7,0x0abc,0x0a96,0x0ed4,0x0000} }, /* U+7A3D 稽 */
    { 0x7a3eu, {0x0974,0x0914,0x055c,0x0574,0x0354,0x0fd7,0x0154,0x0374,0x055c,0x0914,0x0974,0x0000} }, /* U+7A3E 稾 */
    { 0x7a3fu, {0x0624,0x01a4,0x0ffc,0x0022,0x0fc6,0x005c,0x0754,0x0557,0x0754,0x085c,0x0fc4,0x0000} }, /* U+7A3F 稿 */
    { 0x7a40u, {0x0974,0x0554,0x0fdf,0x0154,0x0534,0x08a0,0x0b9e,0x0482,0x0482,0x0abe,0x09a0,0x0000} }, /* U+7A40 穀 */
    { 0x7a42u, {0x0624,0x01a4,0x0ffc,0x0422,0x01f6,0x0d54,0x0954,0x0bff,0x0954,0x0554,0x09f4,0x0000} }, /* U+7A42 穂 */
    { 0x7a43u, {0x0624,0x01a4,0x0ffc,0x0222,0x012e,0x0f94,0x094c,0x0927,0x092c,0x0954,0x0fac,0x0000} }, /* U+7A43 穃 */
    { 0x7a46u, {0x0624,0x01a4,0x0ffc,0x0122,0x089e,0x0a54,0x0a96,0x0af5,0x0514,0x0554,0x029c,0x0000} }, /* U+7A46 穆 */
    { 0x7a49u, {0x0624,0x01a4,0x0ffc,0x0222,0x01fe,0x062a,0x05aa,0x050a,0x0ffa,0x052a,0x052e,0x0000} }, /* U+7A49 穉 */
    { 0x7a4du, {0x0624,0x01a4,0x0ffc,0x0842,0x0856,0x07d4,0x0554,0x057f,0x0554,0x0fd4,0x0854,0x0000} }, /* U+7A4D 積 */
    { 0x7a4eu, {0x095e,0x0554,0x0fd4,0x0554,0x0902,0x0bfa,0x06aa,0x02ae,0x02aa,0x06aa,0x0bfa,0x0000} }, /* U+7A4E 穎 */
    { 0x7a4fu, {0x0624,0x01a4,0x0ffc,0x0422,0x0152,0x0f5e,0x0952,0x0b5e,0x0952,0x055a,0x09f6,0x0000} }, /* U+7A4F 穏 */
    { 0x7a50u, {0x0624,0x01a4,0x0ffc,0x0022,0x078a,0x02fc,0x02aa,0x0ffa,0x0aae,0x0aaa,0x0bf8,0x0000} }, /* U+7A50 穐 */
    { 0x7a57u, {0x0624,0x01a4,0x0ffc,0x0522,0x017e,0x0754,0x0954,0x0bff,0x0954,0x0554,0x09fc,0x0000} }, /* U+7A57 穗 */
    { 0x7a61u, {0x0624,0x01a4,0x0ffc,0x0022,0x0fa6,0x089c,0x0ba4,0x0aff,0x0ba4,0x089c,0x0fe4,0x0000} }, /* U+7A61 穡 */
    { 0x7a62u, {0x0624,0x01a4,0x0ffc,0x0422,0x0bea,0x08ae,0x07a8,0x0aaf,0x04fa,0x032a,0x0cea,0x0000} }, /* U+7A62 穢 */
    { 0x7a63u, {0x0624,0x01a4,0x0ffc,0x0022,0x0556,0x0d5c,0x0bf4,0x0957,0x0354,0x05fc,0x0b54,0x0000} }, /* U+7A63 穣 */
    { 0x7a69u, {0x0624,0x01a4,0x0ffc,0x0442,0x015a,0x0756,0x0952,0x0b7e,0x0952,0x0556,0x09fa,0x0000} }, /* U+7A69 穩 */
    { 0x7a6bu, {0x0624,0x01a4,0x0ffc,0x0022,0x0926,0x0bf4,0x055f,0x0554,0x05f4,0x0b5f,0x0954,0x0000} }, /* U+7A6B 穫 */
    { 0x7a70u, {0x0624,0x01a4,0x0ffc,0x0422,0x055e,0x0d54,0x0bfc,0x0907,0x03fc,0x0554,0x0b5c,0x0000} }, /* U+7A70 穰 */
    { 0x7a74u, {0x083c,0x0804,0x0404,0x0324,0x0024,0x0027,0x0024,0x01e4,0x0604,0x0804,0x083c,0x0000} }, /* U+7A74 穴 */
    { 0x7a76u, {0x080c,0x08a4,0x04a4,0x0494,0x03cc,0x0087,0x009c,0x07a4,0x0824,0x0824,0x0e0c,0x0000} }, /* U+7A76 究 */
    { 0x7a79u, {0x000c,0x07a4,0x02a4,0x0294,0x028c,0x0287,0x0abc,0x0aa4,0x0ae4,0x0624,0x000c,0x0000} }, /* U+7A79 穹 */
    { 0x7a7au, {0x081c,0x0844,0x0944,0x0924,0x091c,0x0f07,0x097c,0x0944,0x0944,0x0844,0x081c,0x0000} }, /* U+7A7A 空 */
    { 0x7a7du, {0x020c,0x0aa4,0x0aa4,0x07d4,0x028c,0x0287,0x02bc,0x0fe4,0x02a4,0x02a4,0x020c,0x0000} }, /* U+7A7D 穽 */
    { 0x7a7fu, {0x090c,0x0924,0x0524,0x05f4,0x032c,0x0127,0x093c,0x0924,0x0fe4,0x0124,0x010c,0x0000} }, /* U+7A7F 穿 */
    { 0x7a81u, {0x088c,0x08a4,0x04a4,0x0494,0x028c,0x01c7,0x029c,0x04a4,0x04a4,0x08a4,0x088c,0x0000} }, /* U+7A81 突 */
    { 0x7a83u, {0x010c,0x07a4,0x0924,0x0914,0x008c,0x0c87,0x039c,0x00a4,0x08a4,0x08a4,0x078c,0x0000} }, /* U+7A83 窃 */
    { 0x7a84u, {0x010c,0x00a4,0x0064,0x0054,0x0fcc,0x0547,0x057c,0x0544,0x0544,0x0564,0x044c,0x0000} }, /* U+7A84 窄 */
    { 0x7a88u, {0x090c,0x0da4,0x0b64,0x0924,0x0d9c,0x0087,0x0cbc,0x03e4,0x08a4,0x08a4,0x078c,0x0000} }, /* U+7A88 窈 */
    { 0x7a92u, {0x082c,0x08a4,0x0ae4,0x0ab4,0x0aac,0x0fa7,0x0abc,0x0aa4,0x0ae4,0x08a4,0x082c,0x0000} }, /* U+7A92 窒 */
    { 0x7a93u, {0x081c,0x0424,0x0094,0x06cc,0x08a4,0x0987,0x0a9c,0x08a4,0x08a4,0x0224,0x041c,0x0000} }, /* U+7A93 窓 */
    { 0x7a95u, {0x040c,0x0aa4,0x0924,0x0414,0x038c,0x0007,0x07bc,0x0824,0x0924,0x0aa4,0x0c0c,0x0000} }, /* U+7A95 窕 */
    { 0x7a96u, {0x018c,0x0f74,0x0954,0x094c,0x0944,0x0bf7,0x095c,0x0954,0x0954,0x0f54,0x010c,0x0000} }, /* U+7A96 窖 */
    { 0x7a97u, {0x0fcc,0x0854,0x0954,0x0d4c,0x0ae4,0x0a47,0x0b5c,0x0cd4,0x0854,0x0854,0x0fcc,0x0000} }, /* U+7A97 窗 */
    { 0x7a98u, {0x048c,0x04a4,0x0ea4,0x0ab4,0x0bec,0x0aa7,0x0abc,0x0aa4,0x0be4,0x0ea4,0x008c,0x0000} }, /* U+7A98 窘 */
    { 0x7a9fu, {0x060c,0x01e4,0x0ca4,0x0bb4,0x0aac,0x0aa7,0x0fbc,0x0aa4,0x0aa4,0x0ba4,0x0cec,0x0000} }, /* U+7A9F 窟 */
    { 0x7aa9u, {0x0e0c,0x0224,0x03e4,0x0e34,0x0a2c,0x0ba7,0x0abc,0x0ea4,0x03e4,0x0a24,0x0e0c,0x0000} }, /* U+7AA9 窩 */
    { 0x7aaau, {0x084c,0x0484,0x0224,0x0854,0x0a8c,0x0a87,0x0a9c,0x0fe4,0x0aa4,0x0aa4,0x088c,0x0000} }, /* U+7AAA 窪 */
    { 0x7aaeu, {0x090c,0x05f4,0x0354,0x0954,0x0ffc,0x0107,0x03dc,0x0954,0x0954,0x0954,0x077c,0x0000} }, /* U+7AAE 窮 */
    { 0x7aafu, {0x090c,0x0514,0x0154,0x0554,0x096c,0x01c7,0x055c,0x0974,0x0154,0x0514,0x090c,0x0000} }, /* U+7AAF 窯 */
    { 0x7ab0u, {0x028c,0x0e94,0x0bb4,0x0aec,0x0aa4,0x0fd7,0x0a9c,0x0ad4,0x0ab4,0x0e94,0x028c,0x0000} }, /* U+7AB0 窰 */
    { 0x7ab6u, {0x094c,0x0954,0x09f4,0x074c,0x0554,0x05f7,0x055c,0x0554,0x0bf4,0x0954,0x094c,0x0000} }, /* U+7AB6 窶 */
    { 0x7abau, {0x094c,0x0554,0x03f4,0x0554,0x094c,0x09f7,0x075c,0x0154,0x0f54,0x09f4,0x0c0c,0x0000} }, /* U+7ABA 窺 */
    { 0x7abfu, {0x0ffc,0x0494,0x0374,0x0114,0x092c,0x0ba7,0x0a9c,0x0a54,0x0f54,0x0ab4,0x0a8c,0x0000} }, /* U+7ABF 窿 */
    { 0x7ac3u, {0x000c,0x07a4,0x02e4,0x02b4,0x02ac,0x0fe7,0x0abc,0x0aa4,0x0ae4,0x0ba4,0x0c0c,0x0000} }, /* U+7AC3 竃 */
    { 0x7ac4u, {0x080c,0x0ff4,0x0554,0x0554,0x084c,0x0fc7,0x055c,0x0554,0x0454,0x03f4,0x0c0c,0x0000} }, /* U+7AC4 竄 */
    { 0x7ac5u, {0x050c,0x03f4,0x0954,0x095c,0x07f4,0x0907,0x08dc,0x0774,0x0454,0x0bd4,0x084c,0x0000} }, /* U+7AC5 竅 */
    { 0x7ac7u, {0x084c,0x09d4,0x0754,0x0554,0x05cc,0x0567,0x05dc,0x0554,0x0754,0x09d4,0x084c,0x0000} }, /* U+7AC7 竇 */
    { 0x7ac8u, {0x07ac,0x02e4,0x02a4,0x02b4,0x0fec,0x0827,0x0ffc,0x0aa4,0x0aa4,0x0ae4,0x0bac,0x0000} }, /* U+7AC8 竈 */
    { 0x7acau, {0x056c,0x0314,0x0ff4,0x0154,0x0f0c,0x01c7,0x075c,0x0574,0x0554,0x09d4,0x0f0c,0x0000} }, /* U+7ACA 竊 */
    { 0x7acbu, {0x0808,0x0808,0x0808,0x0be8,0x0808,0x080f,0x0808,0x0f08,0x08e8,0x0808,0x0808,0x0000} }, /* U+7ACB 立 */
    { 0x7acdu, {0x0408,0x05e8,0x040e,0x0708,0x04f8,0x0408,0x0020,0x0020,0x0fff,0x0020,0x0020,0x0000} }, /* U+7ACD 竍 */
    { 0x7acfu, {0x0408,0x05e8,0x040e,0x0708,0x04f8,0x0408,0x0042,0x0042,0x0ffe,0x0042,0x0042,0x0000} }, /* U+7ACF 竏 */
    { 0x7ad2u, {0x0020,0x0024,0x07a4,0x04bc,0x04a4,0x04a7,0x07a4,0x003c,0x0824,0x0fe4,0x0020,0x0000} }, /* U+7AD2 竒 */
    { 0x7ad3u, {0x05e8,0x040e,0x07f8,0x0408,0x0124,0x0124,0x0ffc,0x0892,0x0892,0x0892,0x0c90,0x0000} }, /* U+7AD3 竓 */
    { 0x7ad5u, {0x05e8,0x040e,0x07f8,0x0408,0x0060,0x0658,0x01c2,0x0842,0x0842,0x07ce,0x0070,0x0000} }, /* U+7AD5 竕 */
    { 0x7ad9u, {0x0408,0x05e8,0x040e,0x07f8,0x0408,0x0f80,0x0880,0x08ff,0x0888,0x0888,0x0f88,0x0000} }, /* U+7AD9 站 */
    { 0x7adau, {0x05e8,0x040e,0x07f8,0x0408,0x005c,0x0044,0x0844,0x0847,0x0fc4,0x0044,0x005c,0x0000} }, /* U+7ADA 竚 */
    { 0x7adcu, {0x0024,0x0024,0x03e4,0x02bc,0x02a4,0x0fe7,0x0aa4,0x0abc,0x0be4,0x0824,0x0e24,0x0000} }, /* U+7ADC 竜 */
    { 0x7addu, {0x05e8,0x040e,0x07f8,0x0408,0x0808,0x0be8,0x0808,0x080f,0x0f08,0x08e8,0x0808,0x0000} }, /* U+7ADD 竝 */
    { 0x7adfu, {0x0820,0x0824,0x0be4,0x06bc,0x02a4,0x02a7,0x0ea4,0x0abc,0x0be4,0x0824,0x0c20,0x0000} }, /* U+7ADF 竟 */
    { 0x7ae0u, {0x0410,0x0414,0x05f4,0x055c,0x0554,0x0f57,0x0554,0x055c,0x05f4,0x0414,0x0410,0x0000} }, /* U+7AE0 章 */
    { 0x7ae1u, {0x05e8,0x040e,0x07f8,0x0408,0x0002,0x0ff2,0x0892,0x089a,0x0896,0x0892,0x0ff2,0x0000} }, /* U+7AE1 竡 */
    { 0x7ae2u, {0x05e8,0x040e,0x07f8,0x0408,0x0988,0x097c,0x052b,0x0528,0x03e8,0x052e,0x0928,0x0000} }, /* U+7AE2 竢 */
    { 0x7ae3u, {0x05e8,0x040e,0x07f8,0x0408,0x0948,0x0b4c,0x04bb,0x0488,0x06b8,0x09ce,0x0868,0x0000} }, /* U+7AE3 竣 */
    { 0x7ae5u, {0x0820,0x0824,0x0be4,0x0abc,0x0aa4,0x0fe7,0x0aa4,0x0abc,0x0be4,0x0824,0x0820,0x0000} }, /* U+7AE5 童 */
    { 0x7ae6u, {0x05e8,0x040e,0x07f8,0x0408,0x04f4,0x0294,0x0194,0x0fff,0x0094,0x0294,0x04f4,0x0000} }, /* U+7AE6 竦 */
    { 0x7aeau, {0x09fe,0x092a,0x09ee,0x0f2a,0x093a,0x0980,0x0942,0x0f3a,0x0922,0x0952,0x088e,0x0000} }, /* U+7AEA 竪 */
    { 0x7aedu, {0x05e8,0x040e,0x07f8,0x0408,0x06fe,0x05aa,0x04aa,0x06aa,0x08aa,0x08be,0x0780,0x0000} }, /* U+7AED 竭 */
    { 0x7aefu, {0x05e8,0x040e,0x07f8,0x0408,0x0fae,0x00a8,0x07a8,0x00ef,0x07a8,0x08a8,0x0fae,0x0000} }, /* U+7AEF 端 */
    { 0x7af0u, {0x05e8,0x040e,0x07f8,0x0408,0x03fe,0x0802,0x0afa,0x0aaa,0x0ffa,0x0aaa,0x0afa,0x0000} }, /* U+7AF0 竰 */
    { 0x7af6u, {0x0dd4,0x035c,0x0157,0x0f5c,0x09d4,0x0810,0x05d4,0x035c,0x0157,0x0f5c,0x09d4,0x0000} }, /* U+7AF6 競 */
    { 0x7af8u, {0x0c14,0x03fc,0x0154,0x0f57,0x09fc,0x0c14,0x03fc,0x0157,0x0f54,0x09fc,0x0c14,0x0000} }, /* U+7AF8 竸 */
    { 0x7af9u, {0x0060,0x001e,0x0008,0x0ff8,0x0008,0x0060,0x0018,0x080f,0x0808,0x0ff8,0x0008,0x0000} }, /* U+7AF9 竹 */
    { 0x7afau, {0x0808,0x0806,0x089c,0x0884,0x0884,0x0888,0x0887,0x0884,0x089c,0x0804,0x0804,0x0000} }, /* U+7AFA 竺 */
    { 0x7affu, {0x0108,0x0126,0x012c,0x0124,0x0124,0x0fe8,0x0127,0x0124,0x012c,0x0124,0x0104,0x0000} }, /* U+7AFF 竿 */
    { 0x7b02u, {0x0808,0x0846,0x055c,0x0244,0x05e4,0x0848,0x0047,0x07c4,0x081c,0x0804,0x0e04,0x0000} }, /* U+7B02 笂 */
    { 0x7b04u, {0x0908,0x0926,0x052c,0x03e4,0x0124,0x0128,0x0127,0x0fe4,0x012c,0x0124,0x0104,0x0000} }, /* U+7B04 笄 */
    { 0x7b06u, {0x0008,0x07e6,0x092c,0x0924,0x0924,0x09e8,0x0927,0x0924,0x092c,0x09e4,0x0c04,0x0000} }, /* U+7B06 笆 */
    { 0x7b08u, {0x0c28,0x0326,0x00ec,0x0824,0x0924,0x0a28,0x04a7,0x04e4,0x06ac,0x09a4,0x0804,0x0000} }, /* U+7B08 笈 */
    { 0x7b0au, {0x0c08,0x03c6,0x005c,0x0044,0x0044,0x0fc8,0x0047,0x0044,0x005c,0x03c4,0x0c44,0x0000} }, /* U+7B0A 笊 */
    { 0x7b0bu, {0x0088,0x02a6,0x02ac,0x0aa4,0x0aa4,0x07e8,0x02a7,0x02a4,0x02ac,0x03e4,0x0084,0x0000} }, /* U+7B0B 笋 */
    { 0x7b0fu, {0x0108,0x0886,0x045c,0x0264,0x01c4,0x0848,0x0447,0x03c4,0x085c,0x0844,0x07c4,0x0000} }, /* U+7B0F 笏 */
    { 0x7b11u, {0x0908,0x0946,0x054c,0x0554,0x0344,0x01c8,0x0327,0x0524,0x052c,0x0924,0x0904,0x0000} }, /* U+7B11 笑 */
    { 0x7b18u, {0x0008,0x0f06,0x091c,0x0904,0x0904,0x09f8,0x0927,0x0924,0x092c,0x0f04,0x0004,0x0000} }, /* U+7B18 笘 */
    { 0x7b19u, {0x0888,0x0846,0x093c,0x0924,0x0924,0x0ff8,0x0927,0x0924,0x092c,0x0824,0x0804,0x0000} }, /* U+7B19 笙 */
    { 0x7b1bu, {0x0008,0x0fe6,0x092c,0x0924,0x0924,0x0ff8,0x0927,0x0924,0x092c,0x0fe4,0x0004,0x0000} }, /* U+7B1B 笛 */
    { 0x7b1eu, {0x0048,0x0046,0x0f4c,0x0964,0x0954,0x0948,0x0947,0x0944,0x0f6c,0x0044,0x0084,0x0000} }, /* U+7B1E 笞 */
    { 0x7b20u, {0x0808,0x0846,0x085c,0x0bc4,0x0844,0x0878,0x0e47,0x09c4,0x085c,0x0844,0x0804,0x0000} }, /* U+7B20 笠 */
    { 0x7b25u, {0x0028,0x0ea6,0x0aac,0x0aa4,0x0aa4,0x0aa8,0x0ea7,0x0024,0x002c,0x0824,0x0fe4,0x0000} }, /* U+7B25 笥 */
    { 0x7b26u, {0x0088,0x0fc6,0x003c,0x0044,0x0044,0x0148,0x0247,0x0044,0x085c,0x0fe4,0x0044,0x0000} }, /* U+7B26 符 */
    { 0x7b28u, {0x0228,0x0226,0x012c,0x02a4,0x0264,0x0ff8,0x0227,0x0264,0x02ac,0x0124,0x0224,0x0000} }, /* U+7B28 笨 */
    { 0x7b2cu, {0x0808,0x09d6,0x055c,0x0354,0x0154,0x0ff8,0x0157,0x0154,0x095c,0x0974,0x0704,0x0000} }, /* U+7B2C 第 */
    { 0x7b33u, {0x0448,0x0246,0x09f4,0x084c,0x0844,0x07c8,0x0007,0x0fe4,0x082c,0x0824,0x0fe4,0x0000} }, /* U+7B33 笳 */
    { 0x7b35u, {0x0848,0x0486,0x022c,0x0044,0x0004,0x0fe8,0x0827,0x0824,0x092c,0x09e4,0x0c04,0x0000} }, /* U+7B35 笵 */
    { 0x7b36u, {0x0988,0x0946,0x0534,0x052c,0x0324,0x01e8,0x0327,0x0524,0x052c,0x0924,0x0904,0x0000} }, /* U+7B36 笶 */
    { 0x7b39u, {0x0048,0x0046,0x0ff4,0x084c,0x0844,0x0bf8,0x0a47,0x0a44,0x0bf4,0x084c,0x0844,0x0000} }, /* U+7B39 笹 */
    { 0x7b45u, {0x0988,0x0946,0x0534,0x032c,0x0124,0x01f8,0x0f27,0x0924,0x092c,0x0924,0x0d04,0x0000} }, /* U+7B45 筅 */
    { 0x7b46u, {0x0448,0x0446,0x055c,0x0554,0x0554,0x0ff8,0x0557,0x0554,0x05f4,0x044c,0x0444,0x0000} }, /* U+7B46 筆 */
    { 0x7b48u, {0x0088,0x0ea6,0x0aac,0x0aa4,0x0aa4,0x0be8,0x0aa7,0x0aa4,0x0aac,0x0ea4,0x0084,0x0000} }, /* U+7B48 筈 */
    { 0x7b49u, {0x0088,0x0286,0x02ac,0x06a4,0x0aa4,0x02f8,0x02a7,0x0aa4,0x0fac,0x02a4,0x0284,0x0000} }, /* U+7B49 等 */
    { 0x7b4bu, {0x0c08,0x03f6,0x015c,0x0954,0x0ff4,0x0028,0x0627,0x01fc,0x0824,0x0824,0x07e4,0x0000} }, /* U+7B4B 筋 */
    { 0x7b4cu, {0x0908,0x0926,0x08ac,0x0ae4,0x0aa4,0x0fa8,0x0aa7,0x0aa4,0x08cc,0x0884,0x0904,0x0000} }, /* U+7B4C 筌 */
    { 0x7b4du, {0x0188,0x0066,0x0fbc,0x0aa4,0x0aa4,0x0aa8,0x0fa7,0x0024,0x082c,0x0834,0x07e4,0x0000} }, /* U+7B4D 筍 */
    { 0x7b4fu, {0x0088,0x0fc6,0x003c,0x0004,0x0844,0x0848,0x0447,0x05f4,0x024c,0x0544,0x0864,0x0000} }, /* U+7B4F 筏 */
    { 0x7b50u, {0x0fe8,0x0826,0x0a2c,0x0aa4,0x0aa4,0x0aa8,0x0be7,0x0aa4,0x0aac,0x0aa4,0x0a24,0x0000} }, /* U+7B50 筐 */
    { 0x7b51u, {0x0428,0x0426,0x03ec,0x0224,0x0c04,0x03e8,0x00a7,0x0124,0x002c,0x0fe4,0x0804,0x0000} }, /* U+7B51 筑 */
    { 0x7b52u, {0x0fe8,0x0026,0x002c,0x0ea4,0x0aa4,0x0aa8,0x0aa7,0x0ea4,0x002c,0x0824,0x0fe4,0x0000} }, /* U+7B52 筒 */
    { 0x7b54u, {0x0108,0x0086,0x0e4c,0x0aa4,0x0aa4,0x0aa8,0x0aa7,0x0aa4,0x0e4c,0x0084,0x0104,0x0000} }, /* U+7B54 答 */
    { 0x7b56u, {0x0828,0x0ba6,0x04ac,0x04a4,0x02a4,0x0ff8,0x00a7,0x02a4,0x04ac,0x0ba4,0x0824,0x0000} }, /* U+7B56 策 */
    { 0x7b5du, {0x0108,0x0546,0x056c,0x0554,0x0554,0x0fd8,0x0557,0x0574,0x055c,0x07c4,0x0104,0x0000} }, /* U+7B5D 筝 */
    { 0x7b65u, {0x0008,0x0e06,0x0aec,0x0aa4,0x0ba4,0x0aa8,0x0aa7,0x0aa4,0x0aec,0x0e04,0x0004,0x0000} }, /* U+7B65 筥 */
    { 0x7b67u, {0x0808,0x0806,0x0bec,0x06a4,0x02a4,0x02a8,0x0ea7,0x0aa4,0x0bec,0x0804,0x0c04,0x0000} }, /* U+7B67 筧 */
    { 0x7b6cu, {0x0c08,0x03e6,0x00ac,0x04a4,0x07a4,0x0828,0x0827,0x05f4,0x022c,0x0524,0x08b4,0x0000} }, /* U+7B6C 筬 */
    { 0x7b6eu, {0x0a08,0x0926,0x08ec,0x0924,0x0a24,0x0fe8,0x0a27,0x0924,0x08ec,0x0924,0x0a04,0x0000} }, /* U+7B6E 筮 */
    { 0x7b70u, {0x0108,0x0f86,0x006c,0x0004,0x0184,0x0068,0x0fc7,0x0544,0x055c,0x0544,0x0544,0x0000} }, /* U+7B70 筰 */
    { 0x7b71u, {0x0048,0x0fe6,0x001c,0x07c4,0x0004,0x0988,0x0877,0x0724,0x042c,0x0be4,0x0824,0x0000} }, /* U+7B71 筱 */
    { 0x7b74u, {0x0a28,0x0926,0x04ec,0x0524,0x0224,0x01f8,0x0227,0x0524,0x04ec,0x0924,0x0a24,0x0000} }, /* U+7B74 筴 */
    { 0x7b75u, {0x0928,0x09a6,0x056c,0x0734,0x0a04,0x0ba8,0x0a27,0x0a24,0x0bec,0x0a94,0x0a94,0x0000} }, /* U+7B75 筵 */
    { 0x7b7au, {0x0fe8,0x0826,0x0a2c,0x0aa4,0x0aa4,0x0aa8,0x0be7,0x0aa4,0x0aac,0x0aa4,0x0b24,0x0000} }, /* U+7B7A 筺 */
    { 0x7b86u, {0x0808,0x0ff6,0x0a1c,0x0a94,0x0a54,0x0038,0x0f57,0x0a94,0x0a1c,0x09f4,0x0d04,0x0000} }, /* U+7B86 箆 */
    { 0x7b87u, {0x0fe8,0x0826,0x08ac,0x0ea4,0x0aa4,0x0be8,0x0aa7,0x0ea4,0x08ac,0x0824,0x0fe4,0x0000} }, /* U+7B87 箇 */
    { 0x7b8bu, {0x0888,0x0aa6,0x0aac,0x0aa4,0x0b74,0x0558,0x0557,0x0554,0x0bbc,0x0914,0x0d94,0x0000} }, /* U+7B8B 箋 */
    { 0x7b8du, {0x0a48,0x0fe6,0x024c,0x0044,0x0fe4,0x0828,0x0ba7,0x08a4,0x0fec,0x08a4,0x0ba4,0x0000} }, /* U+7B8D 箍 */
    { 0x7b8fu, {0x0148,0x0126,0x055c,0x0554,0x0554,0x0ff8,0x0557,0x0554,0x07dc,0x0134,0x0154,0x0000} }, /* U+7B8F 箏 */
    { 0x7b92u, {0x0748,0x0146,0x0f5c,0x0154,0x0154,0x0f58,0x0157,0x0954,0x0f5c,0x01f4,0x0744,0x0000} }, /* U+7B92 箒 */
    { 0x7b94u, {0x0848,0x0486,0x022c,0x0044,0x0004,0x0fe8,0x0927,0x0934,0x092c,0x0924,0x0fe4,0x0000} }, /* U+7B94 箔 */
    { 0x7b95u, {0x0208,0x0a26,0x0a2c,0x07f4,0x02a4,0x02a8,0x02a7,0x02a4,0x07f4,0x0a2c,0x0a24,0x0200} }, /* U+7B95 箕 */
    { 0x7b97u, {0x0408,0x0406,0x0dfc,0x0754,0x0554,0x0558,0x0557,0x0f54,0x05fc,0x0404,0x0404,0x0000} }, /* U+7B97 算 */
    { 0x7b98u, {0x0fe8,0x0826,0x0cac,0x0aa4,0x09a4,0x0fe8,0x08a7,0x0aa4,0x0cac,0x0824,0x0fe4,0x0000} }, /* U+7B98 箘 */
    { 0x7b99u, {0x0c08,0x03f6,0x015c,0x0954,0x0ff4,0x0008,0x0bf7,0x0894,0x069c,0x0494,0x0bb4,0x0000} }, /* U+7B99 箙 */
    { 0x7b9au, {0x0ec8,0x0aa6,0x0aac,0x0aa4,0x0aa4,0x0ea8,0x0007,0x03c4,0x001c,0x0804,0x0fe4,0x0000} }, /* U+7B9A 箚 */
    { 0x7b9cu, {0x08e8,0x0926,0x0aac,0x0a64,0x0a24,0x0f38,0x0ae7,0x0aa4,0x0aac,0x0824,0x08e4,0x0000} }, /* U+7B9C 箜 */
    { 0x7b9du, {0x0248,0x0a46,0x0fec,0x0144,0x0044,0x0fe8,0x0947,0x0944,0x094c,0x0944,0x0fe4,0x0000} }, /* U+7B9D 箝 */
    { 0x7b9fu, {0x0808,0x0fe6,0x0aac,0x0aa4,0x0aa4,0x00a8,0x0fa7,0x0aa4,0x0aac,0x0ae4,0x0c04,0x0000} }, /* U+7B9F 箟 */
    { 0x7ba1u, {0x00e8,0x0026,0x002c,0x0fe4,0x0aa4,0x0ab8,0x0aa7,0x0ae4,0x0e2c,0x0024,0x00e4,0x0000} }, /* U+7BA1 管 */
    { 0x7baau, {0x0408,0x05f7,0x055c,0x0554,0x0554,0x0ff8,0x0557,0x0554,0x055c,0x05f4,0x0404,0x0000} }, /* U+7BAA 箪 */
    { 0x7badu, {0x0fe8,0x02a7,0x02bc,0x0aa4,0x0fe4,0x0028,0x03e7,0x0024,0x083c,0x0fe4,0x0024,0x0000} }, /* U+7BAD 箭 */
    { 0x7bb1u, {0x0448,0x0246,0x0fec,0x0144,0x0244,0x0008,0x0fe7,0x0aa4,0x0aac,0x0aa4,0x0fe4,0x0000} }, /* U+7BB1 箱 */
    { 0x7bb4u, {0x0c08,0x03e6,0x0eac,0x0aa4,0x0aa4,0x0ea8,0x0827,0x05f4,0x022c,0x0524,0x08b4,0x0000} }, /* U+7BB4 箴 */
    { 0x7bb8u, {0x0488,0x04a6,0x02ac,0x0fa4,0x0af4,0x0aa8,0x0aa7,0x0ae4,0x0fac,0x00a4,0x0084,0x0000} }, /* U+7BB8 箸 */
    { 0x7bc0u, {0x0ff8,0x0957,0x095c,0x0b54,0x05f4,0x0808,0x0007,0x0ff4,0x001c,0x0414,0x07f4,0x0000} }, /* U+7BC0 節 */
    { 0x7bc1u, {0x0808,0x0a06,0x0bec,0x0aa4,0x0ab4,0x0ea8,0x0aa7,0x0aa4,0x0bec,0x0a04,0x0804,0x0000} }, /* U+7BC1 篁 */
    { 0x7bc4u, {0x05f8,0x0557,0x0ff4,0x055c,0x0554,0x05f8,0x0007,0x0ff4,0x081c,0x0914,0x0df4,0x0000} }, /* U+7BC4 範 */
    { 0x7bc6u, {0x0448,0x0546,0x056c,0x02d4,0x0a54,0x09d8,0x0657,0x0174,0x02dc,0x0444,0x0444,0x0000} }, /* U+7BC6 篆 */
    { 0x7bc7u, {0x0618,0x01f6,0x0f5c,0x0554,0x0554,0x0f58,0x0557,0x0f54,0x055c,0x0574,0x0f14,0x0000} }, /* U+7BC7 篇 */
    { 0x7bc9u, {0x0958,0x0956,0x0574,0x055c,0x0314,0x0fc8,0x0137,0x0354,0x051c,0x0974,0x0944,0x0000} }, /* U+7BC9 築 */
    { 0x7bcbu, {0x0fe8,0x0aa6,0x09ac,0x0aa4,0x0ca4,0x0be8,0x0ca7,0x0aa4,0x09ac,0x0aa4,0x0ca4,0x0000} }, /* U+7BCB 篋 */
    { 0x7bccu, {0x0048,0x0fe6,0x001c,0x07c4,0x0204,0x09c8,0x0957,0x0554,0x03dc,0x0574,0x0944,0x0000} }, /* U+7BCC 篌 */
    { 0x7bcfu, {0x0fe8,0x0946,0x094c,0x0fe4,0x0044,0x0988,0x0877,0x0444,0x03dc,0x0444,0x09c4,0x0000} }, /* U+7BCF 篏 */
    { 0x7bddu, {0x0288,0x0fa6,0x02ac,0x02f4,0x02a4,0x03a8,0x02a7,0x02f4,0x0aac,0x0fa4,0x0284,0x0000} }, /* U+7BDD 篝 */
    { 0x7be0u, {0x0088,0x0fe6,0x001c,0x0be4,0x0a24,0x0698,0x02b7,0x0fd4,0x025c,0x06b4,0x0a94,0x0000} }, /* U+7BE0 篠 */
    { 0x7be4u, {0x0808,0x0406,0x01fc,0x0d54,0x0154,0x0d58,0x01f7,0x0d54,0x015c,0x0954,0x0f04,0x0000} }, /* U+7BE4 篤 */
    { 0x7be5u, {0x0908,0x0976,0x055c,0x0554,0x0374,0x0fd8,0x0177,0x0354,0x055c,0x0974,0x0904,0x0000} }, /* U+7BE5 篥 */
    { 0x7be6u, {0x0808,0x0ff6,0x0a9c,0x0ad4,0x0ab4,0x0098,0x07b7,0x0ad4,0x0a9c,0x0af4,0x0c04,0x0000} }, /* U+7BE6 篦 */
    { 0x7be9u, {0x0fe8,0x0aa6,0x0ab4,0x0aac,0x0ee4,0x0008,0x07a7,0x00a4,0x0fec,0x00a4,0x07a4,0x0000} }, /* U+7BE9 篩 */
    { 0x7bedu, {0x00a8,0x07a6,0x02ac,0x02e4,0x02a4,0x0fb8,0x0aa7,0x0ae4,0x0aac,0x0ba4,0x0ca4,0x0000} }, /* U+7BED 篭 */
    { 0x7bf3u, {0x0508,0x0576,0x07dc,0x0554,0x0554,0x0ff8,0x0557,0x0554,0x07dc,0x0574,0x0504,0x0000} }, /* U+7BF3 篳 */
    { 0x7bf6u, {0x0908,0x0516,0x01dc,0x0d14,0x0114,0x0df8,0x0157,0x0d54,0x095c,0x0954,0x0704,0x0000} }, /* U+7BF6 篶 */
    { 0x7bf7u, {0x0928,0x0946,0x071c,0x0424,0x0884,0x0aa8,0x0a97,0x0a54,0x0f5c,0x0ab4,0x0a84,0x0000} }, /* U+7BF7 篷 */
    { 0x7c00u, {0x0848,0x0856,0x07dc,0x0554,0x0554,0x0578,0x0557,0x0554,0x07dc,0x0854,0x0844,0x0000} }, /* U+7C00 簀 */
    { 0x7c07u, {0x0328,0x08f6,0x08a4,0x07ac,0x0024,0x0998,0x0977,0x0554,0x03dc,0x0554,0x0954,0x0000} }, /* U+7C07 簇 */
    { 0x7c0du, {0x0918,0x09d6,0x097c,0x0754,0x0554,0x05f8,0x0557,0x0554,0x0b7c,0x09d4,0x0914,0x0000} }, /* U+7C0D 簍 */
    { 0x7c11u, {0x0448,0x0456,0x0dfc,0x0b54,0x0954,0x0958,0x0357,0x0554,0x05fc,0x0a54,0x0944,0x0000} }, /* U+7C11 簑 */
    { 0x7c12u, {0x0508,0x0b06,0x05fc,0x0b54,0x0d54,0x0b58,0x0957,0x0954,0x0dfc,0x0304,0x0504,0x0000} }, /* U+7C12 簒 */
    { 0x7c13u, {0x0fe8,0x0026,0x0eac,0x0be4,0x0ea4,0x0028,0x0fe7,0x0004,0x092c,0x0924,0x0494,0x0000} }, /* U+7C13 簓 */
    { 0x7c14u, {0x0448,0x0556,0x0d5c,0x0bf4,0x0954,0x0958,0x0357,0x05f4,0x055c,0x0b54,0x0944,0x0000} }, /* U+7C14 簔 */
    { 0x7c17u, {0x09a8,0x0946,0x051c,0x0524,0x0354,0x0f98,0x0177,0x0314,0x059c,0x0974,0x0944,0x0000} }, /* U+7C17 簗 */
    { 0x7c1fu, {0x0418,0x0476,0x07dc,0x0554,0x0574,0x0d58,0x0577,0x0554,0x07dc,0x0474,0x0414,0x0000} }, /* U+7C1F 簟 */
    { 0x7c21u, {0x0ff8,0x0157,0x015c,0x0f54,0x0af4,0x0a88,0x0af7,0x0f54,0x015c,0x0954,0x0ff4,0x0000} }, /* U+7C21 簡 */
    { 0x7c23u, {0x0848,0x0846,0x07fc,0x0554,0x0554,0x0578,0x0557,0x0554,0x07fc,0x0854,0x0844,0x0000} }, /* U+7C23 簣 */
    { 0x7c27u, {0x0848,0x0856,0x07dc,0x0574,0x0554,0x07d8,0x0557,0x0574,0x07dc,0x0854,0x0844,0x0000} }, /* U+7C27 簧 */
    { 0x7c2au, {0x0178,0x0ed6,0x0a5c,0x0bf4,0x0a54,0x0a08,0x0b77,0x0ad4,0x0a5c,0x0ff4,0x0154,0x0000} }, /* U+7C2A 簪 */
    { 0x7c2bu, {0x0c28,0x07a6,0x052c,0x0d54,0x0154,0x0fd8,0x0157,0x0d54,0x057c,0x0524,0x0fa4,0x0000} }, /* U+7C2B 簫 */
    { 0x7c37u, {0x0c48,0x03e6,0x015c,0x0f54,0x0ad4,0x0a58,0x0b57,0x0a54,0x0afc,0x0f54,0x0144,0x0000} }, /* U+7C37 簷 */
    { 0x7c38u, {0x0a28,0x07f6,0x02ac,0x02a4,0x07f4,0x0a28,0x09f7,0x0a94,0x04fc,0x0694,0x09b4,0x0000} }, /* U+7C38 簸 */
    { 0x7c3du, {0x0848,0x0bc6,0x06ac,0x02b4,0x0bac,0x0828,0x07af,0x02b4,0x06a4,0x0bcc,0x0844,0x0000} }, /* U+7C3D 簽 */
    { 0x7c3eu, {0x0608,0x01f6,0x085c,0x0554,0x0154,0x0ff8,0x0157,0x0ff4,0x015c,0x0554,0x09f4,0x0000} }, /* U+7C3E 簾 */
    { 0x7c3fu, {0x0888,0x0526,0x004c,0x01f4,0x0554,0x0958,0x01f7,0x0154,0x095c,0x0ff4,0x0114,0x0000} }, /* U+7C3F 簿 */
    { 0x7c40u, {0x0a48,0x0fe6,0x024c,0x00f4,0x0f94,0x0ad8,0x0a87,0x0fd4,0x0abc,0x0a94,0x0ff4,0x0000} }, /* U+7C40 籀 */
    { 0x7c43u, {0x0be8,0x0ea6,0x0aec,0x0aa4,0x0fa4,0x0a48,0x0eb7,0x0aa4,0x0aac,0x0ea4,0x08a4,0x0000} }, /* U+7C43 籃 */
    { 0x7c4cu, {0x0118,0x0f56,0x095c,0x0f54,0x0154,0x05d8,0x0957,0x0154,0x095c,0x0f94,0x0134,0x0000} }, /* U+7C4C 籌 */
    { 0x7c4du, {0x04a8,0x02a6,0x0ffc,0x02a4,0x0484,0x0fa8,0x0af7,0x0aa4,0x0aac,0x0af4,0x0fa4,0x0000} }, /* U+7C4D 籍 */
    { 0x7c4fu, {0x0628,0x01f6,0x08a4,0x08ac,0x07a4,0x0918,0x05f7,0x0154,0x015c,0x05f4,0x0914,0x0000} }, /* U+7C4F 籏 */
    { 0x7c50u, {0x0fe8,0x02a6,0x0aac,0x0fe4,0x0ab4,0x05a8,0x08e7,0x0fb4,0x02ec,0x05b4,0x0aa4,0x0000} }, /* U+7C50 籐 */
    { 0x7c54u, {0x0948,0x0bf6,0x0554,0x05fc,0x0554,0x0bf8,0x0947,0x05bc,0x0214,0x05f4,0x0814,0x0000} }, /* U+7C54 籔 */
    { 0x7c56u, {0x0948,0x0956,0x0fd4,0x087c,0x0fd4,0x0958,0x0947,0x0874,0x05cc,0x0244,0x0d64,0x0000} }, /* U+7C56 籖 */
    { 0x7c58u, {0x0fe8,0x02a6,0x0aac,0x0fe4,0x05b4,0x0ea8,0x05e7,0x0eb4,0x05ec,0x0eb4,0x05a4,0x0000} }, /* U+7C58 籘 */
    { 0x7c5fu, {0x09d8,0x0556,0x0ffc,0x0154,0x05d4,0x0808,0x0bd7,0x0574,0x055c,0x0554,0x0bf4,0x0000} }, /* U+7C5F 籟 */
    { 0x7c60u, {0x0fe8,0x02a6,0x02b4,0x0aec,0x0fa4,0x0088,0x0777,0x0954,0x095c,0x0954,0x0dd4,0x0000} }, /* U+7C60 籠 */
    { 0x7c64u, {0x0948,0x0966,0x0fdc,0x0864,0x0fd4,0x0968,0x0947,0x0874,0x05cc,0x0244,0x0d64,0x0000} }, /* U+7C64 籤 */
    { 0x7c65u, {0x0088,0x0f46,0x05ec,0x0554,0x0fd4,0x0558,0x0fd7,0x0554,0x05ec,0x0f44,0x0084,0x0000} }, /* U+7C65 籥 */
    { 0x7c6cu, {0x0f78,0x0156,0x07fc,0x0554,0x0f74,0x0098,0x0ff7,0x0aa4,0x0aac,0x0ff4,0x0aa4,0x0000} }, /* U+7C6C 籬 */
    { 0x7c73u, {0x0420,0x0424,0x0228,0x0120,0x00a0,0x0fff,0x0020,0x00a0,0x0128,0x0224,0x0420,0x0000} }, /* U+7C73 米 */
    { 0x7c75u, {0x062c,0x01a0,0x0ffe,0x0120,0x020c,0x0020,0x0020,0x0020,0x0fff,0x0020,0x0020,0x0000} }, /* U+7C75 籵 */
    { 0x7c7eu, {0x062c,0x01a0,0x0ffe,0x0120,0x0612,0x01a2,0x007e,0x0882,0x0902,0x0402,0x03fe,0x0000} }, /* U+7C7E 籾 */
    { 0x7c81u, {0x062c,0x01a0,0x0ffe,0x0120,0x0044,0x0044,0x0044,0x0ffc,0x0042,0x0042,0x0040,0x0000} }, /* U+7C81 粁 */
    { 0x7c82u, {0x0920,0x0924,0x0564,0x0512,0x0312,0x0fea,0x010a,0x0396,0x0562,0x0920,0x0920,0x0000} }, /* U+7C82 粂 */
    { 0x7c83u, {0x062c,0x01a0,0x0ffe,0x0124,0x0820,0x0ffe,0x0410,0x0410,0x0fff,0x0810,0x0e08,0x0000} }, /* U+7C83 粃 */
    { 0x7c89u, {0x062c,0x01a0,0x0ffe,0x0224,0x0060,0x0658,0x01c2,0x0842,0x0842,0x07ce,0x0070,0x0000} }, /* U+7C89 粉 */
    { 0x7c8bu, {0x062c,0x01a0,0x0ffe,0x0120,0x0104,0x0164,0x011f,0x0fc4,0x0104,0x013c,0x0120,0x0000} }, /* U+7C8B 粋 */
    { 0x7c8du, {0x062c,0x01a0,0x0ffe,0x0100,0x0124,0x0124,0x07fc,0x0892,0x0892,0x084a,0x0c48,0x0000} }, /* U+7C8D 粍 */
    { 0x7c90u, {0x062c,0x01a0,0x0ffe,0x0120,0x002c,0x0c00,0x03f2,0x0092,0x0092,0x0092,0x00f2,0x0000} }, /* U+7C90 粐 */
    { 0x7c92u, {0x062c,0x01a0,0x0ffe,0x0120,0x0808,0x0be8,0x0808,0x080f,0x0f08,0x08e8,0x0808,0x0000} }, /* U+7C92 粒 */
    { 0x7c95u, {0x062c,0x01a0,0x0ffe,0x0124,0x0000,0x0ff8,0x088c,0x088b,0x0888,0x0888,0x0ff8,0x0000} }, /* U+7C95 粕 */
    { 0x7c97u, {0x062c,0x01a0,0x0ffe,0x0120,0x022c,0x0800,0x0ffe,0x0892,0x0892,0x0892,0x0ffe,0x0000} }, /* U+7C97 粗 */
    { 0x7c98u, {0x062c,0x01a0,0x0ffe,0x0120,0x002c,0x0f80,0x0880,0x08ff,0x0888,0x0888,0x0f88,0x0000} }, /* U+7C98 粘 */
    { 0x7c9bu, {0x0c10,0x03d4,0x0a54,0x06d4,0x0254,0x0fff,0x0254,0x0754,0x0ad4,0x027c,0x0f90,0x0000} }, /* U+7C9B 粛 */
    { 0x7c9fu, {0x0902,0x097a,0x05ca,0x054a,0x037e,0x0fca,0x017e,0x034a,0x05ca,0x097a,0x0902,0x0000} }, /* U+7C9F 粟 */
    { 0x7ca1u, {0x062c,0x01a0,0x0ffe,0x0024,0x0ffe,0x0002,0x03ca,0x024a,0x03ca,0x0802,0x0ffe,0x0000} }, /* U+7CA1 粡 */
    { 0x7ca2u, {0x0940,0x0922,0x0554,0x0580,0x0318,0x0fc7,0x0124,0x031c,0x05a4,0x0944,0x094c,0x0000} }, /* U+7CA2 粢 */
    { 0x7ca4u, {0x0080,0x06fc,0x0394,0x02dc,0x02b6,0x02fd,0x0a94,0x0adc,0x0a94,0x06fc,0x0080,0x0000} }, /* U+7CA4 粤 */
    { 0x7ca5u, {0x08f2,0x0892,0x079e,0x0224,0x0128,0x0ffe,0x0128,0x0224,0x08f2,0x0892,0x079e,0x0000} }, /* U+7CA5 粥 */
    { 0x7ca7u, {0x062c,0x01a0,0x0ffe,0x0024,0x0300,0x08fc,0x0844,0x0847,0x0ff4,0x0844,0x0844,0x0000} }, /* U+7CA7 粧 */
    { 0x7ca8u, {0x062c,0x01a0,0x0ffe,0x0124,0x0022,0x0ff2,0x089a,0x0896,0x0892,0x0892,0x0ff2,0x0000} }, /* U+7CA8 粨 */
    { 0x7cabu, {0x062c,0x01a0,0x0ffe,0x0024,0x0ff2,0x0012,0x07fa,0x0016,0x07f2,0x0812,0x0ff2,0x0000} }, /* U+7CAB 粫 */
    { 0x7cadu, {0x062c,0x01a0,0x0ffe,0x0124,0x0000,0x0f24,0x0922,0x0922,0x0922,0x0922,0x0f24,0x0000} }, /* U+7CAD 粭 */
    { 0x7caeu, {0x062c,0x01a0,0x0ffe,0x0124,0x0020,0x0ffc,0x0854,0x09d7,0x0254,0x0454,0x0b7c,0x0000} }, /* U+7CAE 粮 */
    { 0x7cb1u, {0x0944,0x0928,0x0552,0x0584,0x0310,0x0fca,0x0122,0x039e,0x0542,0x097e,0x0908,0x0000} }, /* U+7CB1 粱 */
    { 0x7cb2u, {0x0950,0x0950,0x056f,0x05aa,0x031a,0x0fe0,0x012a,0x0392,0x0552,0x092a,0x0926,0x0000} }, /* U+7CB2 粲 */
    { 0x7cb3u, {0x062c,0x01a0,0x0ffe,0x0824,0x08fa,0x05aa,0x02aa,0x03fe,0x04aa,0x08aa,0x08fa,0x0000} }, /* U+7CB3 粳 */
    { 0x7cb9u, {0x062c,0x01a0,0x0ffe,0x0048,0x0124,0x011c,0x0124,0x0fc7,0x0124,0x011c,0x0164,0x0000} }, /* U+7CB9 粹 */
    { 0x7cbdu, {0x062c,0x01a0,0x0ffe,0x0120,0x048c,0x0294,0x0894,0x0f97,0x0094,0x0294,0x048c,0x0000} }, /* U+7CBD 粽 */
    { 0x7cbeu, {0x062c,0x01a0,0x0ffe,0x0224,0x0040,0x0fd4,0x0554,0x0554,0x057f,0x0554,0x0fd4,0x0000} }, /* U+7CBE 精 */
    { 0x7cc0u, {0x062c,0x01a0,0x0ffe,0x0120,0x0084,0x0fc4,0x002f,0x0004,0x0fe4,0x088f,0x0c84,0x0000} }, /* U+7CC0 糀 */
    { 0x7cc2u, {0x062c,0x01a0,0x0ffe,0x0020,0x0f84,0x0aff,0x0994,0x0894,0x0b94,0x0aff,0x0a84,0x0000} }, /* U+7CC2 糂 */
    { 0x7cc5u, {0x062c,0x01a0,0x0ffe,0x0824,0x0950,0x0552,0x0332,0x0ffa,0x0116,0x0552,0x0930,0x0000} }, /* U+7CC5 糅 */
    { 0x7ccau, {0x062c,0x01a0,0x0ffe,0x0028,0x07c8,0x047f,0x0c48,0x07fe,0x0092,0x0892,0x0ffe,0x0000} }, /* U+7CCA 糊 */
    { 0x7cceu, {0x062c,0x01a0,0x0ffe,0x0220,0x01fe,0x0802,0x0afa,0x0aaa,0x0ffa,0x0aaa,0x0afa,0x0000} }, /* U+7CCE 糎 */
    { 0x7cd2u, {0x062c,0x01a0,0x0ffe,0x0228,0x0104,0x0ff4,0x055f,0x0554,0x0fd4,0x055f,0x0fd4,0x0000} }, /* U+7CD2 糒 */
    { 0x7cd6u, {0x062c,0x01a0,0x0ffe,0x0220,0x01fc,0x0014,0x0f54,0x0954,0x097f,0x0954,0x0f7c,0x0000} }, /* U+7CD6 糖 */
    { 0x7cd8u, {0x062c,0x01a0,0x0ffe,0x0420,0x04bc,0x0294,0x0a54,0x0977,0x0794,0x0154,0x062c,0x0000} }, /* U+7CD8 糘 */
    { 0x7cdcu, {0x0600,0x01fc,0x0a54,0x0b14,0x06fc,0x0214,0x0f77,0x0214,0x06fc,0x0b14,0x0a74,0x0000} }, /* U+7CDC 糜 */
    { 0x7cdeu, {0x0248,0x0a28,0x0afa,0x07ac,0x02a8,0x02ff,0x02a8,0x07ac,0x0afa,0x0a28,0x0248,0x0000} }, /* U+7CDE 糞 */
    { 0x7cdfu, {0x062c,0x01a0,0x0ffe,0x0054,0x0fd4,0x097f,0x0954,0x0954,0x097f,0x0fd4,0x007c,0x0000} }, /* U+7CDF 糟 */
    { 0x7ce0u, {0x062c,0x01a0,0x0ffe,0x0100,0x04fc,0x0514,0x0254,0x0954,0x0fff,0x0254,0x057c,0x0000} }, /* U+7CE0 糠 */
    { 0x7ce2u, {0x062c,0x01a0,0x0ffe,0x0028,0x0904,0x09f4,0x055f,0x0354,0x0154,0x055f,0x09f4,0x0000} }, /* U+7CE2 糢 */
    { 0x7ce7u, {0x062c,0x01a0,0x0ffe,0x0024,0x0be0,0x0abe,0x0aaa,0x0fea,0x0aaa,0x0abe,0x0be0,0x0000} }, /* U+7CE7 糧 */
    { 0x7cefu, {0x062c,0x01a0,0x0ffe,0x0020,0x0eba,0x028a,0x0eaa,0x03be,0x0e8a,0x02aa,0x0eba,0x0000} }, /* U+7CEF 糯 */
    { 0x7cf2u, {0x062c,0x01a0,0x0ffe,0x0220,0x01fe,0x0e0a,0x02fa,0x0aae,0x0ffa,0x0aae,0x0efa,0x0000} }, /* U+7CF2 糲 */
    { 0x7cf4u, {0x0952,0x0512,0x0fee,0x0328,0x0556,0x0fca,0x0abe,0x0aaa,0x0fd6,0x0a8a,0x0abe,0x0000} }, /* U+7CF4 糴 */
    { 0x7cf6u, {0x0ab6,0x0624,0x0ffe,0x0224,0x0ab6,0x0fca,0x0abe,0x0aaa,0x0fd6,0x0a8a,0x0abe,0x0000} }, /* U+7CF6 糶 */
    { 0x7cf8u, {0x0880,0x0480,0x0288,0x00d4,0x00a2,0x0f90,0x0088,0x0084,0x02a0,0x04c0,0x0880,0x0000} }, /* U+7CF8 糸 */
    { 0x7cfau, {0x0698,0x00d4,0x0fb2,0x0090,0x06c8,0x0000,0x0ffe,0x0800,0x0800,0x0800,0x0f00,0x0000} }, /* U+7CFA 糺 */
    { 0x7cfbu, {0x0880,0x0482,0x0292,0x00aa,0x00c6,0x0fa2,0x0092,0x008a,0x02a2,0x04c2,0x0880,0x0000} }, /* U+7CFB 系 */
    { 0x7cfeu, {0x0698,0x00d4,0x0fb2,0x0098,0x02c0,0x0200,0x01fc,0x0100,0x0100,0x0ffe,0x0080,0x0000} }, /* U+7CFE 糾 */
    { 0x7d00u, {0x0698,0x00d4,0x0fb2,0x0298,0x0080,0x0fe2,0x0822,0x0822,0x0822,0x0822,0x0e3e,0x0000} }, /* U+7D00 紀 */
    { 0x7d02u, {0x0698,0x00d4,0x0fb2,0x0090,0x06c0,0x0008,0x0048,0x0088,0x0808,0x0fff,0x0008,0x0000} }, /* U+7D02 紂 */
    { 0x7d04u, {0x0698,0x00d4,0x0fb2,0x0080,0x0630,0x000f,0x0044,0x0884,0x0804,0x0404,0x03fc,0x0000} }, /* U+7D04 約 */
    { 0x7d05u, {0x0698,0x00d4,0x0fb2,0x0090,0x06c8,0x0802,0x0802,0x0802,0x0ffe,0x0802,0x0802,0x0000} }, /* U+7D05 紅 */
    { 0x7d06u, {0x0698,0x00d4,0x0fb2,0x0090,0x06a0,0x0022,0x0022,0x0822,0x0ffe,0x0022,0x0022,0x0000} }, /* U+7D06 紆 */
    { 0x7d0au, {0x0944,0x0944,0x0524,0x01ac,0x0154,0x0f37,0x0194,0x016c,0x0524,0x0944,0x0944,0x0000} }, /* U+7D0A 紊 */
    { 0x7d0bu, {0x0698,0x00d4,0x0fb2,0x0888,0x0808,0x0478,0x0588,0x020f,0x0588,0x0878,0x0808,0x0000} }, /* U+7D0B 紋 */
    { 0x7d0du, {0x0698,0x00d4,0x0fb2,0x0080,0x0ff8,0x0108,0x0088,0x007f,0x0088,0x0908,0x0ff8,0x0000} }, /* U+7D0D 納 */
    { 0x7d10u, {0x0698,0x00d4,0x0fb2,0x0298,0x0800,0x0842,0x0fc2,0x087e,0x0842,0x0842,0x0ffe,0x0000} }, /* U+7D10 紐 */
    { 0x7d14u, {0x0698,0x00d4,0x0fb2,0x0098,0x0600,0x00e4,0x0084,0x0fff,0x0884,0x0884,0x0cf4,0x0000} }, /* U+7D14 純 */
    { 0x7d15u, {0x0698,0x00d4,0x0fb2,0x0890,0x0ffe,0x0410,0x0410,0x07ff,0x0820,0x0810,0x0e08,0x0000} }, /* U+7D15 紕 */
    { 0x7d17u, {0x0698,0x00d4,0x0fb2,0x0280,0x0820,0x0818,0x0880,0x04ff,0x0400,0x0208,0x0110,0x0000} }, /* U+7D17 紗 */
    { 0x7d18u, {0x0698,0x00d4,0x0fb2,0x0090,0x0604,0x01c4,0x0c3c,0x0b07,0x08e4,0x0804,0x0e04,0x0000} }, /* U+7D18 紘 */
    { 0x7d19u, {0x0698,0x00d4,0x0fb2,0x0298,0x0800,0x0ffc,0x0844,0x0444,0x047c,0x03c2,0x0c42,0x0000} }, /* U+7D19 紙 */
    { 0x7d1au, {0x0698,0x00d4,0x0fb2,0x0118,0x08c2,0x083e,0x0482,0x0532,0x022a,0x05e6,0x0800,0x0000} }, /* U+7D1A 級 */
    { 0x7d1bu, {0x0698,0x00d4,0x0fb2,0x0280,0x0060,0x0658,0x01c2,0x0842,0x0842,0x07ce,0x0070,0x0000} }, /* U+7D1B 紛 */
    { 0x7d1cu, {0x0698,0x00d4,0x0fb2,0x0090,0x0c20,0x0b22,0x08e2,0x0822,0x0422,0x0322,0x0c20,0x0000} }, /* U+7D1C 紜 */
    { 0x7d20u, {0x0a44,0x0a44,0x0754,0x02d4,0x0254,0x0f7f,0x02d4,0x0254,0x0654,0x0b44,0x0a44,0x0000} }, /* U+7D20 素 */
    { 0x7d21u, {0x0698,0x00d4,0x0fb2,0x0298,0x0004,0x0304,0x00c4,0x083f,0x0824,0x0424,0x03e4,0x0000} }, /* U+7D21 紡 */
    { 0x7d22u, {0x0870,0x0514,0x0194,0x0154,0x0134,0x0f9f,0x0154,0x0134,0x0114,0x0594,0x0870,0x0000} }, /* U+7D22 索 */
    { 0x7d2bu, {0x093c,0x0520,0x01be,0x0154,0x0114,0x0f90,0x017f,0x0124,0x0124,0x05a4,0x0934,0x0000} }, /* U+7D2B 紫 */
    { 0x7d2cu, {0x0698,0x00d4,0x0fb2,0x0080,0x0ff8,0x0888,0x0888,0x0fff,0x0888,0x0888,0x0ff8,0x0000} }, /* U+7D2C 紬 */
    { 0x7d2eu, {0x0924,0x0914,0x05be,0x014c,0x0114,0x0fa4,0x0140,0x011f,0x0520,0x0920,0x09b8,0x0000} }, /* U+7D2E 紮 */
    { 0x7d2fu, {0x0900,0x093e,0x05aa,0x016a,0x012a,0x0fbe,0x016a,0x012a,0x052a,0x09be,0x0900,0x0000} }, /* U+7D2F 累 */
    { 0x7d30u, {0x0698,0x00d4,0x0fb2,0x0298,0x0080,0x0ffe,0x0842,0x0ffe,0x0842,0x0842,0x0ffe,0x0000} }, /* U+7D30 細 */
    { 0x7d32u, {0x0698,0x00d4,0x0fb2,0x0280,0x0010,0x0ffe,0x0810,0x09fe,0x0910,0x09fe,0x0810,0x0000} }, /* U+7D32 紲 */
    { 0x7d33u, {0x0698,0x00d4,0x0fb2,0x0080,0x01fc,0x0124,0x0124,0x0fff,0x0124,0x0124,0x01fc,0x0000} }, /* U+7D33 紳 */
    { 0x7d35u, {0x0698,0x00d4,0x0fb2,0x0090,0x0680,0x005c,0x0844,0x0847,0x0fc4,0x0044,0x005c,0x0000} }, /* U+7D35 紵 */
    { 0x7d39u, {0x0698,0x00d4,0x0fb2,0x0298,0x0000,0x0fa2,0x0892,0x088e,0x08a2,0x08a2,0x0f9e,0x0000} }, /* U+7D39 紹 */
    { 0x7d3au, {0x0698,0x00d4,0x0fb2,0x0098,0x06c0,0x0008,0x0fff,0x0888,0x0888,0x0888,0x0ffe,0x0000} }, /* U+7D3A 紺 */
    { 0x7d3fu, {0x0698,0x00d4,0x0fb2,0x0290,0x0000,0x0f9c,0x0893,0x0890,0x0890,0x0890,0x0f9c,0x0000} }, /* U+7D3F 紿 */
    { 0x7d42u, {0x0698,0x00d4,0x0fb2,0x0080,0x0210,0x0248,0x0457,0x04a4,0x0924,0x0954,0x084c,0x0000} }, /* U+7D42 終 */
    { 0x7d43u, {0x0698,0x00d4,0x0fb2,0x0298,0x0000,0x0c44,0x0aa4,0x0917,0x088c,0x0844,0x0e24,0x0000} }, /* U+7D43 絃 */
    { 0x7d44u, {0x0698,0x00d4,0x0fb2,0x0098,0x06c0,0x0800,0x0ffe,0x0892,0x0892,0x0892,0x0ffe,0x0000} }, /* U+7D44 組 */
    { 0x7d45u, {0x0698,0x00d4,0x0fb2,0x0090,0x0ffe,0x0002,0x01f2,0x0112,0x01f2,0x0802,0x0ffe,0x0000} }, /* U+7D45 絅 */
    { 0x7d46u, {0x0698,0x00d4,0x0fb2,0x0090,0x0728,0x0124,0x0120,0x0fff,0x0120,0x0124,0x0128,0x0000} }, /* U+7D46 絆 */
    { 0x7d4bu, {0x0698,0x00d4,0x0fb2,0x0090,0x0e00,0x01fc,0x0c04,0x0b87,0x0874,0x0804,0x0e04,0x0000} }, /* U+7D4B 絋 */
    { 0x7d4cu, {0x0698,0x00d4,0x0fb2,0x0298,0x0800,0x0922,0x092a,0x0fd2,0x0912,0x092a,0x0926,0x0000} }, /* U+7D4C 経 */
    { 0x7d4eu, {0x0698,0x00d4,0x0fb2,0x0288,0x0044,0x0fe2,0x0010,0x0022,0x0822,0x0fe2,0x0022,0x0000} }, /* U+7D4E 絎 */
    { 0x7d4fu, {0x0698,0x00d4,0x0fb2,0x0880,0x087c,0x0454,0x0454,0x03ff,0x0654,0x0954,0x0cfc,0x0000} }, /* U+7D4F 絏 */
    { 0x7d50u, {0x0698,0x00d4,0x0fb2,0x0098,0x0680,0x0024,0x0f24,0x0924,0x093f,0x0924,0x0f24,0x0000} }, /* U+7D50 結 */
    { 0x7d56u, {0x0698,0x00d4,0x0fb2,0x0890,0x0844,0x0448,0x03c0,0x007f,0x0fc0,0x0848,0x0c44,0x0000} }, /* U+7D56 絖 */
    { 0x7d5bu, {0x0020,0x0ff8,0x0006,0x0bf8,0x0a50,0x0748,0x02b7,0x0f24,0x02a4,0x065c,0x0b44,0x0000} }, /* U+7D5B 絛 */
    { 0x7d5eu, {0x0698,0x00d4,0x0fb2,0x0080,0x0824,0x0894,0x0504,0x0207,0x0304,0x0494,0x0824,0x0000} }, /* U+7D5E 絞 */
    { 0x7d61u, {0x0698,0x00d4,0x0fb2,0x0080,0x0110,0x0f88,0x0957,0x0924,0x0924,0x0954,0x0f8c,0x0000} }, /* U+7D61 絡 */
    { 0x7d62u, {0x0698,0x00d4,0x0fb2,0x0280,0x0018,0x03e7,0x02a4,0x02a4,0x0be4,0x0804,0x07fc,0x0000} }, /* U+7D62 絢 */
    { 0x7d63u, {0x0698,0x00d4,0x0fb2,0x0290,0x0089,0x0c8a,0x03f8,0x0088,0x008c,0x0ffb,0x0088,0x0000} }, /* U+7D63 絣 */
    { 0x7d66u, {0x0698,0x00d4,0x0fb2,0x0098,0x06c0,0x0008,0x0f24,0x0922,0x0922,0x0922,0x0f24,0x0000} }, /* U+7D66 給 */
    { 0x7d68u, {0x0698,0x00d4,0x0fb2,0x0090,0x0644,0x01f4,0x0844,0x0844,0x04ff,0x0304,0x0ce6,0x0000} }, /* U+7D68 絨 */
    { 0x7d6eu, {0x0944,0x095c,0x0527,0x01a4,0x017c,0x0f44,0x0180,0x017e,0x0522,0x09a2,0x093e,0x0000} }, /* U+7D6E 絮 */
    { 0x7d71u, {0x0698,0x00d4,0x0fb2,0x0898,0x0884,0x0464,0x03dc,0x0047,0x0fc4,0x0834,0x0cc4,0x0000} }, /* U+7D71 統 */
    { 0x7d72u, {0x0698,0x00d4,0x0fb2,0x0090,0x0480,0x0298,0x00d4,0x0fb2,0x0090,0x0290,0x04d8,0x0000} }, /* U+7D72 絲 */
    { 0x7d73u, {0x0698,0x00d4,0x0fb2,0x0090,0x0424,0x07a4,0x049a,0x0492,0x0fd2,0x04aa,0x04a6,0x0000} }, /* U+7D73 絳 */
    { 0x7d75u, {0x0698,0x00d4,0x0fb2,0x0298,0x0000,0x0c94,0x0a92,0x0992,0x0892,0x0892,0x0e94,0x0000} }, /* U+7D75 絵 */
    { 0x7d76u, {0x0698,0x00d4,0x0fb2,0x0298,0x0000,0x0ff4,0x0892,0x0892,0x08fa,0x0896,0x0cf0,0x0000} }, /* U+7D76 絶 */
    { 0x7d79u, {0x0698,0x00d4,0x0fb2,0x0298,0x0000,0x0fee,0x02aa,0x02aa,0x02aa,0x0aaa,0x0fee,0x0000} }, /* U+7D79 絹 */
    { 0x7d7du, {0x0698,0x00d4,0x0fb2,0x0290,0x0000,0x0f9e,0x08d2,0x08b2,0x0892,0x0892,0x0f9e,0x0000} }, /* U+7D7D 絽 */
    { 0x7d89u, {0x0698,0x00d4,0x0fb2,0x0290,0x0048,0x0caa,0x039a,0x00fe,0x098a,0x092a,0x074a,0x0000} }, /* U+7D89 綉 */
    { 0x7d8fu, {0x0698,0x00d4,0x0fb2,0x0898,0x0a86,0x0b82,0x04ea,0x0492,0x0682,0x098a,0x0892,0x0000} }, /* U+7D8F 綏 */
    { 0x7d93u, {0x0698,0x00d4,0x0fb2,0x0090,0x06c0,0x0912,0x096a,0x0912,0x0f6a,0x0912,0x096a,0x0000} }, /* U+7D93 經 */
    { 0x7d99u, {0x0698,0x00d4,0x0fb2,0x0298,0x0080,0x0ffe,0x0a28,0x0920,0x0ffe,0x08a8,0x0924,0x0000} }, /* U+7D99 継 */
    { 0x7d9au, {0x0698,0x00d4,0x0fb2,0x0880,0x08c4,0x0454,0x0354,0x005f,0x0f54,0x0854,0x0cd4,0x0000} }, /* U+7D9A 続 */
    { 0x7d9bu, {0x0698,0x00d4,0x0fb2,0x0090,0x0642,0x082a,0x0912,0x0a2e,0x0842,0x0242,0x043e,0x0000} }, /* U+7D9B 綛 */
    { 0x7d9cu, {0x0698,0x00d4,0x0fb2,0x0000,0x048c,0x0294,0x0894,0x0f97,0x0094,0x0294,0x048c,0x0000} }, /* U+7D9C 綜 */
    { 0x7d9fu, {0x0698,0x00d4,0x0fb2,0x0090,0x0302,0x08fa,0x08aa,0x04aa,0x03ea,0x04aa,0x08ba,0x0000} }, /* U+7D9F 綟 */
    { 0x7da2u, {0x0698,0x00d4,0x0fb2,0x0080,0x0ffe,0x0002,0x072a,0x057e,0x072a,0x0802,0x0ffe,0x0000} }, /* U+7DA2 綢 */
    { 0x7da3u, {0x0698,0x00d4,0x0fb2,0x0110,0x00ac,0x0fea,0x08b8,0x0aaf,0x0aa8,0x0bfa,0x0cac,0x0000} }, /* U+7DA3 綣 */
    { 0x7db4u, {0x0698,0x00d4,0x0fb2,0x0000,0x0aaa,0x0492,0x0bae,0x0000,0x0aaa,0x0492,0x0bae,0x0000} }, /* U+7DB4 綴 */
    { 0x7db5u, {0x0698,0x00d4,0x0fb2,0x0498,0x0486,0x0282,0x018a,0x0fd2,0x0082,0x028a,0x0492,0x0000} }, /* U+7DB5 綵 */
    { 0x7db8u, {0x0698,0x00d4,0x0fb2,0x0080,0x0fd8,0x0254,0x0fd2,0x0252,0x0fd2,0x0254,0x0fd8,0x0000} }, /* U+7DB8 綸 */
    { 0x7dbau, {0x0698,0x00d4,0x0fb2,0x0290,0x0064,0x0754,0x054c,0x0747,0x004c,0x0854,0x0fe4,0x0000} }, /* U+7DBA 綺 */
    { 0x7dbbu, {0x0698,0x00d4,0x0fb2,0x0880,0x082c,0x0724,0x0424,0x07e7,0x0924,0x0924,0x092c,0x0000} }, /* U+7DBB 綻 */
    { 0x7dbdu, {0x0698,0x00d4,0x0fb2,0x0290,0x0400,0x05f0,0x0550,0x0f5f,0x0554,0x0554,0x05f4,0x0000} }, /* U+7DBD 綽 */
    { 0x7dbeu, {0x0698,0x00d4,0x0fb2,0x0080,0x0954,0x0954,0x06b4,0x049f,0x04b4,0x0bd4,0x0854,0x0000} }, /* U+7DBE 綾 */
    { 0x7dbfu, {0x0698,0x00d4,0x0fb2,0x0098,0x0700,0x017c,0x0154,0x0fd6,0x0155,0x0554,0x077c,0x0000} }, /* U+7DBF 綿 */
    { 0x7dc7u, {0x0698,0x00d4,0x0fb2,0x0290,0x0000,0x0f98,0x0ae6,0x0a98,0x0fe6,0x0a98,0x0fe6,0x0000} }, /* U+7DC7 緇 */
    { 0x7dcau, {0x097e,0x092a,0x052e,0x01aa,0x017a,0x0f20,0x01a2,0x015a,0x0512,0x09aa,0x0926,0x0000} }, /* U+7DCA 緊 */
    { 0x7dcbu, {0x0698,0x00d4,0x0fb2,0x0904,0x0924,0x0524,0x03fe,0x0000,0x0fff,0x0224,0x0224,0x0000} }, /* U+7DCB 緋 */
    { 0x7dcfu, {0x0698,0x00d4,0x0fb2,0x0080,0x0618,0x0866,0x0950,0x0a42,0x0842,0x020e,0x0430,0x0000} }, /* U+7DCF 総 */
    { 0x7dd1u, {0x0698,0x00d4,0x0fb2,0x0418,0x02a0,0x09aa,0x082a,0x0fea,0x012a,0x02be,0x0460,0x0000} }, /* U+7DD1 緑 */
    { 0x7dd2u, {0x0698,0x00d4,0x0fb2,0x0098,0x06c0,0x0124,0x0fa4,0x0aff,0x0aa4,0x0ab4,0x0fac,0x0000} }, /* U+7DD2 緒 */
    { 0x7dd5u, {0x0698,0x00d4,0x0fb2,0x0094,0x0c44,0x03ec,0x0294,0x0297,0x0294,0x0fec,0x0044,0x0000} }, /* U+7DD5 緕 */
    { 0x7dd8u, {0x0698,0x00d4,0x0fb2,0x0410,0x03fc,0x0954,0x09d4,0x0414,0x04ff,0x0304,0x0ce6,0x0000} }, /* U+7DD8 緘 */
    { 0x7ddau, {0x0698,0x00d4,0x0fb2,0x0098,0x0800,0x057c,0x0354,0x0856,0x0fd5,0x0254,0x0d7c,0x0000} }, /* U+7DDA 線 */
    { 0x7ddcu, {0x077c,0x0156,0x0fd5,0x0154,0x057c,0x0782,0x008a,0x0fd6,0x00a2,0x0292,0x04ca,0x0000} }, /* U+7DDC 緜 */
    { 0x7dddu, {0x0698,0x00d4,0x0fb2,0x0090,0x0420,0x07ee,0x02aa,0x02aa,0x02aa,0x02aa,0x0fee,0x0000} }, /* U+7DDD 緝 */
    { 0x7ddeu, {0x0698,0x00d4,0x0fb2,0x0080,0x0ffe,0x094a,0x094a,0x07be,0x0482,0x0bbe,0x0820,0x0000} }, /* U+7DDE 緞 */
    { 0x7de0u, {0x0698,0x00d4,0x0fb2,0x0280,0x0064,0x0fa4,0x00bc,0x0fe7,0x00a4,0x08bc,0x0fe4,0x0000} }, /* U+7DE0 締 */
    { 0x7de1u, {0x0698,0x00d4,0x0fb2,0x0280,0x00fe,0x0faa,0x0aaa,0x0aaa,0x0aba,0x0aea,0x0fae,0x0000} }, /* U+7DE1 緡 */
    { 0x7de4u, {0x0698,0x00d4,0x0fb2,0x0884,0x097e,0x0544,0x035f,0x0fd4,0x0154,0x055e,0x0944,0x0000} }, /* U+7DE4 緤 */
    { 0x7de8u, {0x0698,0x00d4,0x0fb2,0x0080,0x0ffa,0x02aa,0x0faa,0x02aa,0x0faa,0x02aa,0x0fba,0x0000} }, /* U+7DE8 編 */
    { 0x7de9u, {0x0698,0x00d4,0x0fb2,0x0080,0x0a52,0x095e,0x0bd2,0x057e,0x0552,0x0b5a,0x0856,0x0000} }, /* U+7DE9 緩 */
    { 0x7decu, {0x0698,0x00d4,0x0fb2,0x0080,0x0ff2,0x0812,0x0ffa,0x0956,0x0ff2,0x0812,0x0ff2,0x0000} }, /* U+7DEC 緬 */
    { 0x7defu, {0x0698,0x00d4,0x0fb2,0x0280,0x0414,0x0774,0x0554,0x055c,0x0fd7,0x0554,0x057c,0x0000} }, /* U+7DEF 緯 */
    { 0x7df2u, {0x0698,0x00d4,0x0fb2,0x0080,0x07fe,0x0492,0x07fe,0x0880,0x08ff,0x0408,0x0310,0x0000} }, /* U+7DF2 緲 */
    { 0x7df4u, {0x0698,0x00d4,0x0fb2,0x0880,0x09f4,0x0554,0x0354,0x0fff,0x0154,0x0554,0x09f4,0x0000} }, /* U+7DF4 練 */
    { 0x7dfbu, {0x0698,0x00d4,0x0fb2,0x0892,0x0932,0x0fee,0x0922,0x0832,0x04cf,0x0304,0x0cfc,0x0000} }, /* U+7DFB 緻 */
    { 0x7e01u, {0x0698,0x00d4,0x0fb2,0x0480,0x0420,0x02aa,0x0aaa,0x096a,0x0faa,0x013e,0x06a0,0x0000} }, /* U+7E01 縁 */
    { 0x7e04u, {0x0698,0x00d4,0x0fb2,0x0098,0x03e0,0x02be,0x02aa,0x0ffe,0x0aaa,0x0abe,0x0be0,0x0000} }, /* U+7E04 縄 */
    { 0x7e05u, {0x0698,0x00d4,0x0fb2,0x0200,0x0bfc,0x0454,0x0bf4,0x0a57,0x04fc,0x0304,0x0ce6,0x0000} }, /* U+7E05 縅 */
    { 0x7e09u, {0x0698,0x00d4,0x0fb2,0x0280,0x0032,0x0faa,0x0ab6,0x0aa2,0x0ab2,0x0aaa,0x0fb6,0x0000} }, /* U+7E09 縉 */
    { 0x7e0au, {0x0698,0x00d4,0x0fb2,0x0898,0x0e60,0x0b1a,0x0e52,0x0a52,0x0e52,0x0ace,0x0f30,0x0000} }, /* U+7E0A 縊 */
    { 0x7e0bu, {0x0698,0x00d4,0x0fb2,0x0880,0x0492,0x07a4,0x0800,0x0bfc,0x0a56,0x0a55,0x0bdc,0x0000} }, /* U+7E0B 縋 */
    { 0x7e12u, {0x0698,0x00d4,0x0fb2,0x0090,0x0a44,0x0957,0x09d4,0x097c,0x0f56,0x0955,0x0954,0x0000} }, /* U+7E12 縒 */
    { 0x7e1bu, {0x0698,0x00d4,0x0fb2,0x0104,0x01f4,0x0554,0x0954,0x01ff,0x0954,0x0f54,0x01f6,0x0000} }, /* U+7E1B 縛 */
    { 0x7e1eu, {0x0698,0x00d4,0x0fb2,0x0000,0x0fc4,0x005c,0x0754,0x0557,0x0754,0x085c,0x0fc4,0x0000} }, /* U+7E1E 縞 */
    { 0x7e1fu, {0x0698,0x00d4,0x0fb2,0x0200,0x01fe,0x054a,0x097a,0x014a,0x091a,0x0faa,0x015a,0x0000} }, /* U+7E1F 縟 */
    { 0x7e21u, {0x0698,0x00d4,0x0fb2,0x008c,0x0294,0x02f4,0x0294,0x0f9f,0x0294,0x02f4,0x029c,0x0000} }, /* U+7E21 縡 */
    { 0x7e22u, {0x0ffe,0x0092,0x0ffe,0x0900,0x0aac,0x066a,0x02b8,0x0f6f,0x02a8,0x077a,0x0aac,0x0000} }, /* U+7E22 縢 */
    { 0x7e23u, {0x04fc,0x0280,0x00fe,0x0faa,0x00aa,0x04fe,0x028a,0x00d6,0x0fa2,0x0092,0x06ca,0x0000} }, /* U+7E23 縣 */
    { 0x7e26u, {0x0698,0x00d4,0x0fb2,0x0088,0x0fc4,0x0829,0x078a,0x0408,0x07fc,0x088b,0x0888,0x0000} }, /* U+7E26 縦 */
    { 0x7e2bu, {0x0698,0x00d4,0x0fb2,0x0858,0x07c4,0x0424,0x095a,0x0952,0x0bf2,0x095a,0x0966,0x0000} }, /* U+7E2B 縫 */
    { 0x7e2eu, {0x0698,0x00d4,0x0fb2,0x009c,0x0fc4,0x0034,0x0fd4,0x0957,0x0974,0x0954,0x0fdc,0x0000} }, /* U+7E2E 縮 */
    { 0x7e31u, {0x0698,0x00d4,0x0fb2,0x0090,0x0fc8,0x0827,0x0788,0x0410,0x07e8,0x0887,0x0898,0x0000} }, /* U+7E31 縱 */
    { 0x7e32u, {0x0698,0x00d4,0x0fb2,0x0080,0x093e,0x05aa,0x016a,0x0f3e,0x01aa,0x056a,0x093e,0x0000} }, /* U+7E32 縲 */
    { 0x7e35u, {0x0698,0x00d4,0x0fb2,0x0290,0x08e0,0x09be,0x06ea,0x04aa,0x04ea,0x0bbe,0x08e0,0x0000} }, /* U+7E35 縵 */
    { 0x7e37u, {0x0698,0x00d4,0x0fb2,0x0880,0x09fc,0x0754,0x0554,0x05ff,0x0554,0x0b54,0x09fc,0x0000} }, /* U+7E37 縷 */
    { 0x7e39u, {0x0698,0x00d4,0x0fb2,0x0200,0x0aba,0x06aa,0x0abe,0x0eaa,0x02be,0x06aa,0x0aba,0x0000} }, /* U+7E39 縹 */
    { 0x7e3au, {0x0698,0x00d4,0x0fb2,0x0848,0x07d2,0x0404,0x09f4,0x0954,0x0bff,0x0954,0x09f4,0x0000} }, /* U+7E3A 縺 */
    { 0x7e3bu, {0x0c00,0x03fc,0x0a54,0x0b14,0x06fc,0x0214,0x0f77,0x0294,0x027c,0x0714,0x0a74,0x0000} }, /* U+7E3B 縻 */
    { 0x7e3du, {0x0698,0x00d4,0x0fb2,0x0080,0x06fc,0x0894,0x09d6,0x0aad,0x08d4,0x0284,0x04fc,0x0000} }, /* U+7E3D 總 */
    { 0x7e3eu, {0x0698,0x00d4,0x0fb2,0x0880,0x0854,0x07d4,0x0554,0x057f,0x0554,0x0fd4,0x0854,0x0000} }, /* U+7E3E 績 */
    { 0x7e41u, {0x0a48,0x0a7f,0x0754,0x02fc,0x0254,0x0f7c,0x02c7,0x0234,0x0624,0x0b5c,0x0a44,0x0000} }, /* U+7E41 繁 */
    { 0x7e43u, {0x0698,0x00d4,0x0fb2,0x0080,0x0ff6,0x0254,0x0ff4,0x0007,0x0ff4,0x0254,0x0ff6,0x0000} }, /* U+7E43 繃 */
    { 0x7e46u, {0x0698,0x00d4,0x0fb2,0x008a,0x0126,0x0a92,0x0a7e,0x094a,0x0556,0x048a,0x013e,0x0000} }, /* U+7E46 繆 */
    { 0x7e4au, {0x0698,0x00d4,0x0fb2,0x04a4,0x07e4,0x043f,0x0be4,0x0a10,0x04ff,0x0310,0x0cd6,0x0000} }, /* U+7E4A 繊 */
    { 0x7e4bu, {0x0a44,0x0a7c,0x0754,0x02ff,0x0254,0x0f7c,0x0296,0x0252,0x0752,0x0abe,0x0a88,0x0000} }, /* U+7E4B 繋 */
    { 0x7e4du, {0x0698,0x00d4,0x0fb2,0x0080,0x0f14,0x0ad4,0x0554,0x0fff,0x0554,0x0ad4,0x0f7c,0x0000} }, /* U+7E4D 繍 */
    { 0x7e54u, {0x0698,0x00d4,0x0fb2,0x0024,0x0fbc,0x0aa7,0x0fbc,0x0824,0x04ff,0x0310,0x0cd6,0x0000} }, /* U+7E54 織 */
    { 0x7e55u, {0x0698,0x00d4,0x0fb2,0x0100,0x0154,0x0fd7,0x0954,0x09fc,0x0956,0x0fd5,0x0154,0x0000} }, /* U+7E55 繕 */
    { 0x7e56u, {0x0698,0x00d4,0x0fb2,0x0094,0x0fdf,0x0554,0x0fdf,0x0810,0x04df,0x0304,0x0cfc,0x0000} }, /* U+7E56 繖 */
    { 0x7e59u, {0x0698,0x00d4,0x0fb2,0x0080,0x0fd6,0x0aba,0x0a92,0x0ffe,0x0a9a,0x0ab6,0x0fd2,0x0000} }, /* U+7E59 繙 */
    { 0x7e5au, {0x0698,0x00d4,0x0fb2,0x0884,0x044c,0x01f4,0x095c,0x0f57,0x0154,0x055c,0x09f4,0x0000} }, /* U+7E5A 繚 */
    { 0x7e5du, {0x0698,0x00d4,0x0fb2,0x0080,0x0ffe,0x082a,0x0ffe,0x0540,0x0ffe,0x002a,0x0ffe,0x0000} }, /* U+7E5D 繝 */
    { 0x7e5eu, {0x0698,0x00d4,0x0fb2,0x0880,0x0954,0x05f4,0x0354,0x011f,0x0f54,0x09f4,0x0d54,0x0000} }, /* U+7E5E 繞 */
    { 0x7e66u, {0x0698,0x00d4,0x0fb2,0x0882,0x08f2,0x079e,0x09e0,0x092e,0x0ffa,0x092a,0x0dee,0x0000} }, /* U+7E66 繦 */
    { 0x7e67u, {0x0698,0x00d4,0x0fb2,0x0080,0x0a3a,0x0e8a,0x0aaa,0x0abe,0x0a8a,0x06aa,0x0aba,0x0000} }, /* U+7E67 繧 */
    { 0x7e69u, {0x0698,0x00d4,0x0fb2,0x0080,0x03ee,0x02aa,0x0ffe,0x0802,0x0ffe,0x0aaa,0x0bee,0x0000} }, /* U+7E69 繩 */
    { 0x7e6au, {0x0698,0x00d4,0x0fb2,0x0288,0x00e4,0x0faa,0x0aea,0x0aaa,0x0aea,0x0aaa,0x0fec,0x0000} }, /* U+7E6A 繪 */
    { 0x7e6du, {0x0ff4,0x0554,0x0fb4,0x055f,0x0494,0x0ff4,0x0954,0x0fff,0x0954,0x0554,0x0ff4,0x0000} }, /* U+7E6D 繭 */
    { 0x7e70u, {0x0698,0x00d4,0x0fb2,0x0080,0x0978,0x054e,0x037a,0x0f8a,0x017a,0x054e,0x0978,0x0000} }, /* U+7E70 繰 */
    { 0x7e79u, {0x0698,0x00d4,0x0fb2,0x0100,0x055e,0x05d2,0x055e,0x0f72,0x055e,0x05d2,0x055e,0x0000} }, /* U+7E79 繹 */
    { 0x7e7bu, {0x0698,0x00d4,0x0fb2,0x0080,0x0eba,0x028a,0x0faa,0x02be,0x0e8a,0x02aa,0x0eba,0x0000} }, /* U+7E7B 繻 */
    { 0x7e7cu, {0x0698,0x00d4,0x0fb2,0x0080,0x0ffe,0x0924,0x0aaa,0x0c30,0x0924,0x0aaa,0x0d34,0x0000} }, /* U+7E7C 繼 */
    { 0x7e7du, {0x0698,0x00d4,0x0fb2,0x08ac,0x07d4,0x0554,0x0577,0x0554,0x0554,0x0ff4,0x081c,0x0000} }, /* U+7E7D 繽 */
    { 0x7e7fu, {0x0698,0x00d4,0x0fb2,0x0880,0x0f7e,0x092a,0x0fee,0x093a,0x0f4f,0x0948,0x0f48,0x0000} }, /* U+7E7F 繿 */
    { 0x7e82u, {0x0948,0x0b46,0x06fc,0x0354,0x02d4,0x0f58,0x02d7,0x0354,0x06fc,0x0b44,0x0944,0x0000} }, /* U+7E82 纂 */
    { 0x7e83u, {0x0698,0x00d4,0x0fb2,0x009c,0x0c24,0x03fc,0x0297,0x02bc,0x02a4,0x0fdc,0x0024,0x0000} }, /* U+7E83 纃 */
    { 0x7e88u, {0x0698,0x00d4,0x0fb2,0x00a4,0x0f24,0x093f,0x0924,0x0ffa,0x02ae,0x06aa,0x0bfa,0x0000} }, /* U+7E88 纈 */
    { 0x7e89u, {0x0698,0x00d4,0x0fb2,0x0880,0x0854,0x07ff,0x0554,0x0540,0x0554,0x0fff,0x0854,0x0000} }, /* U+7E89 纉 */
    { 0x7e8cu, {0x0698,0x00d4,0x0fb2,0x0884,0x0874,0x07d4,0x0574,0x055f,0x0574,0x0fd4,0x0874,0x0000} }, /* U+7E8C 續 */
    { 0x7e8eu, {0x0698,0x00d4,0x0fb2,0x0894,0x0ff4,0x081f,0x0ff4,0x0954,0x04ff,0x0310,0x0cd6,0x0000} }, /* U+7E8E 纎 */
    { 0x7e8fu, {0x0698,0x00d4,0x0fb2,0x0200,0x09fc,0x0a44,0x0b7c,0x0ad7,0x0f7c,0x0ad4,0x0b7c,0x0000} }, /* U+7E8F 纏 */
    { 0x7e90u, {0x0698,0x00d4,0x0fb2,0x08a4,0x0514,0x0207,0x0514,0x0bfa,0x02ae,0x06aa,0x0bfa,0x0000} }, /* U+7E90 纐 */
    { 0x7e92u, {0x0698,0x00d4,0x0fb2,0x0200,0x09fe,0x0a42,0x0abe,0x0f6a,0x0abe,0x0a6a,0x0abe,0x0000} }, /* U+7E92 纒 */
    { 0x7e93u, {0x0698,0x00d4,0x0fb2,0x0080,0x09be,0x096a,0x073e,0x0580,0x057e,0x0b2a,0x09be,0x0000} }, /* U+7E93 纓 */
    { 0x7e94u, {0x0698,0x00d4,0x0fb2,0x0088,0x0bbc,0x0aea,0x06aa,0x038a,0x0ebe,0x0aea,0x0ba8,0x0000} }, /* U+7E94 纔 */
    { 0x7e96u, {0x0698,0x00d4,0x0fb2,0x0894,0x0ffb,0x0814,0x0ff3,0x0954,0x04ff,0x0310,0x0cd6,0x0000} }, /* U+7E96 纖 */
    { 0x7e9bu, {0x0b14,0x0674,0x03dc,0x0e54,0x03d4,0x0a7f,0x0754,0x02d4,0x0f54,0x02fc,0x0b14,0x0000} }, /* U+7E9B 纛 */
    { 0x7e9cu, {0x0698,0x00d4,0x0fb2,0x08be,0x0bea,0x06be,0x02aa,0x02df,0x0e74,0x0bd4,0x0c74,0x0000} }, /* U+7E9C 纜 */
    { 0x7f36u, {0x0040,0x0e58,0x0847,0x0844,0x0844,0x0ffc,0x0844,0x0844,0x0844,0x0e44,0x0040,0x0000} }, /* U+7F36 缶 */
    { 0x7f38u, {0x0f2e,0x0824,0x0ffc,0x0824,0x0f24,0x0802,0x0802,0x0802,0x0ffe,0x0802,0x0802,0x0000} }, /* U+7F38 缸 */
    { 0x7f3au, {0x0f2e,0x0824,0x0ffc,0x0824,0x0824,0x0444,0x0244,0x01ff,0x0244,0x0444,0x087c,0x0000} }, /* U+7F3A 缺 */
    { 0x7f45u, {0x0f2e,0x0824,0x0ffc,0x0824,0x0f24,0x00fc,0x0b54,0x0a7f,0x0fd5,0x0255,0x02cc,0x0000} }, /* U+7F45 罅 */
    { 0x7f4cu, {0x0280,0x0e7e,0x0baa,0x0aea,0x0abe,0x0f80,0x0abe,0x0aea,0x0aaa,0x0e7e,0x0280,0x0000} }, /* U+7F4C 罌 */
    { 0x7f4du, {0x02f8,0x0ea8,0x0bf8,0x0aae,0x0afa,0x0f8e,0x0afa,0x0aae,0x0af8,0x0ea8,0x02f8,0x0000} }, /* U+7F4D 罍 */
    { 0x7f4eu, {0x0f2e,0x0824,0x0ffc,0x0824,0x0ab8,0x0e8e,0x0aaa,0x0aba,0x0a8a,0x06ae,0x0ab8,0x0000} }, /* U+7F4E 罎 */
    { 0x7f50u, {0x0f2e,0x0824,0x0ffc,0x0824,0x009c,0x0fd7,0x097c,0x0944,0x0fff,0x0954,0x095c,0x0000} }, /* U+7F50 罐 */
    { 0x7f51u, {0x0ffe,0x0022,0x0642,0x01fe,0x0082,0x0112,0x0622,0x01fe,0x0042,0x0882,0x0ffe,0x0000} }, /* U+7F51 网 */
    { 0x7f54u, {0x0ffe,0x0022,0x0022,0x07ba,0x04a2,0x04e2,0x04b2,0x04aa,0x0022,0x0822,0x0ffe,0x0000} }, /* U+7F54 罔 */
    { 0x7f55u, {0x0206,0x0212,0x0252,0x024a,0x0246,0x0fc2,0x025e,0x0252,0x0252,0x0212,0x0206,0x0000} }, /* U+7F55 罕 */
    { 0x7f58u, {0x0440,0x045e,0x0452,0x0252,0x025e,0x0f52,0x00de,0x0152,0x0252,0x045e,0x0440,0x0000} }, /* U+7F58 罘 */
    { 0x7f5fu, {0x0040,0x005e,0x0f52,0x0952,0x095e,0x09f2,0x095e,0x0952,0x0f52,0x005e,0x0040,0x0000} }, /* U+7F5F 罟 */
    { 0x7f60u, {0x080e,0x0fea,0x0aaa,0x0aae,0x0aaa,0x02aa,0x03aa,0x06ae,0x0aaa,0x0aea,0x0a0e,0x0000} }, /* U+7F60 罠 */
    { 0x7f67u, {0x044e,0x024a,0x0ffa,0x014e,0x024a,0x040a,0x024a,0x014e,0x0ffa,0x024a,0x044e,0x0000} }, /* U+7F67 罧 */
    { 0x7f68u, {0x012e,0x00aa,0x07ea,0x02ae,0x02ba,0x0fea,0x0aaa,0x0aae,0x0bea,0x08aa,0x0d2e,0x0000} }, /* U+7F68 罨 */
    { 0x7f69u, {0x041e,0x0712,0x0512,0x051e,0x0512,0x0df2,0x0552,0x055e,0x0552,0x0752,0x041e,0x0000} }, /* U+7F69 罩 */
    { 0x7f6au, {0x022e,0x0aaa,0x0aaa,0x06ae,0x03fa,0x000a,0x0ffa,0x02ae,0x02aa,0x02aa,0x022e,0x0000} }, /* U+7F6A 罪 */
    { 0x7f6bu, {0x088e,0x0aaa,0x0aaa,0x0ffe,0x0aaa,0x0aaa,0x088a,0x000e,0x0ffa,0x008a,0x010e,0x0000} }, /* U+7F6B 罫 */
    { 0x7f6eu, {0x0020,0x0fae,0x082a,0x082a,0x0bee,0x0aaa,0x0aba,0x0aae,0x0bea,0x082a,0x082e,0x0000} }, /* U+7F6E 置 */
    { 0x7f70u, {0x0eae,0x0aaa,0x0aba,0x0aae,0x0eaa,0x002a,0x000a,0x03ee,0x000a,0x080a,0x0fee,0x0000} }, /* U+7F70 罰 */
    { 0x7f72u, {0x0480,0x04ae,0x02aa,0x0faa,0x0afe,0x0aaa,0x0aaa,0x0aae,0x0aea,0x0faa,0x009e,0x0000} }, /* U+7F72 署 */
    { 0x7f75u, {0x080e,0x07fa,0x02aa,0x0aae,0x02aa,0x0bfa,0x02aa,0x0aae,0x02aa,0x0aaa,0x0e0e,0x0000} }, /* U+7F75 罵 */
    { 0x7f77u, {0x0fee,0x02ba,0x02aa,0x0aae,0x0ffa,0x000a,0x07fa,0x0aae,0x0aaa,0x0aaa,0x0aae,0x0000} }, /* U+7F77 罷 */
    { 0x7f78u, {0x0eae,0x0aaa,0x0aaa,0x0eae,0x000a,0x014a,0x024a,0x004e,0x084a,0x0ffa,0x004e,0x0000} }, /* U+7F78 罸 */
    { 0x7f79u, {0x03c0,0x000e,0x0ffa,0x008a,0x004e,0x0fea,0x0aba,0x0aae,0x0fea,0x0aba,0x0aae,0x0000} }, /* U+7F79 罹 */
    { 0x7f82u, {0x0d4e,0x01aa,0x0f5a,0x05ae,0x010a,0x0fea,0x02ba,0x02ae,0x02aa,0x0aba,0x0fee,0x0000} }, /* U+7F82 羂 */
    { 0x7f83u, {0x048e,0x028a,0x0ffa,0x02ae,0x02aa,0x0faa,0x02aa,0x0aae,0x0ffa,0x028a,0x048e,0x0000} }, /* U+7F83 羃 */
    { 0x7f85u, {0x0d4e,0x01aa,0x0f5a,0x012e,0x0d8a,0x004a,0x0ffa,0x094e,0x094a,0x0fea,0x094e,0x0000} }, /* U+7F85 羅 */
    { 0x7f86u, {0x0bee,0x055a,0x014a,0x054e,0x0bea,0x000a,0x05fa,0x0aae,0x02aa,0x06aa,0x0aae,0x0000} }, /* U+7F86 羆 */
    { 0x7f87u, {0x05ee,0x053a,0x0fea,0x053a,0x05ee,0x012a,0x07aa,0x056e,0x073a,0x096a,0x0fae,0x0000} }, /* U+7F87 羇 */
    { 0x7f88u, {0x05ee,0x053a,0x0fea,0x053e,0x0dea,0x000a,0x0dfa,0x012e,0x0dfa,0x092a,0x0f2e,0x0000} }, /* U+7F88 羈 */
    { 0x7f8au, {0x0208,0x0248,0x0249,0x024a,0x0248,0x0ff8,0x0248,0x024c,0x024b,0x0248,0x0208,0x0000} }, /* U+7F8A 羊 */
    { 0x7f8cu, {0x0884,0x0884,0x0494,0x0397,0x0094,0x00fc,0x0794,0x0896,0x0895,0x0884,0x0c84,0x0000} }, /* U+7F8C 羌 */
    { 0x7f8eu, {0x0944,0x0944,0x0554,0x0557,0x0354,0x01fc,0x0354,0x0556,0x0555,0x0944,0x0944,0x0000} }, /* U+7F8E 美 */
    { 0x7f94u, {0x0884,0x0484,0x0094,0x0497,0x0894,0x00fc,0x0494,0x0896,0x0095,0x0484,0x0884,0x0000} }, /* U+7F94 羔 */
    { 0x7f9au, {0x012e,0x0d28,0x03fc,0x012b,0x0108,0x0098,0x0094,0x0f92,0x0092,0x0492,0x0794,0x0000} }, /* U+7F9A 羚 */
    { 0x7f9du, {0x012e,0x0d28,0x03fc,0x012b,0x0908,0x0bfc,0x0a24,0x0a24,0x083c,0x08e2,0x0b22,0x0000} }, /* U+7F9D 羝 */
    { 0x7f9eu, {0x0244,0x0a44,0x0954,0x09d7,0x0f54,0x09fc,0x0954,0x0956,0x0fd5,0x0944,0x0944,0x0000} }, /* U+7F9E 羞 */
    { 0x7fa3u, {0x0490,0x0492,0x0552,0x05f2,0x055e,0x0f52,0x0552,0x05d2,0x0552,0x055e,0x0470,0x0000} }, /* U+7FA3 羣 */
    { 0x7fa4u, {0x024a,0x0f4a,0x09fe,0x094a,0x0f7e,0x0208,0x024b,0x0248,0x0ffc,0x024b,0x0248,0x0000} }, /* U+7FA4 群 */
    { 0x7fa8u, {0x0944,0x0ad4,0x0554,0x0057,0x0954,0x08fc,0x0454,0x03d6,0x0455,0x0954,0x08c4,0x0000} }, /* U+7FA8 羨 */
    { 0x7fa9u, {0x0544,0x0554,0x0fd4,0x0557,0x0554,0x09fc,0x0b54,0x0556,0x0555,0x0b54,0x09c4,0x0000} }, /* U+7FA9 義 */
    { 0x7faeu, {0x0954,0x0934,0x0554,0x0557,0x0374,0x01dc,0x0354,0x0576,0x0555,0x0934,0x0954,0x0000} }, /* U+7FAE 羮 */
    { 0x7fafu, {0x012e,0x0d28,0x03fc,0x012b,0x0788,0x04fe,0x05aa,0x06aa,0x08aa,0x08be,0x0780,0x0000} }, /* U+7FAF 羯 */
    { 0x7fb2u, {0x0344,0x0ad4,0x0654,0x0bf7,0x0a54,0x06dc,0x0954,0x0876,0x05d5,0x0254,0x0d64,0x0000} }, /* U+7FB2 羲 */
    { 0x7fb6u, {0x0d2e,0x03f8,0x012c,0x090b,0x087c,0x0fc4,0x095c,0x0957,0x095c,0x0fc4,0x087c,0x0000} }, /* U+7FB6 羶 */
    { 0x7fb8u, {0x0fe6,0x02aa,0x0ffa,0x052a,0x05ea,0x0f2b,0x05ea,0x0d2a,0x03fa,0x002a,0x0fe2,0x0000} }, /* U+7FB8 羸 */
    { 0x7fb9u, {0x0a54,0x0ab4,0x0a94,0x06b7,0x02d4,0x039c,0x02b4,0x06d6,0x0a95,0x0ab4,0x0a54,0x0000} }, /* U+7FB9 羹 */
    { 0x7fbdu, {0x0212,0x0122,0x0082,0x0842,0x0ffe,0x0000,0x0212,0x0122,0x0082,0x0842,0x0ffe,0x0000} }, /* U+7FBD 羽 */
    { 0x7fc1u, {0x0888,0x05a8,0x02a4,0x08b0,0x0faa,0x0022,0x08a2,0x05a2,0x02b4,0x0888,0x0f88,0x0000} }, /* U+7FC1 翁 */
    { 0x7fc5u, {0x0da8,0x023e,0x05e8,0x0408,0x0892,0x0a4a,0x0bfe,0x0800,0x0892,0x0a4a,0x0bfe,0x0000} }, /* U+7FC5 翅 */
    { 0x7fc6u, {0x0422,0x0556,0x054a,0x04c2,0x047e,0x0f40,0x0462,0x0456,0x05ca,0x0502,0x05be,0x0000} }, /* U+7FC6 翆 */
    { 0x7fcau, {0x05e8,0x040e,0x07f8,0x0408,0x0122,0x0892,0x0ffe,0x0200,0x0122,0x0892,0x0ffe,0x0000} }, /* U+7FCA 翊 */
    { 0x7fccu, {0x0822,0x0916,0x090a,0x0f42,0x097e,0x0980,0x0922,0x0f16,0x090a,0x0942,0x087e,0x0000} }, /* U+7FCC 翌 */
    { 0x7fd2u, {0x0022,0x0016,0x0f8a,0x0aa2,0x0abe,0x0ac0,0x0aa2,0x0a96,0x0a8a,0x0fa2,0x003e,0x0000} }, /* U+7FD2 習 */
    { 0x7fd4u, {0x0d2e,0x03f8,0x012c,0x020b,0x0112,0x08a2,0x0ffe,0x0208,0x0112,0x08a2,0x0ffe,0x0000} }, /* U+7FD4 翔 */
    { 0x7fd5u, {0x0a88,0x0588,0x02e4,0x08ac,0x0faa,0x00aa,0x0aaa,0x05ac,0x02e4,0x0888,0x0f88,0x0000} }, /* U+7FD5 翕 */
    { 0x7fe0u, {0x0422,0x0556,0x04ca,0x0542,0x047e,0x0f40,0x0462,0x0556,0x04ca,0x0542,0x043e,0x0000} }, /* U+7FE0 翠 */
    { 0x7fe1u, {0x0b44,0x0554,0x0354,0x09d4,0x0f3f,0x0000,0x0bff,0x0554,0x0354,0x0954,0x0f44,0x0000} }, /* U+7FE1 翡 */
    { 0x7fe6u, {0x0a84,0x05fc,0x0294,0x08a7,0x0ffc,0x0004,0x0abc,0x0586,0x0285,0x08fc,0x0f84,0x0000} }, /* U+7FE6 翦 */
    { 0x7fe9u, {0x0ffa,0x02aa,0x0faa,0x02aa,0x0fba,0x0122,0x0892,0x0ffe,0x0122,0x0892,0x0ffe,0x0000} }, /* U+7FE9 翩 */
    { 0x7febu, {0x0faa,0x0a92,0x0afe,0x0aaa,0x0f92,0x007e,0x0c20,0x03e2,0x0022,0x0fe2,0x0822,0x0000} }, /* U+7FEB 翫 */
    { 0x7ff0u, {0x05f4,0x0554,0x0f5e,0x0554,0x05f4,0x0258,0x0914,0x0ff2,0x0252,0x0912,0x0ff4,0x0000} }, /* U+7FF0 翰 */
    { 0x7ff3u, {0x0afe,0x058a,0x02d6,0x08be,0x0fd2,0x0088,0x0ade,0x05aa,0x02aa,0x08ae,0x0fd8,0x0000} }, /* U+7FF3 翳 */
    { 0x7ff9u, {0x0d54,0x03f4,0x011f,0x0ff4,0x0954,0x0892,0x0a4a,0x0bfe,0x0890,0x0a4a,0x0bfe,0x0000} }, /* U+7FF9 翹 */
    { 0x7ffbu, {0x0fd6,0x0ab2,0x0ffe,0x0a92,0x0fd6,0x0212,0x0922,0x0ffe,0x0212,0x0922,0x0ffe,0x0000} }, /* U+7FFB 翻 */
    { 0x7ffcu, {0x0a22,0x0a96,0x06ea,0x03a2,0x02be,0x02e0,0x02a2,0x03b6,0x06ea,0x0aa2,0x0a3e,0x0000} }, /* U+7FFC 翼 */
    { 0x8000u, {0x0c5c,0x03c0,0x007e,0x07c8,0x0404,0x0faa,0x0aea,0x0abe,0x0f80,0x0aea,0x0abe,0x0000} }, /* U+8000 耀 */
    { 0x8001u, {0x0120,0x0124,0x00a4,0x00a4,0x0fe4,0x093f,0x0924,0x08b4,0x08ac,0x08a6,0x0c24,0x0000} }, /* U+8001 老 */
    { 0x8003u, {0x0120,0x0124,0x00a4,0x03a4,0x02e4,0x02bf,0x0aa4,0x0ab4,0x0aac,0x06a4,0x0020,0x0000} }, /* U+8003 考 */
    { 0x8004u, {0x0450,0x0554,0x0534,0x0514,0x0fff,0x0a94,0x0a9c,0x0ad4,0x0ab6,0x0a94,0x0ad0,0x0000} }, /* U+8004 耄 */
    { 0x8005u, {0x0220,0x0224,0x0124,0x0fa4,0x0ae4,0x0abf,0x0aa4,0x0aa4,0x0ab4,0x0fac,0x0024,0x0000} }, /* U+8005 者 */
    { 0x8006u, {0x0050,0x0054,0x0fb4,0x0a94,0x0aff,0x0a94,0x0a9c,0x0ad4,0x0ab6,0x0f94,0x00d0,0x0000} }, /* U+8006 耆 */
    { 0x800bu, {0x0890,0x08d4,0x0ab4,0x0b94,0x0aff,0x0e94,0x0a9c,0x0bd4,0x0ab6,0x0894,0x08d0,0x0000} }, /* U+800B 耋 */
    { 0x800cu, {0x0ff2,0x0012,0x0012,0x07f2,0x001a,0x0016,0x07f2,0x0012,0x0012,0x0812,0x0ff2,0x0000} }, /* U+800C 而 */
    { 0x8010u, {0x0ff2,0x001a,0x07f6,0x0012,0x0ff2,0x0008,0x0048,0x0088,0x0808,0x0fff,0x0008,0x0000} }, /* U+8010 耐 */
    { 0x8012u, {0x0480,0x0484,0x0294,0x0294,0x0194,0x0fff,0x0092,0x0192,0x0292,0x0482,0x0480,0x0000} }, /* U+8012 耒 */
    { 0x8015u, {0x0494,0x0294,0x0fff,0x0294,0x0094,0x0c88,0x03fe,0x0088,0x0088,0x0fff,0x0088,0x0000} }, /* U+8015 耕 */
    { 0x8017u, {0x04a8,0x02a8,0x0ffe,0x02a8,0x0124,0x0124,0x0ffc,0x0892,0x0892,0x084a,0x0c48,0x0000} }, /* U+8017 耗 */
    { 0x8018u, {0x0494,0x0294,0x0fff,0x0292,0x0092,0x0c20,0x0b22,0x08e2,0x0422,0x0322,0x0c20,0x0000} }, /* U+8018 耘 */
    { 0x8019u, {0x0494,0x0294,0x0fff,0x0292,0x0082,0x0ffe,0x0842,0x087e,0x0842,0x0842,0x0c7e,0x0000} }, /* U+8019 耙 */
    { 0x801cu, {0x0494,0x0294,0x0fff,0x0292,0x0492,0x0000,0x0ffe,0x0892,0x0892,0x0892,0x0f9e,0x0000} }, /* U+801C 耜 */
    { 0x8021u, {0x0494,0x0294,0x0fff,0x0892,0x0ffe,0x044a,0x07fe,0x0408,0x09ff,0x0808,0x07f8,0x0000} }, /* U+8021 耡 */
    { 0x8028u, {0x0494,0x0294,0x0fff,0x0292,0x013e,0x054a,0x097a,0x014a,0x091a,0x0faa,0x015a,0x0000} }, /* U+8028 耨 */
    { 0x8033u, {0x0402,0x0402,0x07fe,0x024a,0x024a,0x024a,0x024a,0x024a,0x0ffe,0x0102,0x0102,0x0000} }, /* U+8033 耳 */
    { 0x8036u, {0x0402,0x07fe,0x024a,0x024a,0x0ffe,0x0002,0x0ffe,0x0002,0x0432,0x044a,0x0386,0x0000} }, /* U+8036 耶 */
    { 0x803bu, {0x07fe,0x024a,0x024a,0x0ffe,0x0802,0x0ff0,0x0800,0x0800,0x0fff,0x0820,0x0820,0x0000} }, /* U+803B 耻 */
    { 0x803du, {0x07fe,0x024a,0x024a,0x0ffe,0x0802,0x041c,0x0384,0x007f,0x0fc4,0x0804,0x0e3c,0x0000} }, /* U+803D 耽 */
    { 0x803fu, {0x07fe,0x024a,0x024a,0x0ffe,0x0802,0x0478,0x0300,0x00ff,0x0300,0x0460,0x0818,0x0000} }, /* U+803F 耿 */
    { 0x8046u, {0x07fe,0x024a,0x024a,0x0ffe,0x0002,0x0098,0x0094,0x0f92,0x0092,0x0492,0x0794,0x0000} }, /* U+8046 聆 */
    { 0x804au, {0x07fe,0x024a,0x024a,0x0ffe,0x0904,0x0504,0x03f2,0x0002,0x0ffe,0x0202,0x03fe,0x0000} }, /* U+804A 聊 */
    { 0x8052u, {0x07fe,0x024a,0x024a,0x0ffe,0x0002,0x0f24,0x0924,0x0924,0x09fc,0x0922,0x0f22,0x0000} }, /* U+8052 聒 */
    { 0x8056u, {0x0842,0x087e,0x0aaa,0x0aaa,0x0afe,0x0f82,0x0abe,0x0aa2,0x0aa2,0x08a2,0x083e,0x0000} }, /* U+8056 聖 */
    { 0x8058u, {0x07fe,0x024a,0x0ffe,0x0042,0x007c,0x0654,0x01d4,0x017f,0x0954,0x0954,0x077c,0x0000} }, /* U+8058 聘 */
    { 0x805au, {0x0942,0x097e,0x052a,0x04aa,0x02fe,0x0f82,0x005a,0x0122,0x0222,0x0552,0x088e,0x0000} }, /* U+805A 聚 */
    { 0x805eu, {0x0ffe,0x002a,0x042a,0x07ea,0x02be,0x02a0,0x02be,0x0fea,0x002a,0x082a,0x0ffe,0x0000} }, /* U+805E 聞 */
    { 0x805fu, {0x044c,0x046b,0x07da,0x054e,0x055a,0x056a,0x055e,0x0552,0x0fd2,0x0252,0x025e,0x0000} }, /* U+805F 聟 */
    { 0x8061u, {0x07fe,0x024a,0x0ffe,0x0002,0x0618,0x0866,0x0950,0x0a42,0x0842,0x020e,0x0430,0x0000} }, /* U+8061 聡 */
    { 0x8062u, {0x07fe,0x024a,0x024a,0x0ffe,0x0824,0x0724,0x0424,0x07e7,0x0924,0x0924,0x092c,0x0000} }, /* U+8062 聢 */
    { 0x8068u, {0x07fe,0x024a,0x0ffe,0x0202,0x0ad8,0x0ab4,0x0792,0x02d8,0x02b4,0x0f92,0x02d8,0x0000} }, /* U+8068 聨 */
    { 0x806fu, {0x07fe,0x024a,0x0ffe,0x0002,0x0bb4,0x0a2a,0x07f5,0x0020,0x0ff4,0x022a,0x03b5,0x0000} }, /* U+806F 聯 */
    { 0x8070u, {0x07fe,0x024a,0x0ffe,0x0002,0x06fc,0x0894,0x09d6,0x0aad,0x08d4,0x0284,0x04fc,0x0000} }, /* U+8070 聰 */
    { 0x8072u, {0x08ca,0x087a,0x07ca,0x057f,0x054a,0x057a,0x0556,0x0552,0x0fd2,0x022e,0x0228,0x0000} }, /* U+8072 聲 */
    { 0x8073u, {0x0854,0x0872,0x07c8,0x0544,0x0573,0x0524,0x0528,0x057c,0x0fd3,0x0254,0x0248,0x0000} }, /* U+8073 聳 */
    { 0x8074u, {0x07fe,0x024a,0x0ffe,0x0002,0x06f4,0x0894,0x09f4,0x0a9f,0x08f4,0x0294,0x04f4,0x0000} }, /* U+8074 聴 */
    { 0x8076u, {0x0422,0x07e2,0x02be,0x02aa,0x0fea,0x042a,0x07ea,0x02aa,0x02be,0x0fe2,0x0022,0x0000} }, /* U+8076 聶 */
    { 0x8077u, {0x07fe,0x024a,0x0ffe,0x0022,0x0fbc,0x0aa7,0x0fbc,0x0824,0x04ff,0x0310,0x0cd6,0x0000} }, /* U+8077 職 */
    { 0x8079u, {0x07fe,0x024a,0x0ffe,0x0224,0x0384,0x0ab4,0x0ba4,0x0eaf,0x03a4,0x0294,0x03ac,0x0000} }, /* U+8079 聹 */
    { 0x807du, {0x057e,0x07aa,0x052a,0x0ffe,0x0154,0x0774,0x0954,0x0b5f,0x0974,0x0554,0x0974,0x0000} }, /* U+807D 聽 */
    { 0x807eu, {0x0914,0x09fc,0x0757,0x0554,0x05fc,0x0514,0x05d0,0x055f,0x0f54,0x0554,0x0574,0x0000} }, /* U+807E 聾 */
    { 0x807fu, {0x0410,0x0514,0x0554,0x0554,0x0554,0x0fff,0x0554,0x0554,0x0554,0x057c,0x0410,0x0000} }, /* U+807F 聿 */
    { 0x8084u, {0x099e,0x0974,0x0554,0x03d2,0x055a,0x0904,0x0554,0x0554,0x0fff,0x0554,0x057c,0x0000} }, /* U+8084 肄 */
    { 0x8085u, {0x0f90,0x0514,0x0554,0x0dd4,0x0054,0x0fff,0x0054,0x0dd4,0x0554,0x057c,0x0f90,0x0000} }, /* U+8085 肅 */
    { 0x8086u, {0x0ffe,0x08aa,0x0aaa,0x04aa,0x0882,0x0514,0x0554,0x0554,0x0fff,0x0554,0x057c,0x0000} }, /* U+8086 肆 */
    { 0x8087u, {0x0582,0x047a,0x054a,0x054a,0x057a,0x0fc8,0x056f,0x0554,0x07d4,0x052c,0x0524,0x0000} }, /* U+8087 肇 */
    { 0x8089u, {0x0ffc,0x0004,0x0044,0x0224,0x0114,0x00cf,0x0114,0x0224,0x0844,0x0804,0x0ffc,0x0000} }, /* U+8089 肉 */
    { 0x808bu, {0x0ffe,0x0092,0x0892,0x0ffe,0x0000,0x0608,0x0188,0x087f,0x0808,0x0408,0x03f8,0x0000} }, /* U+808B 肋 */
    { 0x808cu, {0x0ffe,0x0092,0x0892,0x0ffe,0x0000,0x0c00,0x03fe,0x0002,0x0002,0x0ffe,0x0800,0x0000} }, /* U+808C 肌 */
    { 0x8093u, {0x001c,0x0024,0x0fe4,0x02a4,0x02a4,0x02a7,0x02a4,0x0aa4,0x0fe4,0x0024,0x0004,0x0000} }, /* U+8093 肓 */
    { 0x8096u, {0x0000,0x0fe4,0x02a8,0x02a0,0x02a0,0x02bf,0x02a0,0x02a0,0x0aa8,0x0fe4,0x0000,0x0000} }, /* U+8096 肖 */
    { 0x8098u, {0x0ffe,0x0092,0x0892,0x0ffe,0x0000,0x0048,0x0088,0x0808,0x0808,0x0fff,0x0008,0x0000} }, /* U+8098 肘 */
    { 0x809au, {0x0ffe,0x0092,0x0892,0x0ffe,0x0020,0x0020,0x0020,0x0020,0x0fff,0x0020,0x0020,0x0000} }, /* U+809A 肚 */
    { 0x809bu, {0x0ffe,0x0092,0x0892,0x0ffe,0x0000,0x0802,0x0802,0x0802,0x0ffe,0x0802,0x0802,0x0000} }, /* U+809B 肛 */
    { 0x809du, {0x0ffe,0x0092,0x0892,0x0ffe,0x0000,0x0042,0x0042,0x0042,0x0ffe,0x0042,0x0042,0x0000} }, /* U+809D 肝 */
    { 0x80a1u, {0x0ffe,0x0092,0x0892,0x0ffe,0x0000,0x08a0,0x0b9e,0x0482,0x0482,0x0abe,0x09a0,0x0000} }, /* U+80A1 股 */
    { 0x80a2u, {0x0ffe,0x0092,0x0ffe,0x0804,0x0824,0x09a4,0x0624,0x043f,0x0624,0x09e4,0x0804,0x0000} }, /* U+80A2 肢 */
    { 0x80a5u, {0x0ffe,0x0092,0x0892,0x0ffe,0x0000,0x0ffe,0x0842,0x087e,0x0842,0x0842,0x0e7e,0x0000} }, /* U+80A5 肥 */
    { 0x80a9u, {0x0602,0x01fa,0x002a,0x0fea,0x02aa,0x02aa,0x02aa,0x02aa,0x0aaa,0x0ffa,0x0002,0x0000} }, /* U+80A9 肩 */
    { 0x80aau, {0x0ffe,0x0092,0x0892,0x0ffe,0x0004,0x0304,0x00c4,0x083f,0x0824,0x0424,0x03e4,0x0000} }, /* U+80AA 肪 */
    { 0x80acu, {0x0ffe,0x0092,0x0892,0x0ffe,0x0808,0x0408,0x0388,0x007f,0x0fc8,0x0808,0x0c0e,0x0000} }, /* U+80AC 肬 */
    { 0x80adu, {0x0ffe,0x0092,0x0ffe,0x0000,0x0ff8,0x0109,0x0089,0x007f,0x0088,0x0908,0x0ff8,0x0000} }, /* U+80AD 肭 */
    { 0x80afu, {0x0010,0x0010,0x0ffe,0x0150,0x0150,0x015f,0x0152,0x0952,0x0ff2,0x0012,0x0010,0x0000} }, /* U+80AF 肯 */
    { 0x80b1u, {0x0ffe,0x0092,0x0892,0x0ffe,0x0104,0x00c4,0x0c3c,0x0b07,0x08e4,0x0804,0x0e04,0x0000} }, /* U+80B1 肱 */
    { 0x80b2u, {0x0024,0x0024,0x0fe4,0x02b4,0x02ac,0x02a7,0x02a4,0x0aac,0x0ff4,0x0024,0x0044,0x0000} }, /* U+80B2 育 */
    { 0x80b4u, {0x0110,0x0110,0x0092,0x0fea,0x02ba,0x02a4,0x02a4,0x02a4,0x0aaa,0x0fea,0x0028,0x0000} }, /* U+80B4 肴 */
    { 0x80bau, {0x0ffe,0x0092,0x0ffe,0x0000,0x07e4,0x0024,0x0024,0x0fff,0x0024,0x0424,0x07e4,0x0000} }, /* U+80BA 肺 */
    { 0x80c3u, {0x0000,0x003e,0x0fea,0x02aa,0x02aa,0x02be,0x02aa,0x02aa,0x0aaa,0x0fea,0x003e,0x0000} }, /* U+80C3 胃 */
    { 0x80c4u, {0x0000,0x003e,0x0fea,0x02aa,0x02aa,0x02bf,0x02aa,0x02aa,0x0aaa,0x0fea,0x003e,0x0000} }, /* U+80C4 胄 */
    { 0x80c6u, {0x0ffe,0x0092,0x0892,0x0ffe,0x0000,0x0800,0x09fe,0x0912,0x0912,0x0912,0x09fe,0x0000} }, /* U+80C6 胆 */
    { 0x80ccu, {0x0024,0x0024,0x0fe4,0x02bf,0x02a0,0x02a0,0x02bf,0x02a4,0x0aa4,0x0fe2,0x0032,0x0000} }, /* U+80CC 背 */
    { 0x80ceu, {0x0ffe,0x0092,0x0892,0x0ffe,0x0000,0x0f98,0x0894,0x0893,0x0890,0x0890,0x0f9c,0x0000} }, /* U+80CE 胎 */
    { 0x80d6u, {0x0ffe,0x0092,0x0ffe,0x0100,0x0128,0x0124,0x0120,0x0fff,0x0120,0x0124,0x0128,0x0000} }, /* U+80D6 胖 */
    { 0x80d9u, {0x0ffe,0x0092,0x0892,0x0ffe,0x0010,0x000f,0x0004,0x0ffc,0x0124,0x0124,0x0124,0x0000} }, /* U+80D9 胙 */
    { 0x80dau, {0x0ffe,0x0092,0x0892,0x0ffe,0x0882,0x0842,0x0822,0x0bf2,0x080e,0x0842,0x0882,0x0000} }, /* U+80DA 胚 */
    { 0x80dbu, {0x0ffe,0x0092,0x0ffe,0x0000,0x01fe,0x0112,0x0112,0x0ffe,0x0112,0x0112,0x01fe,0x0000} }, /* U+80DB 胛 */
    { 0x80ddu, {0x0ffe,0x0092,0x0892,0x0ffe,0x0000,0x0bfe,0x0a22,0x0a22,0x083e,0x08e2,0x0b22,0x0000} }, /* U+80DD 胝 */
    { 0x80deu, {0x0ffe,0x0092,0x0892,0x0ffe,0x0008,0x0f97,0x0894,0x0894,0x08f4,0x0904,0x0cfc,0x0000} }, /* U+80DE 胞 */
    { 0x80e1u, {0x0f88,0x0888,0x08ff,0x0888,0x0f88,0x0400,0x03fe,0x0092,0x0892,0x0892,0x0ffe,0x0000} }, /* U+80E1 胡 */
    { 0x80e4u, {0x0c00,0x03fe,0x0000,0x0fcc,0x056a,0x0559,0x0548,0x0fec,0x0000,0x01fe,0x0e00,0x0000} }, /* U+80E4 胤 */
    { 0x80e5u, {0x0022,0x0022,0x0ffa,0x0292,0x0292,0x02be,0x02aa,0x02aa,0x0aaa,0x0fe2,0x0026,0x0000} }, /* U+80E5 胥 */
    { 0x80efu, {0x0ffe,0x0092,0x0ffe,0x0000,0x06b4,0x03ac,0x02a4,0x02a7,0x0aa4,0x0aac,0x06b4,0x0000} }, /* U+80EF 胯 */
    { 0x80f1u, {0x0ffe,0x0092,0x0ffe,0x0840,0x0844,0x0448,0x03c0,0x007f,0x0fc0,0x0848,0x0c44,0x0000} }, /* U+80F1 胱 */
    { 0x80f4u, {0x0ffe,0x0092,0x0ffe,0x0000,0x0ffe,0x0002,0x0392,0x0292,0x0392,0x0802,0x0ffe,0x0000} }, /* U+80F4 胴 */
    { 0x80f8u, {0x0ffe,0x0092,0x0ffe,0x0288,0x0257,0x0224,0x0254,0x028c,0x0be4,0x0804,0x07fc,0x0000} }, /* U+80F8 胸 */
    { 0x80fcu, {0x0ffe,0x0092,0x0892,0x0ffe,0x0089,0x0c8a,0x03f8,0x0088,0x008c,0x0ffb,0x0088,0x0000} }, /* U+80FC 胼 */
    { 0x80fdu, {0x0fec,0x02aa,0x02a9,0x0aa8,0x0fec,0x0000,0x0fbe,0x0924,0x0924,0x08a2,0x0cb2,0x0000} }, /* U+80FD 能 */
    { 0x8102u, {0x0ffe,0x0092,0x0892,0x0ffe,0x0000,0x0fbe,0x0aa4,0x0aa4,0x0aa4,0x0aa2,0x0fb2,0x0000} }, /* U+8102 脂 */
    { 0x8105u, {0x0090,0x0050,0x0fb2,0x029a,0x02f6,0x0283,0x02d2,0x02b2,0x0a9e,0x0fd0,0x0070,0x0000} }, /* U+8105 脅 */
    { 0x8106u, {0x0ffe,0x0092,0x0892,0x0ffe,0x0208,0x01f4,0x0012,0x0fd2,0x085a,0x0956,0x0dd0,0x0000} }, /* U+8106 脆 */
    { 0x8107u, {0x0ffe,0x0092,0x0ffe,0x0440,0x03c4,0x0864,0x0fdf,0x0444,0x03c4,0x087c,0x0fc0,0x0000} }, /* U+8107 脇 */
    { 0x8108u, {0x0ffe,0x0092,0x0ffe,0x0200,0x01fc,0x0004,0x0ff4,0x0014,0x00f2,0x030a,0x0cca,0x0000} }, /* U+8108 脈 */
    { 0x8109u, {0x0ffe,0x0092,0x0ffe,0x0420,0x0328,0x00e8,0x0809,0x0ffa,0x0140,0x0220,0x0410,0x0000} }, /* U+8109 脉 */
    { 0x810au, {0x0094,0x0094,0x0fd4,0x02b4,0x02a8,0x02a7,0x02a8,0x0ab4,0x0fd4,0x0094,0x0094,0x0000} }, /* U+810A 脊 */
    { 0x811au, {0x0ffe,0x0092,0x0ffe,0x0048,0x0748,0x04ff,0x0648,0x0048,0x0ffe,0x0202,0x03fe,0x0000} }, /* U+811A 脚 */
    { 0x811bu, {0x0ffe,0x0092,0x0892,0x0ffe,0x0000,0x0912,0x096a,0x0912,0x0f6a,0x0912,0x096a,0x0000} }, /* U+811B 脛 */
    { 0x8123u, {0x0060,0x001e,0x0fca,0x057a,0x054a,0x054a,0x051a,0x052a,0x052a,0x0fda,0x004a,0x0000} }, /* U+8123 脣 */
    { 0x8129u, {0x0020,0x0ff8,0x0006,0x07c0,0x0058,0x0fc7,0x02b4,0x02a4,0x0aa4,0x0fdc,0x0044,0x0000} }, /* U+8129 脩 */
    { 0x812fu, {0x0ffe,0x0092,0x0ffe,0x0000,0x0ff4,0x0154,0x0154,0x0fff,0x0154,0x0954,0x0ff6,0x0000} }, /* U+812F 脯 */
    { 0x8131u, {0x0ffe,0x0092,0x0892,0x0ffe,0x0800,0x0479,0x03ca,0x0048,0x0fcc,0x084b,0x0c78,0x0000} }, /* U+8131 脱 */
    { 0x8133u, {0x0ffe,0x0092,0x0ffe,0x0000,0x0fc4,0x0a28,0x0942,0x0884,0x0940,0x0a18,0x0fc6,0x0000} }, /* U+8133 脳 */
    { 0x8139u, {0x0ffe,0x0092,0x0892,0x0ffe,0x0080,0x0ffe,0x08aa,0x09aa,0x02aa,0x04aa,0x0a82,0x0000} }, /* U+8139 脹 */
    { 0x813eu, {0x0ffe,0x0092,0x0ffe,0x0400,0x04fc,0x0694,0x0596,0x04fd,0x0f94,0x0494,0x04fc,0x0000} }, /* U+813E 脾 */
    { 0x8146u, {0x0ffe,0x0092,0x0ffe,0x0100,0x09fc,0x0524,0x01ff,0x0124,0x01ff,0x0524,0x09fc,0x0000} }, /* U+8146 腆 */
    { 0x814bu, {0x0ffe,0x0092,0x0ffe,0x0024,0x0ff4,0x088c,0x0864,0x059f,0x0614,0x09f4,0x0804,0x0000} }, /* U+814B 腋 */
    { 0x814eu, {0x007e,0x002a,0x0fee,0x02aa,0x02ba,0x02a0,0x02a2,0x0aaa,0x0ff2,0x002a,0x0046,0x0000} }, /* U+814E 腎 */
    { 0x8150u, {0x0300,0x00fc,0x0fa4,0x02f4,0x059c,0x0294,0x01b7,0x02d4,0x0594,0x0afc,0x0f94,0x0000} }, /* U+8150 腐 */
    { 0x8151u, {0x0ffe,0x0092,0x0ffe,0x0044,0x0fe4,0x001c,0x00a7,0x0124,0x0824,0x0ffc,0x0024,0x0000} }, /* U+8151 腑 */
    { 0x8153u, {0x0ffe,0x0092,0x0ffe,0x0904,0x0924,0x0524,0x03fe,0x0000,0x0fff,0x0224,0x0224,0x0000} }, /* U+8153 腓 */
    { 0x8154u, {0x0ffe,0x0092,0x0892,0x0ffe,0x0844,0x0944,0x093c,0x0f07,0x097c,0x0944,0x086c,0x0000} }, /* U+8154 腔 */
    { 0x8155u, {0x0ffe,0x0092,0x0ffe,0x0904,0x08fc,0x0514,0x03f4,0x0007,0x0ff4,0x0914,0x0dfc,0x0000} }, /* U+8155 腕 */
    { 0x815fu, {0x0ffe,0x0092,0x0ffe,0x0804,0x0a94,0x0ad4,0x0ab4,0x0f97,0x0ab4,0x0ad4,0x0a9c,0x0000} }, /* U+815F 腟 */
    { 0x8165u, {0x0ffe,0x0092,0x0892,0x0ffe,0x0100,0x0afe,0x0aaa,0x0aaa,0x0fea,0x0aaa,0x0abe,0x0000} }, /* U+8165 腥 */
    { 0x8166u, {0x0ffe,0x0092,0x0ffe,0x0014,0x0fe2,0x0c48,0x0ad4,0x0962,0x0ac8,0x0854,0x0fe2,0x0000} }, /* U+8166 腦 */
    { 0x816bu, {0x0ffe,0x0092,0x0ffe,0x0000,0x0afa,0x0aaa,0x0aaa,0x0ffe,0x0aaa,0x0aaa,0x0afa,0x0000} }, /* U+816B 腫 */
    { 0x816eu, {0x0ffe,0x0092,0x0ffe,0x0400,0x007e,0x064a,0x08ca,0x097e,0x084a,0x094a,0x027e,0x0000} }, /* U+816E 腮 */
    { 0x8170u, {0x0ffe,0x0092,0x0ffe,0x0800,0x097a,0x074a,0x05fe,0x054a,0x057e,0x0b4a,0x097a,0x0000} }, /* U+8170 腰 */
    { 0x8171u, {0x0ffe,0x0092,0x0ffe,0x0904,0x0664,0x05dc,0x0914,0x0954,0x0bff,0x0954,0x097c,0x0000} }, /* U+8171 腱 */
    { 0x8174u, {0x0ffe,0x0092,0x0ffe,0x0800,0x08fc,0x0492,0x0280,0x01ff,0x0284,0x0494,0x08fc,0x0000} }, /* U+8174 腴 */
    { 0x8178u, {0x0ffe,0x0092,0x0892,0x0ffe,0x0480,0x02fe,0x09aa,0x04aa,0x0baa,0x08be,0x07a0,0x0000} }, /* U+8178 腸 */
    { 0x8179u, {0x0ffe,0x0092,0x0ffe,0x0a08,0x097c,0x0bd4,0x0557,0x0554,0x0554,0x0b7c,0x0904,0x0000} }, /* U+8179 腹 */
    { 0x817au, {0x0ffe,0x0092,0x0892,0x0ffe,0x0800,0x057c,0x0354,0x0856,0x0fd5,0x0254,0x0d7c,0x0000} }, /* U+817A 腺 */
    { 0x817fu, {0x0ffe,0x0092,0x0ffe,0x0444,0x03c8,0x0400,0x0bfe,0x0a2a,0x08ea,0x092a,0x0abe,0x0000} }, /* U+817F 腿 */
    { 0x8180u, {0x0ffe,0x0092,0x0892,0x0ffe,0x0024,0x0ca4,0x03bc,0x02e7,0x0aa4,0x0abc,0x06e4,0x0000} }, /* U+8180 膀 */
    { 0x8182u, {0x0064,0x0fdc,0x0557,0x0554,0x0574,0x0548,0x057f,0x0544,0x055c,0x0fe4,0x0054,0x0000} }, /* U+8182 膂 */
    { 0x8183u, {0x0ffe,0x0092,0x0ffe,0x0800,0x0f80,0x08be,0x0faa,0x08a6,0x0faa,0x08be,0x0f80,0x0000} }, /* U+8183 膃 */
    { 0x8188u, {0x0ffe,0x0092,0x0ffe,0x0000,0x0f82,0x02ba,0x05aa,0x0caa,0x05aa,0x02ba,0x0f82,0x0000} }, /* U+8188 膈 */
    { 0x818au, {0x0ffe,0x0092,0x0ffe,0x0204,0x02f4,0x0654,0x0a54,0x02ff,0x0a54,0x0f54,0x02f6,0x0000} }, /* U+818A 膊 */
    { 0x818fu, {0x0074,0x0014,0x0fd4,0x057c,0x0554,0x0557,0x0554,0x057c,0x0fd4,0x0014,0x0074,0x0000} }, /* U+818F 膏 */
    { 0x8193u, {0x0ffe,0x0092,0x0ffe,0x0908,0x057c,0x03d7,0x0954,0x0554,0x0b54,0x097c,0x0744,0x0000} }, /* U+8193 膓 */
    { 0x8195u, {0x0ffe,0x0092,0x0ffe,0x0000,0x0ffe,0x0aaa,0x0aea,0x0e0a,0x09fe,0x0a4a,0x0ffe,0x0000} }, /* U+8195 膕 */
    { 0x819au, {0x0600,0x01fc,0x0004,0x01d4,0x0f54,0x057f,0x0555,0x05d5,0x0555,0x0f54,0x01cc,0x0000} }, /* U+819A 膚 */
    { 0x819cu, {0x0ffe,0x0092,0x0892,0x0ffe,0x0104,0x09f4,0x055f,0x0354,0x0154,0x055f,0x09f4,0x0000} }, /* U+819C 膜 */
    { 0x819du, {0x0ffe,0x0092,0x0ffe,0x0824,0x0494,0x014c,0x0824,0x0f9f,0x0224,0x054c,0x0894,0x0000} }, /* U+819D 膝 */
    { 0x81a0u, {0x0ffe,0x0092,0x0ffe,0x0022,0x0896,0x0a8a,0x0a7e,0x094a,0x0556,0x048a,0x013e,0x0000} }, /* U+81A0 膠 */
    { 0x81a3u, {0x0ffe,0x0092,0x0ffe,0x0824,0x0ae4,0x0ab4,0x0aac,0x0fa7,0x0abc,0x0ae4,0x0aac,0x0000} }, /* U+81A3 膣 */
    { 0x81a4u, {0x0ffe,0x0092,0x0ffe,0x0000,0x0aba,0x0a8a,0x0aaa,0x0abe,0x0a8a,0x0aaa,0x0fba,0x0000} }, /* U+81A4 膤 */
    { 0x81a8u, {0x0ffe,0x0092,0x0ffe,0x0814,0x0fd4,0x095f,0x0f54,0x09d4,0x0888,0x0444,0x0222,0x0000} }, /* U+81A8 膨 */
    { 0x81a9u, {0x0ffe,0x0092,0x0ffe,0x0844,0x07d4,0x0554,0x0554,0x0fd4,0x087f,0x01c4,0x0e06,0x0000} }, /* U+81A9 膩 */
    { 0x81b0u, {0x0ffe,0x0092,0x0ffe,0x0090,0x0fd6,0x0aba,0x0a92,0x0ffe,0x0a9a,0x0ab6,0x0fd2,0x0000} }, /* U+81B0 膰 */
    { 0x81b3u, {0x0ffe,0x0092,0x0ffe,0x0100,0x0154,0x0fd7,0x0954,0x09fc,0x0956,0x0fd5,0x0154,0x0000} }, /* U+81B3 膳 */
    { 0x81b5u, {0x0ffe,0x0092,0x0ffe,0x0224,0x02a4,0x026f,0x02a4,0x0f34,0x02a4,0x026f,0x02a4,0x0000} }, /* U+81B5 膵 */
    { 0x81b8u, {0x0ffe,0x0092,0x0ffe,0x0892,0x07a4,0x0454,0x0bdc,0x0957,0x0974,0x0954,0x0bd4,0x0000} }, /* U+81B8 膸 */
    { 0x81bau, {0x0600,0x01fc,0x0024,0x0ff4,0x052c,0x05f4,0x055f,0x0554,0x05f4,0x055c,0x0f54,0x0000} }, /* U+81BA 膺 */
    { 0x81bdu, {0x0ffe,0x0092,0x0ffe,0x0408,0x03fc,0x0eaa,0x0aaa,0x0a9a,0x0ace,0x0aba,0x0ea8,0x0000} }, /* U+81BD 膽 */
    { 0x81beu, {0x0ffe,0x0092,0x0ffe,0x0008,0x00e4,0x0faa,0x0aea,0x0aaa,0x0aea,0x0aaa,0x0fec,0x0000} }, /* U+81BE 膾 */
    { 0x81bfu, {0x0ffe,0x0092,0x0ffe,0x0200,0x01fc,0x0f54,0x097f,0x0354,0x057f,0x0b54,0x097c,0x0000} }, /* U+81BF 膿 */
    { 0x81c0u, {0x007e,0x0faa,0x057a,0x052a,0x057e,0x0528,0x0556,0x0552,0x0552,0x0fee,0x0028,0x0000} }, /* U+81C0 臀 */
    { 0x81c2u, {0x007e,0x0fca,0x054a,0x057e,0x0550,0x0554,0x055c,0x0577,0x0554,0x0fdc,0x0054,0x0000} }, /* U+81C2 臂 */
    { 0x81c6u, {0x0ffe,0x0092,0x0ffe,0x0400,0x01f4,0x0f5c,0x0954,0x0b57,0x095c,0x0554,0x09f4,0x0000} }, /* U+81C6 臆 */
    { 0x81c8u, {0x0ffe,0x0092,0x0ffe,0x0204,0x0f7c,0x09d7,0x0b54,0x0d54,0x0157,0x097c,0x0f04,0x0000} }, /* U+81C8 臈 */
    { 0x81c9u, {0x0ffe,0x0092,0x0ffe,0x0808,0x05e4,0x032a,0x05ea,0x080a,0x05ea,0x032a,0x0dec,0x0000} }, /* U+81C9 臉 */
    { 0x81cdu, {0x0ffe,0x0092,0x0ffe,0x0814,0x07e4,0x02bc,0x0297,0x02bc,0x02a4,0x0fdc,0x0024,0x0000} }, /* U+81CD 臍 */
    { 0x81d1u, {0x0ffe,0x0092,0x0ffe,0x0000,0x0eba,0x028a,0x0faa,0x02be,0x0e8a,0x02aa,0x0eba,0x0000} }, /* U+81D1 臑 */
    { 0x81d3u, {0x0ffe,0x0092,0x0ffe,0x0014,0x07f4,0x055f,0x0774,0x0d54,0x05f7,0x031c,0x0cd4,0x0000} }, /* U+81D3 臓 */
    { 0x81d8u, {0x0ffe,0x0092,0x0ffe,0x0802,0x0ffd,0x0548,0x085a,0x0fed,0x0558,0x01ca,0x0e7d,0x0000} }, /* U+81D8 臘 */
    { 0x81d9u, {0x0ffe,0x0092,0x0ffe,0x0404,0x01df,0x0d54,0x0154,0x0ddf,0x0004,0x05f4,0x0924,0x0000} }, /* U+81D9 臙 */
    { 0x81dau, {0x0ffe,0x0092,0x0ffe,0x0880,0x0e7c,0x0bc4,0x0e57,0x0bfd,0x0e55,0x0bd5,0x0e4c,0x0000} }, /* U+81DA 臚 */
    { 0x81dfu, {0x0ffe,0x0092,0x0ffe,0x0224,0x0ff4,0x055f,0x0774,0x0d54,0x05ff,0x0314,0x0cdc,0x0000} }, /* U+81DF 臟 */
    { 0x81e0u, {0x0f94,0x00fa,0x0294,0x0992,0x04ea,0x02ab,0x04ea,0x0992,0x0294,0x08fa,0x0f94,0x0000} }, /* U+81E0 臠 */
    { 0x81e3u, {0x0000,0x0ffe,0x0892,0x0892,0x0892,0x0892,0x0f9e,0x0892,0x0892,0x08f2,0x0802,0x0000} }, /* U+81E3 臣 */
    { 0x81e5u, {0x07fe,0x0492,0x0492,0x079e,0x04f2,0x0c02,0x0300,0x00c0,0x003f,0x01c0,0x0e00,0x0000} }, /* U+81E5 臥 */
    { 0x81e7u, {0x01dc,0x0c50,0x03fc,0x0004,0x07f4,0x0554,0x0774,0x0dd4,0x047f,0x0384,0x0c66,0x0000} }, /* U+81E7 臧 */
    { 0x81e8u, {0x07fc,0x04a4,0x07bc,0x04e4,0x0f18,0x0907,0x0f74,0x0054,0x0f54,0x0974,0x0f04,0x0000} }, /* U+81E8 臨 */
    { 0x81eau, {0x0000,0x0000,0x0ffc,0x0924,0x0924,0x0926,0x0925,0x0924,0x0924,0x0ffc,0x0000,0x0000} }, /* U+81EA 自 */
    { 0x81edu, {0x0900,0x097c,0x0554,0x0554,0x0356,0x01d5,0x0354,0x0554,0x0554,0x097c,0x0900,0x0000} }, /* U+81ED 臭 */
    { 0x81f3u, {0x0802,0x0822,0x0932,0x092a,0x0926,0x0fe2,0x0922,0x092a,0x0932,0x0822,0x0842,0x0000} }, /* U+81F3 至 */
    { 0x81f4u, {0x0932,0x092a,0x0fe6,0x0922,0x0922,0x0830,0x040f,0x04c4,0x0304,0x04fc,0x0804,0x0000} }, /* U+81F4 致 */
    { 0x81fau, {0x08c4,0x0a54,0x0a74,0x0b54,0x0ad4,0x0e5f,0x0a54,0x0ad4,0x0b74,0x0a54,0x08c4,0x0000} }, /* U+81FA 臺 */
    { 0x81fbu, {0x0932,0x0fea,0x0926,0x09b2,0x0554,0x0574,0x035c,0x0fd7,0x0174,0x05d4,0x0954,0x0000} }, /* U+81FB 臻 */
    { 0x81fcu, {0x0000,0x0ff8,0x0888,0x0884,0x0884,0x0802,0x0802,0x0888,0x0888,0x0888,0x0ff8,0x0000} }, /* U+81FC 臼 */
    { 0x81feu, {0x08fc,0x0894,0x0492,0x0492,0x0200,0x01ff,0x0200,0x0494,0x0494,0x0894,0x08fc,0x0000} }, /* U+81FE 臾 */
    { 0x8201u, {0x0900,0x097e,0x054a,0x03c9,0x0140,0x0140,0x014a,0x0fca,0x014a,0x017e,0x0100,0x0000} }, /* U+8201 舁 */
    { 0x8202u, {0x0244,0x0154,0x0fd4,0x0974,0x095c,0x0817,0x0954,0x0974,0x0fd4,0x0154,0x0244,0x0000} }, /* U+8202 舂 */
    { 0x8205u, {0x0000,0x0a3e,0x0bea,0x0aaa,0x06aa,0x03e0,0x02a0,0x0aaa,0x0aaa,0x0bea,0x063e,0x0000} }, /* U+8205 舅 */
    { 0x8207u, {0x09fe,0x052a,0x012a,0x0100,0x01df,0x0112,0x01f2,0x0100,0x012a,0x052a,0x09fe,0x0000} }, /* U+8207 與 */
    { 0x8208u, {0x09fe,0x052a,0x0128,0x01fe,0x010a,0x01ea,0x012a,0x01fe,0x0128,0x052a,0x09fe,0x0000} }, /* U+8208 興 */
    { 0x8209u, {0x02be,0x02aa,0x026a,0x02a0,0x02af,0x0fea,0x02ba,0x02a0,0x02aa,0x026a,0x02be,0x0000} }, /* U+8209 舉 */
    { 0x820au, {0x0024,0x0f94,0x0afc,0x0a97,0x0a94,0x0814,0x0afc,0x0a97,0x0a94,0x0f94,0x0084,0x0000} }, /* U+820A 舊 */
    { 0x820cu, {0x0020,0x0024,0x0f24,0x0924,0x0924,0x09fc,0x0922,0x0922,0x0f22,0x0022,0x0020,0x0000} }, /* U+820C 舌 */
    { 0x820du, {0x0048,0x0048,0x0f54,0x0954,0x0952,0x09f2,0x0952,0x0954,0x0f54,0x0048,0x0048,0x0000} }, /* U+820D 舍 */
    { 0x820eu, {0x0048,0x0048,0x0f54,0x0954,0x0952,0x097a,0x0952,0x0954,0x0f54,0x0048,0x0048,0x0000} }, /* U+820E 舎 */
    { 0x8210u, {0x0f24,0x0924,0x09fc,0x0f22,0x0822,0x0ffc,0x0844,0x0444,0x047c,0x03c2,0x0c42,0x0000} }, /* U+8210 舐 */
    { 0x8212u, {0x0f58,0x0954,0x09f2,0x0952,0x0f54,0x0020,0x0022,0x082a,0x0ff2,0x012a,0x00e6,0x0000} }, /* U+8212 舒 */
    { 0x8216u, {0x0f54,0x0952,0x09f2,0x0f52,0x0004,0x0ff4,0x0154,0x0fff,0x0154,0x0954,0x0ff6,0x0000} }, /* U+8216 舖 */
    { 0x8217u, {0x0f54,0x0952,0x097a,0x0f52,0x0004,0x0ff4,0x0154,0x0fff,0x0154,0x0954,0x0ff6,0x0000} }, /* U+8217 舗 */
    { 0x8218u, {0x0f58,0x0954,0x09f2,0x0952,0x0f50,0x000c,0x0ff4,0x0957,0x0954,0x0974,0x0f1c,0x0000} }, /* U+8218 舘 */
    { 0x821bu, {0x0860,0x081f,0x04e4,0x0304,0x01fc,0x0108,0x01f8,0x0108,0x0108,0x0fff,0x0108,0x0000} }, /* U+821B 舛 */
    { 0x821cu, {0x0230,0x09d2,0x095e,0x0552,0x03d2,0x041e,0x0792,0x0492,0x0fda,0x0496,0x0430,0x0000} }, /* U+821C 舜 */
    { 0x821eu, {0x092c,0x092b,0x0afe,0x04aa,0x03be,0x042a,0x07be,0x04aa,0x0ffe,0x04aa,0x04aa,0x0000} }, /* U+821E 舞 */
    { 0x821fu, {0x0080,0x0c80,0x03fc,0x0084,0x0086,0x0795,0x00a4,0x0084,0x0884,0x0ffc,0x0080,0x0000} }, /* U+821F 舟 */
    { 0x8229u, {0x0ffc,0x0156,0x0845,0x0ffc,0x0040,0x0c38,0x0b02,0x08e2,0x0802,0x080e,0x0e70,0x0000} }, /* U+8229 舩 */
    { 0x822au, {0x0ffc,0x0156,0x0845,0x0ffc,0x0040,0x0c04,0x03e4,0x0027,0x0024,0x0fe4,0x0804,0x0000} }, /* U+822A 航 */
    { 0x822bu, {0x0ffc,0x0156,0x0845,0x0ffc,0x0044,0x0304,0x00c4,0x083f,0x0824,0x0424,0x03e4,0x0000} }, /* U+822B 舫 */
    { 0x822cu, {0x0ffc,0x0156,0x0845,0x0ffc,0x0080,0x08a0,0x0b9e,0x0482,0x0482,0x0abe,0x09a0,0x0000} }, /* U+822C 般 */
    { 0x822eu, {0x0ffc,0x0156,0x0845,0x0ffc,0x0040,0x0c02,0x03f2,0x0092,0x0092,0x0092,0x00f2,0x0000} }, /* U+822E 舮 */
    { 0x8233u, {0x0ffc,0x0156,0x0845,0x0ffc,0x0040,0x0ff8,0x0888,0x0fff,0x0888,0x0888,0x0ff8,0x0000} }, /* U+8233 舳 */
    { 0x8235u, {0x0c40,0x03fc,0x0156,0x0845,0x0ffc,0x0004,0x0ff4,0x0887,0x0884,0x0844,0x0c5c,0x0000} }, /* U+8235 舵 */
    { 0x8236u, {0x0ffc,0x0156,0x0845,0x0ffc,0x0040,0x0ff8,0x088c,0x088b,0x0888,0x0888,0x0ff8,0x0000} }, /* U+8236 舶 */
    { 0x8237u, {0x0ffc,0x0156,0x0845,0x0ffc,0x0000,0x0c44,0x0aa4,0x0917,0x088c,0x0844,0x0e24,0x0000} }, /* U+8237 舷 */
    { 0x8238u, {0x0ffc,0x0156,0x0845,0x0ffc,0x0042,0x01f2,0x0112,0x01f2,0x0802,0x0802,0x0ffe,0x0000} }, /* U+8238 舸 */
    { 0x8239u, {0x0c40,0x03fc,0x0156,0x0845,0x0ffc,0x0020,0x0f98,0x0882,0x0882,0x088e,0x0fb0,0x0000} }, /* U+8239 船 */
    { 0x8240u, {0x0ffc,0x0156,0x0845,0x0ffc,0x0048,0x0206,0x0242,0x0a5a,0x0f42,0x02ca,0x0252,0x0000} }, /* U+8240 艀 */
    { 0x8247u, {0x0ffc,0x0156,0x0845,0x0ffc,0x0942,0x0672,0x05ce,0x0a20,0x0a22,0x0bfe,0x0a22,0x0000} }, /* U+8247 艇 */
    { 0x8258u, {0x0ffc,0x0156,0x0845,0x0ffc,0x0840,0x097c,0x0b54,0x0542,0x05ff,0x0b54,0x097c,0x0000} }, /* U+8258 艘 */
    { 0x8259u, {0x0ffc,0x0156,0x0845,0x0ffc,0x0208,0x01fc,0x0eaa,0x0aaa,0x0aaa,0x0aaa,0x0efc,0x0000} }, /* U+8259 艙 */
    { 0x825au, {0x0ffc,0x0156,0x0845,0x0ffc,0x0054,0x0fd7,0x097c,0x0954,0x097f,0x0fd4,0x007c,0x0000} }, /* U+825A 艚 */
    { 0x825du, {0x0ffc,0x0156,0x0845,0x0ffc,0x000a,0x0aaa,0x0aaa,0x0abe,0x0a8a,0x0aaa,0x0fba,0x0000} }, /* U+825D 艝 */
    { 0x825fu, {0x0ffc,0x0156,0x0845,0x0ffc,0x0824,0x0be4,0x0abc,0x0fe7,0x0aa4,0x0abc,0x0be4,0x0000} }, /* U+825F 艟 */
    { 0x8262u, {0x0ffc,0x0156,0x0845,0x0ffc,0x08a4,0x0b9c,0x0aa4,0x0aff,0x0ba4,0x089c,0x0fe4,0x0000} }, /* U+8262 艢 */
    { 0x8264u, {0x0ffc,0x0156,0x0845,0x0ffc,0x0544,0x0fd7,0x0554,0x097c,0x0b56,0x0555,0x0b54,0x0000} }, /* U+8264 艤 */
    { 0x8266u, {0x0ffc,0x0156,0x0ffd,0x0840,0x0f7e,0x092a,0x0fee,0x093a,0x0f4f,0x0948,0x0f48,0x0000} }, /* U+8266 艦 */
    { 0x8268u, {0x0ffc,0x0156,0x0845,0x0ffc,0x0514,0x04df,0x0a54,0x09d4,0x075f,0x0254,0x0534,0x0000} }, /* U+8268 艨 */
    { 0x826au, {0x0ffc,0x0156,0x0845,0x0ffc,0x0048,0x0fbc,0x0aea,0x0aaa,0x0afe,0x0aaa,0x0ff8,0x0000} }, /* U+826A 艪 */
    { 0x826bu, {0x0ffc,0x0156,0x0845,0x0ffc,0x0a04,0x0bd4,0x0e7f,0x0bd5,0x0e55,0x0bd5,0x0e4c,0x0000} }, /* U+826B 艫 */
    { 0x826eu, {0x0800,0x0800,0x0ffe,0x084a,0x044a,0x044a,0x01ca,0x024a,0x044a,0x0a7e,0x0900,0x0000} }, /* U+826E 艮 */
    { 0x826fu, {0x0800,0x0800,0x0ffc,0x0894,0x0494,0x0497,0x0194,0x0294,0x04fc,0x0a00,0x0900,0x0000} }, /* U+826F 良 */
    { 0x8271u, {0x0974,0x055e,0x03f4,0x055e,0x0974,0x0104,0x0ffe,0x084a,0x03ca,0x044a,0x0b7e,0x0000} }, /* U+8271 艱 */
    { 0x8272u, {0x0010,0x07f8,0x0894,0x0892,0x0892,0x08f2,0x089a,0x0896,0x0890,0x08f0,0x0e00,0x0000} }, /* U+8272 色 */
    { 0x8276u, {0x087c,0x09d4,0x0f7f,0x0954,0x0954,0x0fff,0x0894,0x0892,0x08fa,0x0896,0x0cf0,0x0000} }, /* U+8276 艶 */
    { 0x8277u, {0x087e,0x09d4,0x0f7e,0x0954,0x0f7e,0x0954,0x0ffe,0x0892,0x08fa,0x0896,0x0cf0,0x0000} }, /* U+8277 艷 */
    { 0x8278u, {0x09f8,0x0880,0x0480,0x03ff,0x0080,0x01f8,0x0080,0x0080,0x0fff,0x0080,0x00f8,0x0000} }, /* U+8278 艸 */
    { 0x827eu, {0x0804,0x0804,0x0424,0x044f,0x0284,0x0104,0x0284,0x044f,0x0424,0x0804,0x0804,0x0000} }, /* U+827E 艾 */
    { 0x828bu, {0x0104,0x0124,0x0124,0x092f,0x0924,0x0fe4,0x0124,0x012f,0x0124,0x0124,0x0104,0x0000} }, /* U+828B 芋 */
    { 0x828du, {0x0084,0x0044,0x0024,0x013f,0x0224,0x0024,0x0824,0x082f,0x0824,0x0424,0x03e4,0x0000} }, /* U+828D 芍 */
    { 0x8292u, {0x0044,0x0044,0x07c4,0x084f,0x0844,0x0874,0x0844,0x084f,0x0844,0x0844,0x0044,0x0000} }, /* U+8292 芒 */
    { 0x8299u, {0x0884,0x08a4,0x04a4,0x04af,0x02a4,0x01f4,0x02a4,0x04af,0x04a4,0x08a4,0x0884,0x0000} }, /* U+8299 芙 */
    { 0x829du, {0x0c04,0x0344,0x0444,0x044f,0x0444,0x0a74,0x0a44,0x094f,0x08c4,0x0844,0x0804,0x0000} }, /* U+829D 芝 */
    { 0x829fu, {0x0844,0x0844,0x08c4,0x0bbf,0x0494,0x0494,0x0494,0x06bf,0x09c4,0x0844,0x0864,0x0000} }, /* U+829F 芟 */
    { 0x82a5u, {0x0084,0x0084,0x0c44,0x03cf,0x0024,0x0024,0x0024,0x0fcf,0x0044,0x0084,0x0084,0x0000} }, /* U+82A5 芥 */
    { 0x82a6u, {0x0004,0x0c14,0x03d4,0x015f,0x0154,0x0154,0x0154,0x015f,0x0154,0x01d4,0x0004,0x0000} }, /* U+82A6 芦 */
    { 0x82abu, {0x0884,0x0884,0x04a4,0x03af,0x00a4,0x00a4,0x0fa4,0x08af,0x08a4,0x0884,0x0c84,0x0000} }, /* U+82AB 芫 */
    { 0x82acu, {0x0104,0x0884,0x0944,0x052f,0x0304,0x0124,0x0924,0x092f,0x0744,0x0084,0x0104,0x0000} }, /* U+82AC 芬 */
    { 0x82adu, {0x0004,0x07f4,0x0894,0x089f,0x0894,0x08f4,0x0894,0x089f,0x0894,0x08f4,0x0c04,0x0000} }, /* U+82AD 芭 */
    { 0x82afu, {0x0204,0x0104,0x0004,0x078f,0x0804,0x0824,0x0844,0x080f,0x0804,0x0c84,0x0104,0x0000} }, /* U+82AF 芯 */
    { 0x82b1u, {0x0104,0x0084,0x0fc4,0x003f,0x0004,0x0004,0x0fe4,0x088f,0x0884,0x0844,0x0c44,0x0000} }, /* U+82B1 花 */
    { 0x82b3u, {0x0024,0x0024,0x0624,0x01ef,0x00a4,0x00bc,0x08a4,0x08af,0x04a4,0x03a4,0x0024,0x0000} }, /* U+82B3 芳 */
    { 0x82b8u, {0x0084,0x00a4,0x0ca4,0x0baf,0x08a4,0x08a4,0x04a4,0x04af,0x03a4,0x0ca4,0x0084,0x0000} }, /* U+82B8 芸 */
    { 0x82b9u, {0x0604,0x01e4,0x00a4,0x00af,0x00a4,0x00a4,0x0094,0x0f9f,0x0094,0x0094,0x0084,0x0000} }, /* U+82B9 芹 */
    { 0x82bbu, {0x0318,0x00c7,0x06b4,0x0ce4,0x07bc,0x04a4,0x04a4,0x06b4,0x0884,0x0884,0x07fc,0x0000} }, /* U+82BB 芻 */
    { 0x82bdu, {0x0484,0x0494,0x0494,0x02ff,0x0294,0x0994,0x0894,0x0fff,0x0094,0x0094,0x0084,0x0000} }, /* U+82BD 芽 */
    { 0x82c5u, {0x0004,0x0c24,0x0344,0x00ff,0x0104,0x0204,0x0004,0x03ef,0x0004,0x0804,0x0ff4,0x0000} }, /* U+82C5 苅 */
    { 0x82d1u, {0x0904,0x08f4,0x04a4,0x052f,0x03e4,0x0004,0x0fe4,0x082f,0x0924,0x09e4,0x0c04,0x0000} }, /* U+82D1 苑 */
    { 0x82d2u, {0x0204,0x0fe4,0x02a4,0x02af,0x02a4,0x03f4,0x02a4,0x02af,0x0aa4,0x0fe4,0x0204,0x0000} }, /* U+82D2 苒 */
    { 0x82d3u, {0x0044,0x0144,0x0124,0x016f,0x0f54,0x0154,0x0154,0x096f,0x0924,0x0744,0x0044,0x0000} }, /* U+82D3 苓 */
    { 0x82d4u, {0x0004,0x0044,0x0f64,0x0957,0x094c,0x0944,0x0944,0x0957,0x0f64,0x0044,0x0084,0x0000} }, /* U+82D4 苔 */
    { 0x82d7u, {0x0004,0x0fe4,0x0924,0x093f,0x0924,0x0fe4,0x0924,0x093f,0x0924,0x0fe4,0x0004,0x0000} }, /* U+82D7 苗 */
    { 0x82d9u, {0x0804,0x0844,0x0844,0x0bcf,0x0844,0x0874,0x0e44,0x09cf,0x0844,0x0844,0x0804,0x0000} }, /* U+82D9 苙 */
    { 0x82dbu, {0x0024,0x0024,0x07a4,0x04af,0x04a4,0x07a4,0x0024,0x082f,0x0824,0x0fe4,0x0024,0x0000} }, /* U+82DB 苛 */
    { 0x82dcu, {0x0004,0x0ff4,0x0954,0x095f,0x0954,0x0954,0x0954,0x095f,0x0954,0x0ff4,0x0004,0x0000} }, /* U+82DC 苜 */
    { 0x82deu, {0x0084,0x0044,0x0fe4,0x093f,0x0924,0x0924,0x09e4,0x082f,0x0924,0x0924,0x0ce4,0x0000} }, /* U+82DE 苞 */
    { 0x82dfu, {0x0084,0x0044,0x07a4,0x04bf,0x04a4,0x07a4,0x0024,0x082f,0x0824,0x0424,0x03e4,0x0000} }, /* U+82DF 苟 */
    { 0x82e1u, {0x0404,0x0404,0x03e4,0x020f,0x0a04,0x0824,0x0444,0x020f,0x0184,0x0264,0x0c04,0x0000} }, /* U+82E1 苡 */
    { 0x82e3u, {0x0004,0x0ff4,0x0954,0x095f,0x0954,0x0954,0x0954,0x095f,0x0954,0x09d4,0x0814,0x0000} }, /* U+82E3 苣 */
    { 0x82e5u, {0x0224,0x0224,0x0124,0x0faf,0x0974,0x0924,0x0924,0x092f,0x0924,0x0f24,0x0024,0x0000} }, /* U+82E5 若 */
    { 0x82e6u, {0x0024,0x0f24,0x0924,0x092f,0x0924,0x09f4,0x0924,0x092f,0x0924,0x0f24,0x0024,0x0000} }, /* U+82E6 苦 */
    { 0x82e7u, {0x0064,0x0124,0x0124,0x092f,0x0924,0x0f34,0x0124,0x012f,0x0124,0x0124,0x0064,0x0000} }, /* U+82E7 苧 */
    { 0x82ebu, {0x0004,0x0f04,0x0904,0x090f,0x0904,0x09f4,0x0924,0x092f,0x0924,0x0f24,0x0004,0x0000} }, /* U+82EB 苫 */
    { 0x82f1u, {0x0904,0x0904,0x05e4,0x052f,0x0324,0x01fc,0x0324,0x052f,0x05e4,0x0904,0x0904,0x0000} }, /* U+82F1 英 */
    { 0x82f3u, {0x0124,0x0124,0x0094,0x088f,0x0854,0x08a4,0x0524,0x0457,0x044c,0x0084,0x0084,0x0000} }, /* U+82F3 苳 */
    { 0x82f4u, {0x0804,0x0804,0x0fe4,0x0aaf,0x0aa4,0x0aa4,0x0aa4,0x0aaf,0x0fe4,0x0804,0x0804,0x0000} }, /* U+82F4 苴 */
    { 0x82f9u, {0x0204,0x02a4,0x0264,0x022f,0x0224,0x0fe4,0x0224,0x022f,0x0264,0x02a4,0x0204,0x0000} }, /* U+82F9 苹 */
    { 0x82fau, {0x0084,0x0784,0x04f4,0x049f,0x05b4,0x06d4,0x0494,0x0c9f,0x07f4,0x0484,0x0484,0x0000} }, /* U+82FA 苺 */
    { 0x82fbu, {0x0084,0x0fc4,0x0024,0x005f,0x0144,0x0244,0x0044,0x004f,0x0844,0x0ff4,0x0044,0x0000} }, /* U+82FB 苻 */
    { 0x8302u, {0x0c04,0x03e4,0x0024,0x082f,0x0824,0x043c,0x04e4,0x032f,0x0524,0x08b4,0x0824,0x0000} }, /* U+8302 茂 */
    { 0x8303u, {0x0844,0x0494,0x0224,0x000f,0x0fe4,0x0824,0x0824,0x092f,0x0924,0x09e4,0x0c04,0x0000} }, /* U+8303 范 */
    { 0x8304u, {0x0444,0x0244,0x09f4,0x084f,0x0444,0x03c4,0x0004,0x0fef,0x0824,0x0824,0x0fe4,0x0000} }, /* U+8304 茄 */
    { 0x8305u, {0x0444,0x0444,0x0254,0x025f,0x0954,0x08d4,0x0fd4,0x007f,0x0054,0x0144,0x00c4,0x0000} }, /* U+8305 茅 */
    { 0x8306u, {0x0204,0x03e4,0x0a24,0x0a2f,0x0614,0x03d4,0x0004,0x0fef,0x0024,0x0424,0x07e4,0x0000} }, /* U+8306 茆 */
    { 0x8309u, {0x0424,0x04a4,0x02a4,0x02af,0x01a4,0x0ff4,0x00a4,0x01af,0x02a4,0x04a4,0x0424,0x0000} }, /* U+8309 茉 */
    { 0x830eu, {0x0884,0x0894,0x0a94,0x0a7f,0x0a54,0x0fd4,0x0a54,0x0a5f,0x0ab4,0x0894,0x0884,0x0000} }, /* U+830E 茎 */
    { 0x8316u, {0x0084,0x00a4,0x0f94,0x094f,0x0954,0x0924,0x0924,0x0957,0x0f4c,0x0084,0x0084,0x0000} }, /* U+8316 茖 */
    { 0x8317u, {0x0404,0x0444,0x0244,0x0f2f,0x0954,0x0994,0x0914,0x099f,0x0954,0x0934,0x0f04,0x0000} }, /* U+8317 茗 */
    { 0x8318u, {0x0904,0x0514,0x0394,0x095f,0x0f34,0x0014,0x0914,0x051f,0x0394,0x0974,0x0f04,0x0000} }, /* U+8318 茘 */
    { 0x831cu, {0x0014,0x0fd4,0x0a54,0x097f,0x08d4,0x0854,0x09f4,0x0a5f,0x0a54,0x0fd4,0x0014,0x0000} }, /* U+831C 茜 */
    { 0x8323u, {0x0904,0x0974,0x0544,0x057f,0x0354,0x01d4,0x0354,0x055f,0x0554,0x09f4,0x0904,0x0000} }, /* U+8323 茣 */
    { 0x8328u, {0x0804,0x0424,0x0244,0x088f,0x0844,0x0434,0x0224,0x01ef,0x0224,0x04a4,0x0864,0x0000} }, /* U+8328 茨 */
    { 0x832bu, {0x0844,0x0494,0x0224,0x000f,0x07e4,0x0824,0x0824,0x083f,0x0824,0x0824,0x0824,0x0000} }, /* U+832B 茫 */
    { 0x832fu, {0x0084,0x0fc4,0x0024,0x085f,0x0844,0x0444,0x0244,0x01ff,0x0244,0x0444,0x0874,0x0000} }, /* U+832F 茯 */
    { 0x8331u, {0x0984,0x0944,0x0534,0x052f,0x0324,0x0ff4,0x0124,0x032f,0x0524,0x0924,0x0904,0x0000} }, /* U+8331 茱 */
    { 0x8332u, {0x0c44,0x0aa4,0x0914,0x088f,0x0e44,0x0004,0x0c44,0x0aaf,0x0914,0x0884,0x0e44,0x0000} }, /* U+8332 茲 */
    { 0x8334u, {0x0ff4,0x0814,0x0814,0x0bdf,0x0a54,0x0a54,0x0a54,0x0bdf,0x0814,0x0814,0x0ff4,0x0000} }, /* U+8334 茴 */
    { 0x8335u, {0x0ff4,0x0814,0x0a54,0x0a5f,0x0954,0x08f4,0x0954,0x0a5f,0x0a54,0x0814,0x0ff4,0x0000} }, /* U+8335 茵 */
    { 0x8336u, {0x0084,0x0884,0x0544,0x014f,0x0124,0x0fa4,0x0124,0x014f,0x0544,0x0884,0x0084,0x0000} }, /* U+8336 茶 */
    { 0x8338u, {0x0404,0x0414,0x07f4,0x055f,0x0554,0x0554,0x0554,0x055f,0x0ff4,0x0214,0x0204,0x0000} }, /* U+8338 茸 */
    { 0x8339u, {0x0824,0x0b24,0x0afc,0x0427,0x0624,0x09e4,0x0004,0x0fef,0x0824,0x0824,0x0fe4,0x0000} }, /* U+8339 茹 */
    { 0x8340u, {0x0084,0x0044,0x0fa4,0x0abf,0x0aa4,0x0fa4,0x0024,0x082f,0x0824,0x0424,0x03e4,0x0000} }, /* U+8340 荀 */
    { 0x8345u, {0x0104,0x0084,0x0f44,0x096f,0x0954,0x0954,0x0954,0x096f,0x0f44,0x0084,0x0104,0x0000} }, /* U+8345 荅 */
    { 0x8349u, {0x0404,0x0404,0x05f4,0x055f,0x0554,0x0f54,0x0554,0x055f,0x05f4,0x0404,0x0404,0x0000} }, /* U+8349 草 */
    { 0x834au, {0x0124,0x0d24,0x03e4,0x012f,0x0fe4,0x0124,0x0004,0x03ef,0x0004,0x0804,0x0fe4,0x0000} }, /* U+834A 荊 */
    { 0x834fu, {0x0084,0x0fc4,0x0034,0x010f,0x0924,0x0924,0x0924,0x0fef,0x0924,0x0924,0x0924,0x0000} }, /* U+834F 荏 */
    { 0x8350u, {0x0114,0x0094,0x0fd4,0x003f,0x0214,0x0254,0x0a54,0x0f5f,0x02d4,0x0254,0x0214,0x0000} }, /* U+8350 荐 */
    { 0x8352u, {0x0804,0x0824,0x0624,0x00ef,0x00a4,0x0eb4,0x00a4,0x00af,0x0ea4,0x0824,0x0804,0x0000} }, /* U+8352 荒 */
    { 0x8358u, {0x0424,0x0244,0x0ff4,0x0007,0x0844,0x0844,0x0844,0x0fff,0x0844,0x0844,0x0844,0x0000} }, /* U+8358 荘 */
    { 0x8373u, {0x0804,0x0824,0x09e4,0x0f2f,0x0924,0x0924,0x0924,0x0f2f,0x09e4,0x0824,0x0804,0x0000} }, /* U+8373 荳 */
    { 0x8375u, {0x0804,0x0514,0x0154,0x069f,0x0894,0x0974,0x0a14,0x081f,0x0914,0x02f4,0x0404,0x0000} }, /* U+8375 荵 */
    { 0x8377u, {0x0044,0x0fe4,0x0034,0x002f,0x07a4,0x04a4,0x07a4,0x002f,0x0824,0x0fe4,0x0024,0x0000} }, /* U+8377 荷 */
    { 0x837bu, {0x0484,0x0a54,0x0964,0x079f,0x0804,0x08c4,0x0404,0x03f7,0x0204,0x0484,0x0844,0x0000} }, /* U+837B 荻 */
    { 0x837cu, {0x0844,0x0544,0x0124,0x016f,0x0954,0x0fd4,0x0154,0x016f,0x0124,0x0544,0x0844,0x0000} }, /* U+837C 荼 */
    { 0x8385u, {0x0084,0x0fc4,0x0024,0x083f,0x0824,0x0be4,0x0824,0x083f,0x0e24,0x09e4,0x0824,0x0000} }, /* U+8385 莅 */
    { 0x8387u, {0x0fe4,0x0aa4,0x0aa4,0x0fef,0x0844,0x0444,0x03f4,0x004f,0x0844,0x0844,0x07c4,0x0000} }, /* U+8387 莇 */
    { 0x8389u, {0x0484,0x02a4,0x01a4,0x0fef,0x0294,0x0494,0x0004,0x03ef,0x0004,0x0804,0x0ff4,0x0000} }, /* U+8389 莉 */
    { 0x838au, {0x0cb4,0x03a4,0x00a4,0x0fff,0x0004,0x0844,0x0844,0x0847,0x0ffc,0x0844,0x0844,0x0000} }, /* U+838A 莊 */
    { 0x838eu, {0x0844,0x0494,0x0224,0x000f,0x0844,0x0824,0x0904,0x09ff,0x0404,0x0424,0x0244,0x0000} }, /* U+838E 莎 */
    { 0x8393u, {0x00a4,0x0794,0x04fc,0x0497,0x05b4,0x06d4,0x0494,0x0c9f,0x07f4,0x0494,0x0494,0x0000} }, /* U+8393 莓 */
    { 0x8396u, {0x0854,0x0ab4,0x0b14,0x0a1f,0x0a54,0x0eb4,0x0b14,0x0a1f,0x0a54,0x0ab4,0x0914,0x0000} }, /* U+8396 莖 */
    { 0x839au, {0x0c94,0x02d4,0x05b4,0x040f,0x0b94,0x0a14,0x0a14,0x0bff,0x0a54,0x0a54,0x0a14,0x0000} }, /* U+839A 莚 */
    { 0x839eu, {0x0834,0x0914,0x0554,0x055f,0x0354,0x0154,0x0f54,0x095f,0x0954,0x0914,0x0c34,0x0000} }, /* U+839E 莞 */
    { 0x839fu, {0x0024,0x0f24,0x0914,0x0937,0x092c,0x0924,0x09ac,0x0977,0x0914,0x0f24,0x0024,0x0000} }, /* U+839F 莟 */
    { 0x83a0u, {0x0244,0x0954,0x08d4,0x055f,0x0354,0x01f4,0x0154,0x0b5f,0x0a54,0x06d4,0x0144,0x0000} }, /* U+83A0 莠 */
    { 0x83a2u, {0x0824,0x0924,0x04e4,0x052f,0x0224,0x01f4,0x0224,0x052f,0x04e4,0x0924,0x0824,0x0000} }, /* U+83A2 莢 */
    { 0x83a8u, {0x0804,0x0804,0x0ff4,0x095f,0x0954,0x0154,0x0354,0x055f,0x05f4,0x0a04,0x0904,0x0000} }, /* U+83A8 莨 */
    { 0x83aau, {0x0254,0x0a54,0x0ff4,0x025f,0x0154,0x0944,0x0824,0x0427,0x04fc,0x0324,0x0cb4,0x0000} }, /* U+83AA 莪 */
    { 0x83abu, {0x0904,0x0904,0x05f4,0x055f,0x0354,0x0154,0x0354,0x055f,0x05f4,0x0904,0x0904,0x0000} }, /* U+83AB 莫 */
    { 0x83b1u, {0x0904,0x0924,0x0564,0x05af,0x0324,0x0ff4,0x0124,0x03af,0x0564,0x0924,0x0904,0x0000} }, /* U+83B1 莱 */
    { 0x83b5u, {0x0804,0x08f4,0x0894,0x049f,0x0394,0x00f4,0x0f94,0x089f,0x0b94,0x08f4,0x0c04,0x0000} }, /* U+83B5 莵 */
    { 0x83bdu, {0x0124,0x0aa4,0x0a64,0x062f,0x03b4,0x0224,0x0224,0x0faf,0x0264,0x02a4,0x0124,0x0000} }, /* U+83BD 莽 */
    { 0x83c1u, {0x0044,0x0044,0x0fd4,0x0257,0x0254,0x03fc,0x0254,0x0a57,0x0fd4,0x0044,0x0044,0x0000} }, /* U+83C1 菁 */
    { 0x83c5u, {0x00e4,0x0024,0x0024,0x0fef,0x0aa4,0x0abc,0x0aa4,0x0aef,0x0e24,0x0024,0x00e4,0x0000} }, /* U+83C5 菅 */
    { 0x83cau, {0x0044,0x0924,0x0554,0x031f,0x0ff4,0x0114,0x0354,0x053f,0x0914,0x0814,0x07f4,0x0000} }, /* U+83CA 菊 */
    { 0x83ccu, {0x0ff4,0x0814,0x0a54,0x0a5f,0x0954,0x0ff4,0x0854,0x095f,0x0a54,0x0814,0x0ff4,0x0000} }, /* U+83CC 菌 */
    { 0x83ceu, {0x0804,0x0ffc,0x0954,0x0957,0x0954,0x0054,0x0fd4,0x0957,0x0954,0x097c,0x0d04,0x0000} }, /* U+83CE 菎 */
    { 0x83d3u, {0x0904,0x0904,0x05f4,0x055f,0x0354,0x0ff4,0x0154,0x035f,0x05f4,0x0904,0x0904,0x0000} }, /* U+83D3 菓 */
    { 0x83d6u, {0x0002,0x0f82,0x0afa,0x0aaf,0x0aaa,0x0aaa,0x0aaa,0x0aaf,0x0afa,0x0f82,0x0002,0x0000} }, /* U+83D6 菖 */
    { 0x83d8u, {0x0444,0x0244,0x0ff4,0x004f,0x0184,0x0c64,0x0a04,0x099f,0x0814,0x0874,0x0d84,0x0000} }, /* U+83D8 菘 */
    { 0x83dcu, {0x0904,0x0934,0x0554,0x051f,0x0334,0x0f54,0x0114,0x039f,0x0554,0x0934,0x0904,0x0000} }, /* U+83DC 菜 */
    { 0x83dfu, {0x0844,0x09e4,0x0554,0x055f,0x0354,0x01d4,0x0754,0x097f,0x0b54,0x09c4,0x0c04,0x0000} }, /* U+83DF 菟 */
    { 0x83e0u, {0x0844,0x0494,0x0024,0x060f,0x01f4,0x0894,0x0a94,0x04ff,0x0494,0x0b94,0x0834,0x0000} }, /* U+83E0 菠 */
    { 0x83e9u, {0x0084,0x0094,0x0e94,0x0af7,0x0a94,0x0a9c,0x0a94,0x0af7,0x0e94,0x0094,0x0084,0x0000} }, /* U+83E9 菩 */
    { 0x83ebu, {0x0804,0x0a14,0x0af4,0x0a9f,0x0a94,0x0ff4,0x0a94,0x0a9f,0x0af4,0x0a14,0x0804,0x0000} }, /* U+83EB 菫 */
    { 0x83efu, {0x0444,0x0554,0x05f4,0x055f,0x0554,0x0ff4,0x0554,0x055f,0x05f4,0x0554,0x0444,0x0000} }, /* U+83EF 華 */
    { 0x83f0u, {0x0914,0x0f94,0x0174,0x0c0f,0x03f4,0x0414,0x07f4,0x041f,0x0614,0x01f4,0x0e14,0x0000} }, /* U+83F0 菰 */
    { 0x83f1u, {0x0244,0x0a54,0x0954,0x0bdf,0x0554,0x057c,0x0554,0x0bdf,0x0954,0x0954,0x0144,0x0000} }, /* U+83F1 菱 */
    { 0x83f2u, {0x0224,0x0aa4,0x0aa4,0x06af,0x03f4,0x0004,0x0ffc,0x02a7,0x02a4,0x02a4,0x0224,0x0000} }, /* U+83F2 菲 */
    { 0x83f4u, {0x0114,0x0094,0x07d4,0x02b7,0x0294,0x0ffc,0x0a94,0x0ab7,0x0bd4,0x0894,0x0d14,0x0000} }, /* U+83F4 菴 */
    { 0x83f7u, {0x0714,0x0114,0x0f54,0x0157,0x0154,0x0f54,0x0154,0x0957,0x0f7c,0x0114,0x0714,0x0000} }, /* U+83F7 菷 */
    { 0x83fbu, {0x0444,0x0244,0x0ff4,0x014f,0x0244,0x0404,0x0244,0x014f,0x0ff4,0x0244,0x0444,0x0000} }, /* U+83FB 菻 */
    { 0x83fdu, {0x0684,0x0884,0x0ff4,0x00af,0x06a4,0x0884,0x0824,0x07af,0x0424,0x0b24,0x08e4,0x0000} }, /* U+83FD 菽 */
    { 0x8403u, {0x0324,0x02a4,0x0264,0x02af,0x0224,0x0fb4,0x0224,0x02af,0x0264,0x02a4,0x0324,0x0000} }, /* U+8403 萃 */
    { 0x8404u, {0x0124,0x0d94,0x097c,0x0957,0x0fd4,0x0954,0x0954,0x0d5f,0x0914,0x0814,0x07f4,0x0000} }, /* U+8404 萄 */
    { 0x8407u, {0x0904,0x0904,0x0ff4,0x095f,0x0954,0x0954,0x0354,0x055f,0x0554,0x0b54,0x0904,0x0000} }, /* U+8407 萇 */
    { 0x840bu, {0x0104,0x0914,0x0954,0x0757,0x05d4,0x057c,0x0554,0x0557,0x0b7c,0x0914,0x0114,0x0000} }, /* U+840B 萋 */
    { 0x840cu, {0x03f4,0x0254,0x0254,0x0a5f,0x0bf4,0x0404,0x03f4,0x015f,0x0954,0x0954,0x0ff4,0x0000} }, /* U+840C 萌 */
    { 0x840du, {0x0844,0x0494,0x0024,0x020f,0x0294,0x0254,0x0214,0x0ff7,0x0214,0x0254,0x0294,0x0000} }, /* U+840D 萍 */
    { 0x840eu, {0x0114,0x0954,0x0954,0x0737,0x0594,0x057c,0x0514,0x0537,0x0b54,0x0954,0x0114,0x0000} }, /* U+840E 萎 */
    { 0x8413u, {0x08e4,0x0824,0x0824,0x0faf,0x0aa4,0x0ab4,0x0aa4,0x0faf,0x0824,0x0824,0x08e4,0x0000} }, /* U+8413 萓 */
    { 0x8420u, {0x0fe4,0x02a4,0x02a4,0x082f,0x0fe4,0x0004,0x0fe4,0x02af,0x02a4,0x0824,0x0fe4,0x0000} }, /* U+8420 萠 */
    { 0x8422u, {0x0844,0x0494,0x0224,0x004f,0x0eb4,0x0aa4,0x0aa4,0x0baf,0x0824,0x0924,0x0de4,0x0000} }, /* U+8422 萢 */
    { 0x8429u, {0x04a4,0x02a4,0x0fe4,0x029f,0x0494,0x0804,0x08c4,0x040f,0x03f4,0x0484,0x0844,0x0000} }, /* U+8429 萩 */
    { 0x842au, {0x04a4,0x02a4,0x0fe4,0x029f,0x0094,0x0444,0x0494,0x022f,0x0204,0x0ff4,0x0104,0x0000} }, /* U+842A 萪 */
    { 0x842cu, {0x0f04,0x0104,0x05f4,0x055f,0x0554,0x07f4,0x0554,0x055f,0x07f4,0x0904,0x0f04,0x0000} }, /* U+842C 萬 */
    { 0x8431u, {0x08e4,0x0824,0x08a4,0x0faf,0x0aa4,0x0ab4,0x0aa4,0x0faf,0x08a4,0x0824,0x08e4,0x0000} }, /* U+8431 萱 */
    { 0x8435u, {0x0f04,0x0104,0x01f4,0x071f,0x0514,0x05d4,0x0554,0x075f,0x01f4,0x0904,0x0f04,0x0000} }, /* U+8435 萵 */
    { 0x8438u, {0x09f4,0x0954,0x0554,0x044f,0x0204,0x01f4,0x0204,0x045f,0x0554,0x0954,0x09f4,0x0000} }, /* U+8438 萸 */
    { 0x843cu, {0x0084,0x00bc,0x06a4,0x03a7,0x02bc,0x02a4,0x02bc,0x0aa7,0x0aa4,0x06bc,0x0084,0x0000} }, /* U+843C 萼 */
    { 0x843du, {0x0844,0x0494,0x0024,0x020f,0x0f24,0x0ad4,0x0a94,0x0a9f,0x0ad4,0x0f34,0x0104,0x0000} }, /* U+843D 落 */
    { 0x8446u, {0x0044,0x0fe4,0x0014,0x090f,0x0974,0x0554,0x0354,0x0fdf,0x0154,0x0554,0x0974,0x0000} }, /* U+8446 葆 */
    { 0x8449u, {0x0904,0x0914,0x05fc,0x0517,0x0314,0x0f7c,0x0154,0x0357,0x057c,0x0914,0x0904,0x0000} }, /* U+8449 葉 */
    { 0x844eu, {0x0124,0x0f94,0x0044,0x000f,0x0554,0x0554,0x0554,0x0fff,0x0554,0x0554,0x05f4,0x0000} }, /* U+844E 葎 */
    { 0x8457u, {0x0484,0x04a4,0x02a4,0x0faf,0x0aa4,0x0afc,0x0aa4,0x0aaf,0x0ae4,0x0fa4,0x0094,0x0000} }, /* U+8457 著 */
    { 0x845bu, {0x0204,0x0204,0x0f7c,0x09d7,0x0954,0x0954,0x0d54,0x0157,0x097c,0x0904,0x0704,0x0000} }, /* U+845B 葛 */
    { 0x8461u, {0x0064,0x0fdc,0x0554,0x055f,0x0ff4,0x0554,0x0574,0x0fdf,0x0854,0x0814,0x07f4,0x0000} }, /* U+8461 葡 */
    { 0x8462u, {0x0924,0x0f24,0x09a4,0x096f,0x0f24,0x09b4,0x0f24,0x096f,0x09a4,0x0f24,0x0924,0x0000} }, /* U+8462 葢 */
    { 0x8463u, {0x0804,0x0a14,0x0bf4,0x0a57,0x0a54,0x0ffc,0x0a54,0x0a57,0x0bf4,0x0a14,0x0804,0x0000} }, /* U+8463 董 */
    { 0x8466u, {0x0444,0x0444,0x0754,0x05d7,0x0574,0x0f5c,0x0554,0x05d7,0x0574,0x0544,0x0444,0x0000} }, /* U+8466 葦 */
    { 0x8469u, {0x0fe4,0x093c,0x0924,0x0fef,0x0004,0x0ff4,0x0914,0x091f,0x09f4,0x0914,0x0df4,0x0000} }, /* U+8469 葩 */
    { 0x846bu, {0x0f24,0x0924,0x09fc,0x0927,0x0f24,0x0804,0x07f4,0x015f,0x0154,0x0954,0x0ff4,0x0000} }, /* U+846B 葫 */
    { 0x846cu, {0x0294,0x0ab4,0x0a54,0x075f,0x0234,0x0214,0x02f4,0x0f9f,0x02b4,0x0294,0x02d4,0x0000} }, /* U+846C 葬 */
    { 0x846du, {0x0ff4,0x0554,0x0554,0x055f,0x0574,0x0804,0x0b54,0x055f,0x0554,0x0554,0x0b74,0x0000} }, /* U+846D 葭 */
    { 0x846eu, {0x0ff4,0x0254,0x0254,0x0a5f,0x0884,0x0b74,0x0514,0x051f,0x0514,0x0bf4,0x0884,0x0000} }, /* U+846E 葮 */
    { 0x846fu, {0x0d24,0x01b4,0x0f6c,0x0127,0x0d84,0x007c,0x0124,0x022f,0x0824,0x0824,0x07e4,0x0000} }, /* U+846F 葯 */
    { 0x8471u, {0x0844,0x0424,0x0094,0x065f,0x0834,0x0954,0x0a94,0x087f,0x0914,0x02f4,0x0404,0x0000} }, /* U+8471 葱 */
    { 0x8475u, {0x0894,0x0ab4,0x0a54,0x06df,0x02b4,0x0394,0x02a4,0x06df,0x0a44,0x0aa4,0x0894,0x0000} }, /* U+8475 葵 */
    { 0x8477u, {0x0434,0x0454,0x07d4,0x055f,0x0554,0x0ff4,0x0554,0x055f,0x07d4,0x0454,0x0434,0x0000} }, /* U+8477 葷 */
    { 0x8479u, {0x0324,0x08fc,0x08a4,0x07af,0x0124,0x0ffc,0x0894,0x0bf7,0x0854,0x0954,0x0dd4,0x0000} }, /* U+8479 葹 */
    { 0x847au, {0x0844,0x0844,0x07dc,0x0557,0x0554,0x0554,0x0554,0x0557,0x0fdc,0x0444,0x0444,0x0000} }, /* U+847A 葺 */
    { 0x8482u, {0x01c4,0x0054,0x0f54,0x0177,0x0154,0x0fdc,0x0154,0x0977,0x0f54,0x0054,0x01c4,0x0000} }, /* U+8482 蒂 */
    { 0x8484u, {0x0d74,0x0354,0x0154,0x0f5f,0x0914,0x0854,0x0954,0x0a5f,0x0854,0x0bd4,0x0c74,0x0000} }, /* U+8484 蒄 */
    { 0x848bu, {0x0424,0x0244,0x0ff4,0x000f,0x0154,0x0594,0x0934,0x015f,0x0914,0x0fd4,0x0134,0x0000} }, /* U+848B 蒋 */
    { 0x8490u, {0x0804,0x09f4,0x0554,0x055f,0x0354,0x01f4,0x0f54,0x095f,0x0b54,0x09f4,0x0c04,0x0000} }, /* U+8490 蒐 */
    { 0x8494u, {0x07f4,0x0494,0x0494,0x07ff,0x0144,0x0354,0x0554,0x017f,0x0954,0x0fd4,0x0154,0x0000} }, /* U+8494 蒔 */
    { 0x8499u, {0x0434,0x0554,0x0554,0x02df,0x0a54,0x0954,0x07d4,0x025f,0x0254,0x0554,0x04b4,0x0000} }, /* U+8499 蒙 */
    { 0x849cu, {0x04a4,0x02a4,0x08a4,0x0faf,0x00a4,0x0484,0x02a4,0x08af,0x0fa4,0x02a4,0x04a4,0x0000} }, /* U+849C 蒜 */
    { 0x849fu, {0x0824,0x0ba4,0x083c,0x0fe7,0x0824,0x0044,0x03a4,0x02bf,0x0ba4,0x0824,0x07e4,0x0000} }, /* U+849F 蒟 */
    { 0x84a1u, {0x0184,0x0894,0x0894,0x04f7,0x0394,0x029c,0x0294,0x0af7,0x0a94,0x0694,0x0184,0x0000} }, /* U+84A1 蒡 */
    { 0x84adu, {0x0224,0x0114,0x07fc,0x0557,0x0dd4,0x0774,0x0554,0x077f,0x0914,0x0994,0x0774,0x0000} }, /* U+84AD 蒭 */
    { 0x84b2u, {0x0844,0x0494,0x0224,0x000f,0x0fd4,0x0554,0x0554,0x0fff,0x0554,0x0554,0x0fdc,0x0000} }, /* U+84B2 蒲 */
    { 0x84b8u, {0x0924,0x04a4,0x0164,0x051f,0x0914,0x01d4,0x0534,0x091f,0x0164,0x04a4,0x0924,0x0000} }, /* U+84B8 蒸 */
    { 0x84b9u, {0x08a4,0x04a4,0x02a4,0x0ff7,0x02ac,0x02a4,0x0ff4,0x02af,0x03e4,0x04a4,0x08a4,0x0000} }, /* U+84B9 蒹 */
    { 0x84bbu, {0x0bd4,0x0554,0x0b54,0x095f,0x0774,0x0004,0x0bd4,0x055f,0x0b54,0x0954,0x0774,0x0000} }, /* U+84BB 蒻 */
    { 0x84bcu, {0x0044,0x0624,0x01f4,0x0f5f,0x0954,0x0954,0x0954,0x095f,0x0ff4,0x0024,0x0044,0x0000} }, /* U+84BC 蒼 */
    { 0x84bfu, {0x0e24,0x0224,0x0224,0x0eef,0x0aa4,0x0ab4,0x0aa4,0x0eef,0x0224,0x0a24,0x0e24,0x0000} }, /* U+84BF 蒿 */
    { 0x84c1u, {0x0244,0x0944,0x09d4,0x0577,0x035c,0x0fd4,0x0154,0x0377,0x05d4,0x0944,0x0244,0x0000} }, /* U+84C1 蓁 */
    { 0x84c4u, {0x0084,0x0f94,0x0ad4,0x0ab7,0x0a94,0x0fdc,0x0ab4,0x0a97,0x0a94,0x0fd4,0x0084,0x0000} }, /* U+84C4 蓄 */
    { 0x84c6u, {0x0604,0x01fc,0x0014,0x0f17,0x017c,0x0154,0x0fd4,0x0157,0x097c,0x0f14,0x0014,0x0000} }, /* U+84C6 蓆 */
    { 0x84c9u, {0x04b4,0x0254,0x0f34,0x0997,0x0954,0x095c,0x0954,0x0997,0x0f34,0x0254,0x04b4,0x0000} }, /* U+84C9 蓉 */
    { 0x84cau, {0x0b24,0x0524,0x0354,0x094f,0x0f64,0x0054,0x0b44,0x056f,0x0354,0x0924,0x0f24,0x0000} }, /* U+84CA 蓊 */
    { 0x84cbu, {0x0824,0x0ea4,0x0aa4,0x0aef,0x0ea4,0x0ab4,0x0ea4,0x0aaf,0x0ae4,0x0ea4,0x0924,0x0000} }, /* U+84CB 蓋 */
    { 0x84cdu, {0x0044,0x0054,0x0fb4,0x0a97,0x0afc,0x0a94,0x0ad4,0x0abf,0x0f94,0x0094,0x00c4,0x0000} }, /* U+84CD 蓍 */
    { 0x84d0u, {0x02c4,0x023c,0x0294,0x06f7,0x0a94,0x0294,0x0234,0x0a57,0x0f54,0x02b4,0x0294,0x0000} }, /* U+84D0 蓐 */
    { 0x84d1u, {0x0444,0x0454,0x0df4,0x0b5f,0x0954,0x0954,0x0354,0x055f,0x05f4,0x0a54,0x0944,0x0000} }, /* U+84D1 蓑 */
    { 0x84d6u, {0x0804,0x0ffc,0x0944,0x096f,0x0554,0x046c,0x0fd4,0x096f,0x0944,0x097c,0x0d04,0x0000} }, /* U+84D6 蓖 */
    { 0x84d9u, {0x0604,0x01f4,0x0914,0x0a97,0x0a74,0x0a94,0x0f1c,0x0a97,0x0a74,0x0a94,0x0914,0x0000} }, /* U+84D9 蓙 */
    { 0x84dau, {0x0044,0x0fe4,0x001c,0x07e7,0x0124,0x0924,0x0adc,0x0a57,0x0554,0x04b4,0x0294,0x0000} }, /* U+84DA 蓚 */
    { 0x84ecu, {0x0894,0x04a4,0x0384,0x0457,0x0a4c,0x0ab4,0x0aa4,0x0fe7,0x0ab4,0x0acc,0x0a44,0x0000} }, /* U+84EC 蓬 */
    { 0x84eeu, {0x0884,0x0494,0x03a4,0x040f,0x09f4,0x0954,0x0954,0x0bff,0x0954,0x0954,0x09f4,0x0000} }, /* U+84EE 蓮 */
    { 0x84f4u, {0x0104,0x0144,0x057c,0x0957,0x0154,0x01fc,0x0954,0x0957,0x0f7c,0x0184,0x0104,0x0000} }, /* U+84F4 蓴 */
    { 0x84fcu, {0x02b4,0x0254,0x0934,0x0a9f,0x0af4,0x0904,0x04b4,0x055f,0x0134,0x0294,0x02f4,0x0000} }, /* U+84FC 蓼 */
    { 0x84ffu, {0x0264,0x0f24,0x00e4,0x002f,0x0fa4,0x0ab4,0x0ae4,0x0aaf,0x0aa4,0x0fa4,0x0064,0x0000} }, /* U+84FF 蓿 */
    { 0x8500u, {0x0e94,0x0af4,0x0a94,0x0a9f,0x0af4,0x0e94,0x0004,0x0fff,0x0414,0x04d4,0x0334,0x0000} }, /* U+8500 蔀 */
    { 0x8506u, {0x0844,0x0494,0x0024,0x094f,0x0954,0x06d4,0x0554,0x057f,0x05d4,0x0b54,0x0954,0x0000} }, /* U+8506 蔆 */
    { 0x8511u, {0x0c04,0x0374,0x0554,0x095f,0x0174,0x09d4,0x0b74,0x055f,0x05d4,0x0b74,0x0904,0x0000} }, /* U+8511 蔑 */
    { 0x8513u, {0x09c4,0x0944,0x0b7c,0x05d7,0x0554,0x0554,0x0554,0x05d7,0x0b7c,0x0944,0x09c4,0x0000} }, /* U+8513 蔓 */
    { 0x8514u, {0x0064,0x0f9c,0x0af4,0x0a9f,0x0f94,0x0a94,0x0af4,0x0f9f,0x0814,0x0814,0x07f4,0x0000} }, /* U+8514 蔔 */
    { 0x8515u, {0x0354,0x0154,0x0f3c,0x0117,0x017c,0x0f54,0x017c,0x0917,0x0f7c,0x0154,0x0354,0x0000} }, /* U+8515 蔕 */
    { 0x8517u, {0x0304,0x08f4,0x0454,0x0057,0x0df4,0x0154,0x055c,0x0957,0x01f4,0x0454,0x0854,0x0000} }, /* U+8517 蔗 */
    { 0x8518u, {0x02c4,0x02a4,0x0984,0x0ab7,0x0aec,0x0924,0x05ec,0x04b7,0x0184,0x02a4,0x02c4,0x0000} }, /* U+8518 蔘 */
    { 0x851au, {0x0df4,0x0154,0x0f54,0x015f,0x0574,0x0824,0x00a4,0x012f,0x0824,0x0ff4,0x0024,0x0000} }, /* U+851A 蔚 */
    { 0x851fu, {0x0324,0x08fc,0x08a4,0x07af,0x0064,0x099c,0x0974,0x0557,0x03d4,0x0554,0x0954,0x0000} }, /* U+851F 蔟 */
    { 0x8521u, {0x094c,0x0554,0x0124,0x0157,0x094c,0x0f44,0x014c,0x0157,0x0124,0x055c,0x0944,0x0000} }, /* U+8521 蔡 */
    { 0x8526u, {0x0804,0x0404,0x01f4,0x0d57,0x015c,0x0d54,0x0154,0x0d57,0x0174,0x0944,0x0f44,0x0000} }, /* U+8526 蔦 */
    { 0x852cu, {0x0f14,0x0814,0x0fd4,0x0937,0x0804,0x06d4,0x00b4,0x0e9f,0x0094,0x0e74,0x0994,0x0000} }, /* U+852C 蔬 */
    { 0x852du, {0x0ff4,0x0414,0x04d4,0x033f,0x0004,0x0d24,0x0b54,0x095f,0x09d4,0x0954,0x0d24,0x0000} }, /* U+852D 蔭 */
    { 0x8535u, {0x0c04,0x03f4,0x0014,0x07ff,0x0554,0x0774,0x05d4,0x081f,0x04f4,0x0314,0x0cdc,0x0000} }, /* U+8535 蔵 */
    { 0x853du, {0x0fb4,0x0284,0x0ff4,0x028f,0x0fb4,0x0884,0x0874,0x072f,0x0424,0x0be4,0x0824,0x0000} }, /* U+853D 蔽 */
    { 0x8540u, {0x05d4,0x0254,0x0ff4,0x015f,0x02d4,0x0404,0x02d4,0x015f,0x0ff4,0x0254,0x05d4,0x0000} }, /* U+8540 蕀 */
    { 0x8541u, {0x0222,0x02a2,0x07aa,0x0aaf,0x02aa,0x022a,0x03aa,0x0aaf,0x0efa,0x02a2,0x03a2,0x0000} }, /* U+8541 蕁 */
    { 0x8543u, {0x0244,0x0254,0x0f74,0x09df,0x0954,0x0ff4,0x0954,0x095f,0x0ff4,0x0154,0x0244,0x0000} }, /* U+8543 蕃 */
    { 0x8548u, {0x0414,0x0474,0x07d4,0x055f,0x0574,0x0d54,0x0574,0x055f,0x07d4,0x0474,0x0414,0x0000} }, /* U+8548 蕈 */
    { 0x8549u, {0x0844,0x0424,0x01f4,0x055f,0x0954,0x0154,0x05f4,0x095f,0x0154,0x0554,0x0804,0x0000} }, /* U+8549 蕉 */
    { 0x854au, {0x0644,0x0024,0x0704,0x0837,0x0944,0x0a4c,0x0054,0x0747,0x0844,0x0914,0x0a24,0x0000} }, /* U+854A 蕊 */
    { 0x854bu, {0x0f44,0x0844,0x0ff4,0x0947,0x0944,0x007c,0x0f54,0x0857,0x0fd4,0x0954,0x0944,0x0000} }, /* U+854B 蕋 */
    { 0x854eu, {0x0094,0x0f94,0x0154,0x0777,0x0554,0x055c,0x0554,0x0777,0x0914,0x0f54,0x0094,0x0000} }, /* U+854E 蕎 */
    { 0x8555u, {0x0a54,0x0924,0x07dc,0x0027,0x0fd4,0x0a5c,0x09f4,0x0857,0x0bf4,0x0a5c,0x0fd4,0x0000} }, /* U+8555 蕕 */
    { 0x8557u, {0x0e74,0x0854,0x0fd4,0x095f,0x0974,0x0244,0x0f3c,0x0ad7,0x0a94,0x0ad4,0x0f34,0x0000} }, /* U+8557 蕗 */
    { 0x8558u, {0x0914,0x0954,0x05f4,0x0557,0x0354,0x011c,0x0f54,0x0957,0x09f4,0x0954,0x0d14,0x0000} }, /* U+8558 蕘 */
    { 0x855au, {0x0084,0x00f4,0x0694,0x039f,0x02f4,0x0294,0x02f4,0x0a9f,0x0a94,0x06f4,0x0084,0x0000} }, /* U+855A 蕚 */
    { 0x8563u, {0x0ad4,0x0a74,0x05d4,0x055f,0x0354,0x0474,0x0754,0x055f,0x0fd4,0x0574,0x04d4,0x0000} }, /* U+8563 蕣 */
    { 0x8568u, {0x0c04,0x03f4,0x0e54,0x03df,0x0274,0x0b54,0x08f4,0x045f,0x03d4,0x0454,0x09d4,0x0000} }, /* U+8568 蕨 */
    { 0x8569u, {0x0894,0x0524,0x0004,0x090f,0x05f4,0x0354,0x0954,0x075f,0x0954,0x09f4,0x0704,0x0000} }, /* U+8569 蕩 */
    { 0x856au, {0x0964,0x055c,0x01f4,0x055f,0x09f4,0x0154,0x05f4,0x095f,0x01f4,0x0554,0x0954,0x0000} }, /* U+856A 蕪 */
    { 0x856du, {0x0fd4,0x0514,0x0554,0x0dd7,0x0054,0x0ffc,0x0054,0x0dd7,0x057c,0x0514,0x0fd4,0x0000} }, /* U+856D 蕭 */
    { 0x8577u, {0x0894,0x0fd4,0x02bc,0x0997,0x0804,0x07d4,0x0554,0x055f,0x0574,0x0554,0x0bd4,0x0000} }, /* U+8577 蕷 */
    { 0x857eu, {0x0034,0x0f94,0x0ab4,0x0ad7,0x0a94,0x0ffc,0x0a94,0x0ab7,0x0ad4,0x0f94,0x0034,0x0000} }, /* U+857E 蕾 */
    { 0x8580u, {0x0844,0x0494,0x0224,0x080f,0x0ef4,0x0a94,0x0ed4,0x0abf,0x0ed4,0x0a94,0x0ef4,0x0000} }, /* U+8580 薀 */
    { 0x8584u, {0x0844,0x0494,0x0024,0x01ff,0x0554,0x0954,0x01f4,0x015f,0x0954,0x0ff4,0x0114,0x0000} }, /* U+8584 薄 */
    { 0x8587u, {0x0124,0x0f94,0x0044,0x0cb7,0x03a4,0x08bc,0x0ba4,0x04bf,0x0614,0x09f4,0x0814,0x0000} }, /* U+8587 薇 */
    { 0x8588u, {0x0024,0x00f4,0x0f9c,0x0ab7,0x0a94,0x0af4,0x0a94,0x0ab7,0x0f9c,0x00f4,0x0024,0x0000} }, /* U+8588 薈 */
    { 0x858au, {0x0df4,0x015c,0x0df4,0x0157,0x055c,0x09f4,0x0004,0x03ef,0x0004,0x0804,0x0ff4,0x0000} }, /* U+858A 薊 */
    { 0x8590u, {0x0454,0x0254,0x0ff4,0x094f,0x0954,0x06d4,0x0554,0x057f,0x05d4,0x0b54,0x0954,0x0000} }, /* U+8590 薐 */
    { 0x8591u, {0x0844,0x0fc4,0x097c,0x0957,0x0954,0x0ffc,0x0954,0x0957,0x097c,0x0fc4,0x0844,0x0000} }, /* U+8591 薑 */
    { 0x8594u, {0x0084,0x0fd4,0x08b4,0x0bd7,0x0a94,0x0afc,0x0a94,0x0bd7,0x08b4,0x0fd4,0x0094,0x0000} }, /* U+8594 薔 */
    { 0x8597u, {0x0ff4,0x0814,0x0a54,0x09df,0x0f54,0x0974,0x0b54,0x0ddf,0x0a54,0x0814,0x0ff4,0x0000} }, /* U+8597 薗 */
    { 0x8599u, {0x0974,0x0524,0x03e4,0x052f,0x0924,0x0044,0x0ff4,0x0aaf,0x0aa4,0x0ff4,0x0aa4,0x0000} }, /* U+8599 薙 */
    { 0x859bu, {0x0ff4,0x095c,0x0954,0x0f77,0x0084,0x0294,0x02f4,0x0297,0x0f9c,0x02f4,0x0294,0x0000} }, /* U+859B 薛 */
    { 0x859cu, {0x0ff4,0x0954,0x0954,0x0f7f,0x0084,0x0294,0x02f4,0x0297,0x0f9c,0x02f4,0x0294,0x0000} }, /* U+859C 薜 */
    { 0x85a4u, {0x0914,0x08f4,0x0554,0x03df,0x0924,0x0924,0x0ff4,0x080f,0x0ff4,0x0924,0x0924,0x0000} }, /* U+85A4 薤 */
    { 0x85a6u, {0x0604,0x01f4,0x0854,0x05df,0x0174,0x0d54,0x0174,0x0d5f,0x0154,0x0974,0x0f44,0x0000} }, /* U+85A6 薦 */
    { 0x85a8u, {0x0944,0x08dc,0x0b54,0x0457,0x03dc,0x0054,0x0fdc,0x0957,0x0954,0x095c,0x0cc4,0x0000} }, /* U+85A8 薨 */
    { 0x85a9u, {0x0ff4,0x0254,0x01b4,0x0c1f,0x03d4,0x0854,0x0bf4,0x095f,0x0fd4,0x0974,0x0954,0x0000} }, /* U+85A9 薩 */
    { 0x85aau, {0x0954,0x0574,0x0fd4,0x035f,0x0574,0x0854,0x07e4,0x00af,0x00a4,0x0f94,0x0094,0x0000} }, /* U+85AA 薪 */
    { 0x85abu, {0x0904,0x0514,0x01f4,0x0557,0x0954,0x01fc,0x0554,0x0957,0x01f4,0x0514,0x0904,0x0000} }, /* U+85AB 薫 */
    { 0x85acu, {0x0954,0x0924,0x0504,0x05f7,0x0354,0x0f5c,0x0154,0x03f7,0x0504,0x0924,0x0954,0x0000} }, /* U+85AC 薬 */
    { 0x85aeu, {0x09b4,0x0744,0x05f4,0x054f,0x0bb4,0x0904,0x08f4,0x072f,0x0424,0x0be4,0x0824,0x0000} }, /* U+85AE 薮 */
    { 0x85afu, {0x0504,0x055c,0x0354,0x0f57,0x09fc,0x0954,0x095c,0x0957,0x09d4,0x0f5c,0x0124,0x0000} }, /* U+85AF 薯 */
    { 0x85b9u, {0x08c4,0x0a54,0x0a74,0x0b57,0x0ad4,0x0e5c,0x0a54,0x0ad7,0x0b74,0x0a54,0x08c4,0x0000} }, /* U+85B9 薹 */
    { 0x85bau, {0x0054,0x0c34,0x0394,0x02f7,0x028c,0x02f4,0x028c,0x02f7,0x0294,0x0fb4,0x0054,0x0000} }, /* U+85BA 薺 */
    { 0x85c1u, {0x0914,0x0974,0x0514,0x0577,0x0354,0x0fdc,0x0154,0x0377,0x0514,0x0974,0x0914,0x0000} }, /* U+85C1 藁 */
    { 0x85c9u, {0x04a4,0x02a4,0x0ffc,0x0297,0x0484,0x0054,0x0ffc,0x0957,0x0954,0x097c,0x0fd4,0x0000} }, /* U+85C9 藉 */
    { 0x85cdu, {0x09fc,0x0f54,0x09dc,0x0957,0x0f74,0x0924,0x0f1c,0x0957,0x0954,0x0f54,0x0854,0x0000} }, /* U+85CD 藍 */
    { 0x85cfu, {0x03b4,0x0ca4,0x07fc,0x0557,0x0774,0x0554,0x0dd4,0x0807,0x04fc,0x0304,0x0ce6,0x0000} }, /* U+85CF 藏 */
    { 0x85d0u, {0x0544,0x057c,0x0aa4,0x0aff,0x0794,0x0804,0x05f4,0x035f,0x0f54,0x0954,0x0df4,0x0000} }, /* U+85D0 藐 */
    { 0x85d5u, {0x04a4,0x02a4,0x0ffc,0x0097,0x0f04,0x01f4,0x0754,0x05ff,0x0554,0x0954,0x0ff4,0x0000} }, /* U+85D5 藕 */
    { 0x85dcu, {0x0a94,0x0a54,0x07fc,0x0557,0x0094,0x0fa4,0x0094,0x055f,0x0734,0x0a94,0x0af4,0x0000} }, /* U+85DC 藜 */
    { 0x85ddu, {0x0254,0x0ab4,0x0bdc,0x0eb7,0x0a54,0x0b44,0x0ad4,0x0a7f,0x0694,0x0af4,0x0284,0x0000} }, /* U+85DD 藝 */
    { 0x85e4u, {0x0ff4,0x0154,0x0954,0x0fff,0x0484,0x05b4,0x0ae4,0x0fbf,0x02e4,0x05b4,0x0aac,0x0000} }, /* U+85E4 藤 */
    { 0x85e5u, {0x09ac,0x0954,0x052c,0x05f7,0x0354,0x0f5c,0x0154,0x03f7,0x052c,0x0954,0x09ac,0x0000} }, /* U+85E5 藥 */
    { 0x85e9u, {0x0844,0x0494,0x0224,0x004f,0x0f54,0x0af4,0x0a54,0x0fff,0x0a54,0x0af4,0x0f54,0x0000} }, /* U+85E9 藩 */
    { 0x85eau, {0x0914,0x0bfc,0x0554,0x05ff,0x0554,0x0b54,0x09fc,0x0927,0x04dc,0x0314,0x0cf4,0x0000} }, /* U+85EA 藪 */
    { 0x85f7u, {0x0f54,0x0954,0x0954,0x0f5f,0x0204,0x0294,0x0f94,0x0aff,0x0a94,0x0ad4,0x0fb4,0x0000} }, /* U+85F7 藷 */
    { 0x85f9u, {0x0f54,0x0954,0x0f54,0x0207,0x0f7c,0x09d4,0x0b54,0x0d57,0x0154,0x097c,0x0f04,0x0000} }, /* U+85F9 藹 */
    { 0x85fau, {0x0ff4,0x0054,0x0154,0x0fdf,0x0af4,0x0f84,0x0af4,0x0adf,0x0054,0x0854,0x0ff4,0x0000} }, /* U+85FA 藺 */
    { 0x85fbu, {0x0844,0x0494,0x0224,0x000f,0x0974,0x055c,0x0374,0x0f97,0x0174,0x055c,0x0974,0x0000} }, /* U+85FB 藻 */
    { 0x85feu, {0x09d4,0x0554,0x0ffc,0x0357,0x05d4,0x0804,0x0fd4,0x057f,0x0554,0x0554,0x0ff4,0x0000} }, /* U+85FE 藾 */
    { 0x8602u, {0x0ac4,0x0a14,0x0acc,0x06a7,0x02bc,0x0f24,0x02ec,0x06a7,0x0a8c,0x0a14,0x0ac4,0x0000} }, /* U+8602 蘂 */
    { 0x8606u, {0x0604,0x09f4,0x0e14,0x0bd7,0x0e54,0x0a7c,0x0fd4,0x0a57,0x0fd4,0x0a54,0x0e34,0x0000} }, /* U+8606 蘆 */
    { 0x8607u, {0x0df4,0x0154,0x0df4,0x015f,0x0df4,0x0044,0x0254,0x0157,0x0ff4,0x024c,0x0444,0x0000} }, /* U+8607 蘇 */
    { 0x860au, {0x0d24,0x01b4,0x0f6c,0x0907,0x0ef4,0x0a94,0x0ed4,0x0abf,0x0ed4,0x0a94,0x0ef4,0x0000} }, /* U+860A 蘊 */
    { 0x860bu, {0x0974,0x0a44,0x0bfc,0x0457,0x0554,0x0804,0x0fd4,0x055f,0x0574,0x0554,0x0fd4,0x0000} }, /* U+860B 蘋 */
    { 0x8613u, {0x0454,0x0254,0x0ff4,0x094f,0x0444,0x01f4,0x0d5c,0x01f7,0x0d54,0x015c,0x0df4,0x0000} }, /* U+8613 蘓 */
    { 0x8616u, {0x0904,0x09fc,0x0554,0x0557,0x03dc,0x0f04,0x0154,0x035f,0x05f4,0x095c,0x0954,0x0000} }, /* U+8616 蘖 */
    { 0x8617u, {0x0944,0x09fc,0x0554,0x0557,0x03dc,0x0f04,0x0154,0x035f,0x05f4,0x095c,0x0954,0x0000} }, /* U+8617 蘗 */
    { 0x861au, {0x0df4,0x015c,0x0df4,0x015f,0x05f4,0x0a24,0x02ac,0x02b7,0x0fe4,0x02bc,0x02a4,0x0000} }, /* U+861A 蘚 */
    { 0x8622u, {0x0ff4,0x0554,0x055c,0x0577,0x0fd4,0x0004,0x0fdc,0x0957,0x0954,0x0954,0x0d74,0x0000} }, /* U+8622 蘢 */
    { 0x862du, {0x0ff4,0x0154,0x0954,0x075f,0x05f4,0x0f04,0x05f4,0x075f,0x0954,0x0954,0x0ff4,0x0000} }, /* U+862D 蘭 */
    { 0x862fu, {0x0914,0x0ea4,0x0a0c,0x0a57,0x0f44,0x0afc,0x0e54,0x0b57,0x0ad4,0x0e7c,0x09c4,0x0000} }, /* U+862F 蘯 */
    { 0x8630u, {0x0d24,0x01b4,0x0f6c,0x0127,0x09c4,0x0b7c,0x05d4,0x0557,0x05d4,0x0b7c,0x09c4,0x0000} }, /* U+8630 蘰 */
    { 0x863fu, {0x0d44,0x01bc,0x0f54,0x0537,0x009c,0x0fd4,0x097c,0x0957,0x0fd4,0x097c,0x0944,0x0000} }, /* U+863F 蘿 */
    { 0x864du, {0x0c00,0x03f8,0x0108,0x0108,0x0108,0x0fef,0x088a,0x088a,0x088a,0x084a,0x0c58,0x0000} }, /* U+864D 虍 */
    { 0x864eu, {0x0600,0x01f8,0x0808,0x0828,0x0728,0x00ff,0x00aa,0x07aa,0x08aa,0x088a,0x0cd8,0x0000} }, /* U+864E 虎 */
    { 0x8650u, {0x0600,0x01f8,0x0008,0x0fa8,0x0aa8,0x0aff,0x0aaa,0x0aaa,0x0aaa,0x0a8a,0x0ad8,0x0000} }, /* U+8650 虐 */
    { 0x8654u, {0x0600,0x01f8,0x0888,0x0888,0x0bb8,0x04af,0x04ea,0x04aa,0x0baa,0x08aa,0x0898,0x0000} }, /* U+8654 虔 */
    { 0x8655u, {0x0600,0x01fc,0x0a14,0x0b94,0x057f,0x0755,0x0855,0x0b55,0x0955,0x0b44,0x0a6c,0x0000} }, /* U+8655 處 */
    { 0x865au, {0x0600,0x01f8,0x0908,0x0a28,0x08f8,0x0faf,0x08aa,0x0faa,0x08aa,0x0aaa,0x0918,0x0000} }, /* U+865A 虚 */
    { 0x865cu, {0x0600,0x01fc,0x0904,0x09f4,0x0554,0x035f,0x01f5,0x0155,0x0955,0x09f4,0x070c,0x0000} }, /* U+865C 虜 */
    { 0x865eu, {0x0600,0x01fc,0x0a04,0x0ad4,0x0694,0x02ff,0x0295,0x0295,0x06f5,0x0a94,0x0b8c,0x0000} }, /* U+865E 虞 */
    { 0x865fu, {0x035e,0x09d2,0x0952,0x075e,0x0040,0x09f8,0x0828,0x06ff,0x00aa,0x0faa,0x089a,0x0000} }, /* U+865F 號 */
    { 0x8667u, {0x0ff8,0x0a88,0x0fff,0x0aaa,0x0aaa,0x0898,0x0312,0x00f2,0x089e,0x0892,0x0792,0x0000} }, /* U+8667 虧 */
    { 0x866bu, {0x0800,0x08f8,0x0888,0x0888,0x0888,0x0fff,0x0888,0x0888,0x0a88,0x0cf8,0x0800,0x0000} }, /* U+866B 虫 */
    { 0x8671u, {0x080a,0x09ea,0x092a,0x092a,0x0ffa,0x092a,0x092a,0x0dea,0x0002,0x01fe,0x0e00,0x0000} }, /* U+8671 虱 */
    { 0x8679u, {0x08f8,0x0888,0x0fff,0x0888,0x0ef8,0x0802,0x0802,0x0802,0x0ffe,0x0802,0x0802,0x0000} }, /* U+8679 虹 */
    { 0x867bu, {0x08f8,0x0888,0x0ffe,0x0888,0x0ef8,0x0008,0x07f8,0x080f,0x0808,0x0808,0x0808,0x0000} }, /* U+867B 虻 */
    { 0x868au, {0x08f8,0x0888,0x0ffe,0x0888,0x0e88,0x08f8,0x0808,0x05c8,0x060f,0x09f8,0x0808,0x0000} }, /* U+868A 蚊 */
    { 0x868bu, {0x08f8,0x0888,0x0ffe,0x0888,0x0ff8,0x0108,0x0089,0x007f,0x0088,0x0908,0x0ff8,0x0000} }, /* U+868B 蚋 */
    { 0x868cu, {0x08f8,0x0888,0x0ffe,0x0888,0x0ef8,0x0104,0x0124,0x0124,0x0fff,0x0124,0x0124,0x0000} }, /* U+868C 蚌 */
    { 0x8693u, {0x08f8,0x0888,0x0ffe,0x0888,0x0ef8,0x0802,0x08f2,0x0892,0x079e,0x0000,0x0ffe,0x0000} }, /* U+8693 蚓 */
    { 0x8695u, {0x0882,0x088a,0x0bca,0x0a6a,0x0a5a,0x0fee,0x0a4a,0x0a5a,0x0bea,0x084a,0x0e82,0x0000} }, /* U+8695 蚕 */
    { 0x86a3u, {0x08f8,0x0888,0x0ffe,0x0888,0x0ef8,0x0020,0x0e1a,0x09c2,0x0802,0x080e,0x0e70,0x0000} }, /* U+86A3 蚣 */
    { 0x86a4u, {0x0822,0x0baa,0x0aa6,0x0aaa,0x0a92,0x0fd6,0x0a92,0x0aaa,0x0aaa,0x0ba6,0x0c22,0x0000} }, /* U+86A4 蚤 */
    { 0x86a9u, {0x0826,0x0824,0x0ba4,0x0ab4,0x0aac,0x0fe7,0x0aa4,0x0aa4,0x0ba4,0x0824,0x0c26,0x0000} }, /* U+86A9 蚩 */
    { 0x86aau, {0x08f8,0x0888,0x0ffe,0x0888,0x0ef8,0x0220,0x0244,0x0108,0x0100,0x0ffe,0x0080,0x0000} }, /* U+86AA 蚪 */
    { 0x86abu, {0x08f8,0x0888,0x0ffe,0x0888,0x0ef8,0x0010,0x0fff,0x0894,0x08f4,0x0904,0x0dfc,0x0000} }, /* U+86AB 蚫 */
    { 0x86afu, {0x08f8,0x0888,0x0ffe,0x0888,0x0ef8,0x0800,0x0ffc,0x0824,0x0822,0x0fe2,0x0820,0x0000} }, /* U+86AF 蚯 */
    { 0x86b0u, {0x08f8,0x0888,0x0ffe,0x0888,0x0ef8,0x0000,0x0ff8,0x0888,0x0fff,0x0888,0x0ff8,0x0000} }, /* U+86B0 蚰 */
    { 0x86b6u, {0x08f8,0x0888,0x0ffe,0x0888,0x0ef8,0x0008,0x0ffe,0x0888,0x0888,0x0888,0x0ffe,0x0000} }, /* U+86B6 蚶 */
    { 0x86c4u, {0x08f8,0x0888,0x0ffe,0x0888,0x0ef8,0x0008,0x0f88,0x0888,0x08ff,0x0888,0x0f88,0x0000} }, /* U+86C4 蛄 */
    { 0x86c6u, {0x08f8,0x0888,0x0ffe,0x0888,0x0ef8,0x0800,0x0ffe,0x0892,0x0892,0x0892,0x0ffe,0x0000} }, /* U+86C6 蛆 */
    { 0x86c7u, {0x08f8,0x0888,0x0ffe,0x0888,0x0efc,0x0004,0x0ff4,0x0887,0x0884,0x0844,0x0e5c,0x0000} }, /* U+86C7 蛇 */
    { 0x86c9u, {0x08f8,0x0888,0x0ffe,0x0888,0x0ef8,0x0008,0x0094,0x0f92,0x0092,0x0492,0x0794,0x0000} }, /* U+86C9 蛉 */
    { 0x86cbu, {0x0822,0x0822,0x0b9a,0x0a92,0x0a92,0x0fde,0x0aaa,0x0aaa,0x0baa,0x0822,0x0c26,0x0000} }, /* U+86CB 蛋 */
    { 0x86cdu, {0x0838,0x080a,0x09ec,0x0928,0x0929,0x0ffa,0x0928,0x092c,0x09ea,0x0809,0x0e38,0x0000} }, /* U+86CD 蛍 */
    { 0x86ceu, {0x08f8,0x0888,0x0ffe,0x0888,0x0888,0x0cfe,0x0312,0x00f2,0x0892,0x0892,0x0792,0x0000} }, /* U+86CE 蛎 */
    { 0x86d4u, {0x08f8,0x0888,0x0ffe,0x0888,0x0ffe,0x0802,0x09f2,0x0912,0x09f2,0x0802,0x0ffe,0x0000} }, /* U+86D4 蛔 */
    { 0x86d9u, {0x08f8,0x0888,0x0ffe,0x0888,0x0ef8,0x0820,0x0924,0x0924,0x0fff,0x0924,0x0924,0x0000} }, /* U+86D9 蛙 */
    { 0x86dbu, {0x08f8,0x0888,0x0ffe,0x0888,0x0ef8,0x044e,0x0248,0x0148,0x0fff,0x0248,0x0448,0x0000} }, /* U+86DB 蛛 */
    { 0x86deu, {0x08f8,0x0888,0x0ffe,0x0888,0x0ef8,0x0020,0x0f24,0x0924,0x09fc,0x0922,0x0f22,0x0000} }, /* U+86DE 蛞 */
    { 0x86dfu, {0x08f8,0x0888,0x0ffe,0x0888,0x0efc,0x08a4,0x0514,0x0207,0x0304,0x0494,0x0824,0x0000} }, /* U+86DF 蛟 */
    { 0x86e4u, {0x08f8,0x0888,0x0ffe,0x0888,0x0ef8,0x0008,0x0f24,0x0922,0x0922,0x0922,0x0f24,0x0000} }, /* U+86E4 蛤 */
    { 0x86e9u, {0x0842,0x0842,0x0bbe,0x0aa2,0x0a80,0x0ffe,0x0a8a,0x0a92,0x0b82,0x087e,0x0c40,0x0000} }, /* U+86E9 蛩 */
    { 0x86ecu, {0x0890,0x0894,0x0bd4,0x0abf,0x0a94,0x0ff4,0x0a94,0x0a9f,0x0bb4,0x0854,0x0c90,0x0000} }, /* U+86EC 蛬 */
    { 0x86edu, {0x08f8,0x0888,0x0ffe,0x0888,0x0ef8,0x0802,0x0932,0x092a,0x0fe6,0x0922,0x0932,0x0000} }, /* U+86ED 蛭 */
    { 0x86eeu, {0x0824,0x0814,0x0bc4,0x0a64,0x0a5c,0x0fc7,0x0a44,0x0a7c,0x0bc4,0x0814,0x0e24,0x0000} }, /* U+86EE 蛮 */
    { 0x86efu, {0x08f8,0x0888,0x0ffe,0x0888,0x0ef8,0x0024,0x0fbf,0x0964,0x0934,0x08ac,0x0ca4,0x0000} }, /* U+86EF 蛯 */
    { 0x86f8u, {0x08f8,0x0888,0x0ffe,0x0888,0x0ef8,0x0004,0x0fe8,0x02a0,0x02bf,0x0aa8,0x0fe4,0x0000} }, /* U+86F8 蛸 */
    { 0x86f9u, {0x08f8,0x0888,0x0ffe,0x0888,0x0ff8,0x0152,0x0152,0x0ffa,0x0156,0x0952,0x0ff0,0x0000} }, /* U+86F9 蛹 */
    { 0x86fbu, {0x08f8,0x0888,0x0ffe,0x0888,0x0ef8,0x0810,0x04f8,0x0292,0x0f92,0x0896,0x0cf8,0x0000} }, /* U+86FB 蛻 */
    { 0x86feu, {0x08f8,0x0888,0x0ffe,0x0888,0x0892,0x0ffe,0x0892,0x0410,0x04ff,0x0310,0x0cd6,0x0000} }, /* U+86FE 蛾 */
    { 0x8700u, {0x00ce,0x083a,0x0baa,0x0aae,0x0fea,0x0aaa,0x0aaa,0x07ae,0x082a,0x082a,0x07ee,0x0000} }, /* U+8700 蜀 */
    { 0x8702u, {0x08f8,0x0888,0x0ffe,0x0888,0x0efc,0x0424,0x055a,0x0552,0x0ff2,0x055a,0x0566,0x0000} }, /* U+8702 蜂 */
    { 0x8703u, {0x0860,0x081e,0x0b8a,0x0afa,0x0a8a,0x0fca,0x0a9a,0x0aaa,0x0baa,0x085a,0x0c4a,0x0000} }, /* U+8703 蜃 */
    { 0x8706u, {0x08f8,0x0888,0x0ffe,0x0888,0x0ef8,0x0800,0x04fe,0x02aa,0x0faa,0x08aa,0x0cfe,0x0000} }, /* U+8706 蜆 */
    { 0x8708u, {0x08f8,0x0888,0x0ffe,0x0888,0x0efc,0x0940,0x095e,0x0552,0x03d2,0x0552,0x09de,0x0000} }, /* U+8708 蜈 */
    { 0x8709u, {0x08f8,0x0888,0x0ffe,0x0888,0x0ef8,0x0206,0x0242,0x0a5a,0x0f42,0x02ca,0x0252,0x0000} }, /* U+8709 蜉 */
    { 0x870au, {0x08f8,0x0888,0x0ffe,0x0888,0x0ef8,0x0124,0x0ffc,0x0222,0x03fa,0x0800,0x0ffe,0x0000} }, /* U+870A 蜊 */
    { 0x870du, {0x08f8,0x0888,0x0ffe,0x0888,0x0ef8,0x0488,0x0294,0x0892,0x0ff2,0x0092,0x0694,0x0000} }, /* U+870D 蜍 */
    { 0x8711u, {0x0892,0x085a,0x0bb6,0x0ac0,0x0aa2,0x0fba,0x0aa2,0x0abe,0x0baa,0x08aa,0x0caa,0x0000} }, /* U+8711 蜑 */
    { 0x8712u, {0x08f8,0x0888,0x0ffe,0x0888,0x0efa,0x0452,0x07ce,0x0a20,0x0a22,0x0bfe,0x0a22,0x0000} }, /* U+8712 蜒 */
    { 0x8718u, {0x08f8,0x0888,0x0ffe,0x0888,0x08f8,0x0447,0x03fc,0x0244,0x0ffc,0x0804,0x0ffc,0x0000} }, /* U+8718 蜘 */
    { 0x871au, {0x0844,0x0854,0x0bd4,0x0a54,0x0a7e,0x0fc0,0x0a7f,0x0a54,0x0bd4,0x0854,0x0c44,0x0000} }, /* U+871A 蜚 */
    { 0x871cu, {0x082c,0x0894,0x0bc4,0x0a74,0x0a44,0x0fcf,0x0a64,0x0a54,0x0bc4,0x0854,0x0e2c,0x0000} }, /* U+871C 蜜 */
    { 0x8725u, {0x08f8,0x0888,0x0ffe,0x0888,0x0ef8,0x0848,0x0ffe,0x0488,0x03fe,0x0022,0x0fe2,0x0000} }, /* U+8725 蜥 */
    { 0x8729u, {0x08f8,0x0888,0x0ffe,0x0888,0x0ffe,0x0002,0x07aa,0x04fe,0x07aa,0x0802,0x0ffe,0x0000} }, /* U+8729 蜩 */
    { 0x8734u, {0x08f8,0x0888,0x0ffe,0x0888,0x0c88,0x02fe,0x09aa,0x04aa,0x0baa,0x08be,0x0780,0x0000} }, /* U+8734 蜴 */
    { 0x8737u, {0x08f8,0x0888,0x0ffe,0x0888,0x0efc,0x00aa,0x0fe8,0x08bf,0x0aa8,0x0bfa,0x0cac,0x0000} }, /* U+8737 蜷 */
    { 0x873bu, {0x08f8,0x0888,0x0ffe,0x0888,0x0ef8,0x0044,0x0fd4,0x0254,0x03ff,0x0a54,0x0fd4,0x0000} }, /* U+873B 蜻 */
    { 0x873fu, {0x08f8,0x0888,0x0ffe,0x0888,0x0efc,0x0914,0x07f4,0x0007,0x0ff4,0x0914,0x0dfc,0x0000} }, /* U+873F 蜿 */
    { 0x8749u, {0x08f8,0x0888,0x0ffe,0x0888,0x0e8a,0x05fc,0x0529,0x052a,0x0ffc,0x052a,0x05f9,0x0000} }, /* U+8749 蝉 */
    { 0x874bu, {0x08f8,0x0888,0x0ffe,0x0888,0x0ffa,0x012c,0x0129,0x0ffa,0x0128,0x03fc,0x0c03,0x0000} }, /* U+874B 蝋 */
    { 0x874cu, {0x08f8,0x0888,0x0ffe,0x0888,0x0ef8,0x0124,0x0ffc,0x0222,0x024a,0x0110,0x0ffe,0x0000} }, /* U+874C 蝌 */
    { 0x874eu, {0x08f8,0x0888,0x0ffe,0x0888,0x0e88,0x05fe,0x04aa,0x06aa,0x08aa,0x08be,0x0780,0x0000} }, /* U+874E 蝎 */
    { 0x8753u, {0x08f8,0x0888,0x0ffe,0x0888,0x0ffa,0x0556,0x0fd2,0x0312,0x0cd2,0x0314,0x0cd8,0x0000} }, /* U+8753 蝓 */
    { 0x8755u, {0x0ff4,0x0952,0x095a,0x0b52,0x0554,0x09f8,0x0888,0x0888,0x0fff,0x0888,0x0ef8,0x0000} }, /* U+8755 蝕 */
    { 0x8757u, {0x08f8,0x0888,0x0ffe,0x0888,0x0ef8,0x0880,0x0afc,0x0a96,0x0f95,0x0a94,0x0afc,0x0000} }, /* U+8757 蝗 */
    { 0x8759u, {0x08f8,0x0888,0x0ffe,0x0888,0x0ffa,0x02aa,0x0faa,0x02aa,0x0faa,0x02aa,0x0fba,0x0000} }, /* U+8759 蝙 */
    { 0x875fu, {0x08f8,0x0888,0x0ffe,0x0888,0x08be,0x0fea,0x02aa,0x02be,0x0aaa,0x0fea,0x003e,0x0000} }, /* U+875F 蝟 */
    { 0x8760u, {0x08f8,0x0888,0x0ffe,0x0888,0x0ff8,0x0a82,0x0aba,0x0faa,0x0aaa,0x0aba,0x0f82,0x0000} }, /* U+8760 蝠 */
    { 0x8763u, {0x08f8,0x0888,0x0ffe,0x0888,0x0bff,0x0848,0x07d8,0x010f,0x0914,0x0f94,0x0174,0x0000} }, /* U+8763 蝣 */
    { 0x8766u, {0x08f8,0x0888,0x0ffe,0x0888,0x0ffe,0x0292,0x0a92,0x085e,0x0742,0x0452,0x0bde,0x0000} }, /* U+8766 蝦 */
    { 0x8768u, {0x09ca,0x094a,0x0fca,0x096a,0x0dda,0x000e,0x09ca,0x094a,0x0fe2,0x094e,0x0df0,0x0000} }, /* U+8768 蝨 */
    { 0x876au, {0x08f8,0x0888,0x0ffe,0x0888,0x0c88,0x02fe,0x09aa,0x04aa,0x0baa,0x08be,0x07a0,0x0000} }, /* U+876A 蝪 */
    { 0x876eu, {0x08f8,0x0888,0x0ffe,0x0888,0x0e88,0x09fc,0x0b57,0x0554,0x0554,0x0b54,0x097c,0x0000} }, /* U+876E 蝮 */
    { 0x8774u, {0x08f8,0x0888,0x0ffe,0x0888,0x0fc8,0x047f,0x0c48,0x07fe,0x0092,0x0892,0x0ffe,0x0000} }, /* U+8774 蝴 */
    { 0x8776u, {0x08f8,0x0888,0x0ffe,0x0888,0x097e,0x0544,0x035f,0x0fd4,0x0154,0x055e,0x0944,0x0000} }, /* U+8776 蝶 */
    { 0x8778u, {0x08f8,0x0888,0x0ffe,0x0888,0x0fe8,0x003e,0x07a2,0x04ba,0x07aa,0x083e,0x0fe0,0x0000} }, /* U+8778 蝸 */
    { 0x877fu, {0x08f8,0x0888,0x0ffe,0x0888,0x0fe8,0x02be,0x02aa,0x0ffe,0x0aaa,0x0abe,0x0be0,0x0000} }, /* U+877F 蝿 */
    { 0x8782u, {0x08f8,0x0888,0x0ffe,0x0888,0x0ffc,0x0497,0x0294,0x0ffe,0x0422,0x0452,0x038e,0x0000} }, /* U+8782 螂 */
    { 0x878du, {0x0fe2,0x012e,0x02ea,0x0e2a,0x02ee,0x08a2,0x0ff8,0x0888,0x0fff,0x0888,0x0ef8,0x0000} }, /* U+878D 融 */
    { 0x879fu, {0x08f8,0x0888,0x0ffe,0x0888,0x0a8e,0x0afa,0x06aa,0x03aa,0x02aa,0x06aa,0x0afe,0x0000} }, /* U+879F 螟 */
    { 0x87a2u, {0x0864,0x0832,0x0ba8,0x0aa7,0x0aa8,0x0ff6,0x0aa8,0x0aa7,0x0ba8,0x0834,0x0c62,0x0000} }, /* U+87A2 螢 */
    { 0x87abu, {0x0854,0x08f4,0x0b9f,0x0af4,0x0a94,0x0fd8,0x0a87,0x0ad4,0x0ba4,0x085c,0x0c84,0x0000} }, /* U+87AB 螫 */
    { 0x87afu, {0x0894,0x0854,0x0bff,0x0a54,0x0a54,0x0fd8,0x0a47,0x0a54,0x0be4,0x085c,0x0c84,0x0000} }, /* U+87AF 螯 */
    { 0x87b3u, {0x08f8,0x0888,0x0ffe,0x0888,0x089c,0x0af6,0x0a94,0x0f97,0x0a94,0x0af6,0x081c,0x0000} }, /* U+87B3 螳 */
    { 0x87bau, {0x08f8,0x0888,0x0ffe,0x0888,0x0efe,0x012a,0x0daa,0x017e,0x0faa,0x016a,0x0dbe,0x0000} }, /* U+87BA 螺 */
    { 0x87bbu, {0x08f8,0x0888,0x0ffe,0x0888,0x09fc,0x0754,0x0554,0x05ff,0x0554,0x0b54,0x09fc,0x0000} }, /* U+87BB 螻 */
    { 0x87bdu, {0x0ba0,0x0aa4,0x0fd4,0x0a92,0x0daa,0x00aa,0x0baa,0x0a96,0x0fd2,0x0aa0,0x0da0,0x0000} }, /* U+87BD 螽 */
    { 0x87c0u, {0x08f8,0x0888,0x0ffe,0x0888,0x0ef8,0x0284,0x02d4,0x0faf,0x0284,0x0254,0x028c,0x0000} }, /* U+87C0 蟀 */
    { 0x87c4u, {0x0854,0x085c,0x0bf7,0x0a5c,0x0a54,0x0fd0,0x0a74,0x0a5f,0x0be4,0x083c,0x0cc0,0x0000} }, /* U+87C4 蟄 */
    { 0x87c6u, {0x08f8,0x0888,0x0ffe,0x0888,0x09f4,0x0954,0x055f,0x0354,0x0154,0x055f,0x09f4,0x0000} }, /* U+87C6 蟆 */
    { 0x87c7u, {0x0a44,0x0a44,0x097c,0x0bd7,0x0a54,0x0fd4,0x0a54,0x0bd7,0x08fc,0x0d44,0x0a44,0x0000} }, /* U+87C7 蟇 */
    { 0x87cbu, {0x08f8,0x0888,0x0ffe,0x0888,0x0ef8,0x0096,0x0e52,0x08fe,0x0912,0x045a,0x0896,0x0000} }, /* U+87CB 蟋 */
    { 0x87d0u, {0x08f8,0x0888,0x0ffe,0x0888,0x0f9c,0x0176,0x0154,0x0fd7,0x0154,0x0976,0x0f1c,0x0000} }, /* U+87D0 蟐 */
    { 0x87d2u, {0x08f8,0x0888,0x0ffe,0x0888,0x0afc,0x0aa4,0x076f,0x0234,0x0224,0x0f6f,0x02a4,0x0000} }, /* U+87D2 蟒 */
    { 0x87e0u, {0x08f8,0x0888,0x0ffe,0x0888,0x0fd6,0x0aba,0x0a92,0x0ffe,0x0a9a,0x0ab6,0x0fd2,0x0000} }, /* U+87E0 蟠 */
    { 0x87efu, {0x08f8,0x0888,0x0ffe,0x0888,0x0954,0x05f4,0x0354,0x011f,0x0f54,0x09f4,0x0954,0x0000} }, /* U+87EF 蟯 */
    { 0x87f2u, {0x0bc0,0x0a5c,0x0fd4,0x0a54,0x0dd4,0x007f,0x0bd4,0x0a54,0x0fd4,0x0a5c,0x0de0,0x0000} }, /* U+87F2 蟲 */
    { 0x87f6u, {0x08f8,0x0888,0x0ffe,0x0888,0x08fe,0x0aaa,0x0afe,0x0f82,0x0abe,0x0aa2,0x08be,0x0000} }, /* U+87F6 蟶 */
    { 0x87f7u, {0x08f8,0x0888,0x0ffe,0x0888,0x0ffc,0x0a86,0x0abc,0x0fa7,0x0abc,0x0a86,0x0f9c,0x0000} }, /* U+87F7 蟷 */
    { 0x87f9u, {0x087c,0x082a,0x0bba,0x0aae,0x0afa,0x0fa0,0x0aba,0x0aae,0x0bfa,0x082a,0x0c2e,0x0000} }, /* U+87F9 蟹 */
    { 0x87fbu, {0x08f8,0x0888,0x0ffe,0x0888,0x057c,0x0fc4,0x0557,0x0954,0x0bfe,0x0555,0x0b54,0x0000} }, /* U+87FB 蟻 */
    { 0x87feu, {0x08f8,0x0888,0x0ffe,0x0888,0x09fc,0x0eaa,0x0aaa,0x0a9a,0x0ace,0x0aba,0x0ea8,0x0000} }, /* U+87FE 蟾 */
    { 0x8805u, {0x08f8,0x0888,0x0ffe,0x0888,0x0fee,0x02aa,0x0ffe,0x0802,0x0ffe,0x0aaa,0x0bee,0x0000} }, /* U+8805 蠅 */
    { 0x880du, {0x08f8,0x0888,0x0ffe,0x0888,0x0efe,0x03aa,0x08aa,0x0fbf,0x0204,0x01e4,0x0e1c,0x0000} }, /* U+880D 蠍 */
    { 0x880eu, {0x08f8,0x0888,0x0ffe,0x0888,0x0afc,0x0a54,0x0777,0x02dc,0x0254,0x0f77,0x0254,0x0000} }, /* U+880E 蠎 */
    { 0x880fu, {0x08f8,0x0888,0x0ffe,0x0a54,0x03f2,0x0a5a,0x0ff6,0x0252,0x024e,0x0ff2,0x025e,0x0000} }, /* U+880F 蠏 */
    { 0x8811u, {0x08f8,0x0888,0x0ffe,0x0888,0x08e7,0x04a8,0x02b6,0x0fe8,0x00a7,0x02a8,0x04f6,0x0000} }, /* U+8811 蠑 */
    { 0x8815u, {0x08f8,0x0888,0x0ffe,0x0888,0x0efa,0x028a,0x0faa,0x02be,0x0e8a,0x02aa,0x0eba,0x0000} }, /* U+8815 蠕 */
    { 0x8816u, {0x08f8,0x0888,0x0ffe,0x0888,0x092c,0x0bf7,0x055c,0x0554,0x05ff,0x0b54,0x0954,0x0000} }, /* U+8816 蠖 */
    { 0x8821u, {0x0ba8,0x0aa8,0x0f9c,0x0aca,0x0daa,0x009a,0x0bea,0x0a9e,0x0faa,0x0ad8,0x0d88,0x0000} }, /* U+8821 蠡 */
    { 0x8822u, {0x0ba8,0x0aaa,0x0f9a,0x0afe,0x0daa,0x00ab,0x0baa,0x0afe,0x0f8a,0x0a9a,0x0da8,0x0000} }, /* U+8822 蠢 */
    { 0x8823u, {0x08f8,0x0888,0x0ffe,0x0888,0x0e88,0x01fe,0x052a,0x07fa,0x052e,0x09fa,0x0f0a,0x0000} }, /* U+8823 蠣 */
    { 0x8827u, {0x0b98,0x0aaa,0x0fea,0x0aba,0x0daa,0x00af,0x0baa,0x0aaa,0x0faa,0x0aea,0x0d98,0x0000} }, /* U+8827 蠧 */
    { 0x8831u, {0x0ae0,0x0eae,0x0bea,0x0aaa,0x0f6a,0x0a3f,0x0eea,0x0aaa,0x0bea,0x0eae,0x0b70,0x0000} }, /* U+8831 蠱 */
    { 0x8836u, {0x0baa,0x0a9e,0x0fea,0x0abe,0x0daa,0x00a0,0x0baa,0x0abe,0x0fea,0x0abe,0x0daa,0x0000} }, /* U+8836 蠶 */
    { 0x8839u, {0x0b98,0x0aaa,0x0fee,0x0aba,0x0daa,0x00af,0x0baa,0x0aaa,0x0fae,0x0aea,0x0d98,0x0000} }, /* U+8839 蠹 */
    { 0x883bu, {0x0834,0x0bea,0x0ab4,0x0a82,0x0aea,0x0fab,0x0aea,0x0a82,0x0ab4,0x0bea,0x0c34,0x0000} }, /* U+883B 蠻 */
    { 0x8840u, {0x0800,0x0ff8,0x0808,0x0808,0x0ffc,0x080a,0x0ff9,0x0808,0x0808,0x0ff8,0x0800,0x0000} }, /* U+8840 血 */
    { 0x8842u, {0x07f8,0x040c,0x07fa,0x0208,0x03f8,0x0c0a,0x0312,0x00fe,0x0842,0x0882,0x07fe,0x0000} }, /* U+8842 衂 */
    { 0x8844u, {0x07f8,0x040c,0x07fa,0x0208,0x0bf8,0x0842,0x0fc2,0x087e,0x0842,0x0842,0x0ffe,0x0000} }, /* U+8844 衄 */
    { 0x8846u, {0x0920,0x093c,0x04a4,0x0464,0x013e,0x0f25,0x00bc,0x0164,0x0224,0x053c,0x08a0,0x0000} }, /* U+8846 衆 */
    { 0x884cu, {0x0088,0x0fc4,0x0022,0x0000,0x0020,0x0022,0x0822,0x0822,0x0fe2,0x0022,0x0020,0x0000} }, /* U+884C 行 */
    { 0x884du, {0x0088,0x0fc4,0x0022,0x0000,0x0824,0x0448,0x0200,0x0022,0x0822,0x0fe2,0x0022,0x0000} }, /* U+884D 衍 */
    { 0x8852u, {0x0088,0x0fc4,0x0022,0x0c44,0x0aa4,0x0917,0x088c,0x0e04,0x0022,0x0822,0x0fe2,0x0000} }, /* U+8852 衒 */
    { 0x8853u, {0x0088,0x0fc4,0x0022,0x0388,0x0008,0x0fff,0x0008,0x038e,0x0010,0x0812,0x0ff2,0x0000} }, /* U+8853 術 */
    { 0x8857u, {0x0088,0x0fc4,0x0022,0x0924,0x0924,0x0fff,0x0924,0x0924,0x0012,0x0812,0x0ff2,0x0000} }, /* U+8857 街 */
    { 0x8859u, {0x0088,0x0fc4,0x0022,0x0048,0x0f7a,0x094e,0x094a,0x0f7a,0x0020,0x0822,0x0fe2,0x0000} }, /* U+8859 衙 */
    { 0x885bu, {0x0088,0x0fc4,0x0422,0x0714,0x0574,0x055f,0x0fd4,0x057c,0x0512,0x0812,0x0ff2,0x0000} }, /* U+885B 衛 */
    { 0x885du, {0x0088,0x0fc4,0x0022,0x0af8,0x0aaa,0x0ffe,0x0aaa,0x0af8,0x0012,0x0812,0x0ff2,0x0000} }, /* U+885D 衝 */
    { 0x885eu, {0x0088,0x0fc4,0x0012,0x0f54,0x017c,0x0fd7,0x0154,0x0f7c,0x0022,0x0822,0x0fe2,0x0000} }, /* U+885E 衞 */
    { 0x8861u, {0x0088,0x0fc4,0x0022,0x09f4,0x0552,0x03fa,0x0556,0x09f0,0x0112,0x0812,0x0ff2,0x0000} }, /* U+8861 衡 */
    { 0x8862u, {0x0088,0x0fc4,0x0122,0x0fbe,0x0aea,0x0abe,0x0fea,0x0abe,0x0020,0x0822,0x0fe2,0x0000} }, /* U+8862 衢 */
    { 0x8863u, {0x0104,0x0884,0x0fc4,0x0824,0x0814,0x040f,0x0464,0x0184,0x0284,0x0444,0x0824,0x0000} }, /* U+8863 衣 */
    { 0x8868u, {0x0244,0x0a54,0x0954,0x0f54,0x08d4,0x087f,0x01d4,0x0254,0x0454,0x0a54,0x0944,0x0000} }, /* U+8868 表 */
    { 0x886bu, {0x0108,0x0088,0x0fce,0x0128,0x0298,0x0000,0x0844,0x0844,0x0844,0x0422,0x0422,0x0000} }, /* U+886B 衫 */
    { 0x8870u, {0x0444,0x0444,0x0df4,0x0b54,0x0954,0x0957,0x0354,0x0554,0x05f4,0x0a44,0x0944,0x0000} }, /* U+8870 衰 */
    { 0x8872u, {0x0088,0x0fce,0x0138,0x0200,0x0ff8,0x0109,0x0089,0x007f,0x0088,0x0908,0x0ff8,0x0000} }, /* U+8872 衲 */
    { 0x8875u, {0x0108,0x0f8e,0x0248,0x0538,0x0000,0x0ffe,0x0842,0x0842,0x0842,0x0842,0x0ffe,0x0000} }, /* U+8875 衵 */
    { 0x8877u, {0x0204,0x0af4,0x0e94,0x0994,0x0894,0x09ff,0x0294,0x0494,0x0494,0x0af4,0x0904,0x0000} }, /* U+8877 衷 */
    { 0x887du, {0x0108,0x0f8e,0x0248,0x0538,0x0844,0x0844,0x0844,0x0ffc,0x0842,0x0842,0x0842,0x0000} }, /* U+887D 衽 */
    { 0x887eu, {0x0508,0x0528,0x0d24,0x0b2c,0x092a,0x09aa,0x032a,0x052c,0x05a4,0x0b68,0x0908,0x0000} }, /* U+887E 衾 */
    { 0x887fu, {0x0108,0x0088,0x0fce,0x0138,0x0208,0x0094,0x0092,0x0892,0x0892,0x0492,0x0394,0x0000} }, /* U+887F 衿 */
    { 0x8881u, {0x0210,0x0a14,0x0ef4,0x0994,0x0894,0x099f,0x0294,0x0494,0x04f4,0x0a14,0x0910,0x0000} }, /* U+8881 袁 */
    { 0x8882u, {0x0108,0x0f8e,0x0148,0x0a38,0x0844,0x0444,0x0244,0x01ff,0x0244,0x0444,0x087c,0x0000} }, /* U+8882 袂 */
    { 0x8888u, {0x02a4,0x0a94,0x0e8f,0x09a4,0x08a4,0x09dc,0x0280,0x04be,0x04a2,0x0ba2,0x08be,0x0000} }, /* U+8888 袈 */
    { 0x888bu, {0x0288,0x0abc,0x0e82,0x0984,0x0884,0x09e4,0x028f,0x0494,0x04a4,0x0ba4,0x08a6,0x0000} }, /* U+888B 袋 */
    { 0x888du, {0x0108,0x0f8e,0x0248,0x0538,0x0008,0x0ff7,0x0894,0x0894,0x08f4,0x0904,0x0dfc,0x0000} }, /* U+888D 袍 */
    { 0x8892u, {0x0108,0x0f8e,0x0248,0x0538,0x0800,0x09fe,0x0912,0x0912,0x0912,0x0912,0x09fe,0x0000} }, /* U+8892 袒 */
    { 0x8896u, {0x0088,0x0fce,0x0138,0x0080,0x0ff8,0x0888,0x0888,0x0fff,0x0888,0x0888,0x0ff8,0x0000} }, /* U+8896 袖 */
    { 0x8897u, {0x0108,0x0f8e,0x0248,0x0538,0x0008,0x0924,0x0922,0x0922,0x0492,0x0494,0x0208,0x0000} }, /* U+8897 袗 */
    { 0x8899u, {0x0108,0x0f8e,0x0248,0x0538,0x0000,0x0ff8,0x088c,0x088b,0x0888,0x0888,0x0ff8,0x0000} }, /* U+8899 袙 */
    { 0x889eu, {0x0244,0x0a24,0x0ef4,0x099c,0x0894,0x0997,0x0294,0x049c,0x04f4,0x0a24,0x0944,0x0000} }, /* U+889E 袞 */
    { 0x88a2u, {0x0088,0x0fce,0x0138,0x0200,0x0128,0x0124,0x0120,0x0fff,0x0120,0x0124,0x0128,0x0000} }, /* U+88A2 袢 */
    { 0x88a4u, {0x0524,0x0524,0x0ca4,0x0aac,0x0a74,0x09e7,0x0234,0x04ac,0x04a4,0x0a64,0x0924,0x0000} }, /* U+88A4 袤 */
    { 0x88abu, {0x0108,0x0fce,0x00b8,0x0300,0x08fc,0x0824,0x04a4,0x053f,0x0224,0x05e4,0x080c,0x0000} }, /* U+88AB 被 */
    { 0x88aeu, {0x0108,0x0f8e,0x0248,0x0038,0x0310,0x00cf,0x0804,0x0804,0x0ffc,0x0044,0x0184,0x0000} }, /* U+88AE 袮 */
    { 0x88b0u, {0x0288,0x0ab8,0x0eae,0x09aa,0x08aa,0x09fe,0x02aa,0x04aa,0x04ea,0x0bbe,0x08a8,0x0000} }, /* U+88B0 袰 */
    { 0x88b1u, {0x0088,0x0fce,0x0138,0x0220,0x0ff8,0x0816,0x0410,0x0310,0x00ff,0x0310,0x0c16,0x0000} }, /* U+88B1 袱 */
    { 0x88b4u, {0x0088,0x0fce,0x0128,0x0218,0x00a4,0x06b4,0x03ac,0x02a7,0x0aa4,0x0aac,0x06b4,0x0000} }, /* U+88B4 袴 */
    { 0x88b5u, {0x0088,0x0fce,0x0138,0x0220,0x0ff8,0x0046,0x0844,0x0844,0x0ffc,0x0842,0x0842,0x0000} }, /* U+88B5 袵 */
    { 0x88b7u, {0x0108,0x0088,0x0fce,0x0138,0x0008,0x0f24,0x0922,0x0922,0x0922,0x0922,0x0f24,0x0000} }, /* U+88B7 袷 */
    { 0x88bfu, {0x0108,0x0f8e,0x0248,0x0538,0x0820,0x0924,0x0924,0x0fff,0x0924,0x0924,0x0924,0x0000} }, /* U+88BF 袿 */
    { 0x88c1u, {0x0250,0x0a54,0x0f54,0x08ff,0x0354,0x0454,0x0b50,0x081f,0x04f0,0x0312,0x0cd4,0x0000} }, /* U+88C1 裁 */
    { 0x88c2u, {0x0522,0x0512,0x0d1e,0x0baa,0x094a,0x093a,0x0380,0x051e,0x0500,0x0b40,0x097e,0x0000} }, /* U+88C2 裂 */
    { 0x88c3u, {0x0108,0x0f8e,0x0248,0x0538,0x00a0,0x00a0,0x00a0,0x0fbf,0x02a4,0x04a4,0x00a0,0x0000} }, /* U+88C3 裃 */
    { 0x88c4u, {0x0088,0x0fce,0x0138,0x0088,0x0fc4,0x0022,0x0000,0x0822,0x0822,0x0fe2,0x0022,0x0000} }, /* U+88C4 裄 */
    { 0x88c5u, {0x02a2,0x0a94,0x0e80,0x09be,0x0880,0x09a4,0x02a4,0x04bf,0x04a4,0x0ba4,0x08a4,0x0000} }, /* U+88C5 装 */
    { 0x88cfu, {0x0504,0x0544,0x0d7c,0x0b54,0x0954,0x09ff,0x0354,0x0554,0x057c,0x0b44,0x0904,0x0000} }, /* U+88CF 裏 */
    { 0x88d4u, {0x0fd4,0x0254,0x0174,0x0fcc,0x0944,0x0947,0x094c,0x0fd4,0x0164,0x095c,0x0fc4,0x0000} }, /* U+88D4 裔 */
    { 0x88d5u, {0x0108,0x0088,0x0fce,0x0138,0x0200,0x0044,0x0f22,0x0910,0x0910,0x0922,0x0f44,0x0000} }, /* U+88D5 裕 */
    { 0x88d8u, {0x0484,0x058c,0x0d54,0x0b44,0x0924,0x09ff,0x0304,0x0544,0x0554,0x0b8e,0x0884,0x0000} }, /* U+88D8 裘 */
    { 0x88d9u, {0x0108,0x0f8e,0x0148,0x0438,0x024a,0x0f4a,0x09ca,0x097e,0x094a,0x094a,0x0f7e,0x0000} }, /* U+88D9 裙 */
    { 0x88dcu, {0x0088,0x0fce,0x0128,0x0018,0x0ff4,0x0154,0x0154,0x0fff,0x0154,0x0954,0x0ff6,0x0000} }, /* U+88DC 補 */
    { 0x88ddu, {0x0296,0x0ad4,0x0eb4,0x0994,0x08fe,0x0984,0x02a4,0x04a4,0x04bf,0x0ba4,0x08a4,0x0000} }, /* U+88DD 裝 */
    { 0x88dfu, {0x0288,0x0a92,0x0ec4,0x09a0,0x0894,0x09a2,0x02e8,0x04af,0x0490,0x0b92,0x0894,0x0000} }, /* U+88DF 裟 */
    { 0x88e1u, {0x0088,0x0fce,0x0138,0x0000,0x097e,0x094a,0x094a,0x0ffe,0x094a,0x094a,0x097e,0x0000} }, /* U+88E1 裡 */
    { 0x88e8u, {0x0108,0x0f8e,0x0148,0x0238,0x0400,0x06fc,0x0594,0x04fe,0x0f95,0x0494,0x04fc,0x0000} }, /* U+88E8 裨 */
    { 0x88f2u, {0x0088,0x0fce,0x0138,0x0202,0x0ffa,0x00ca,0x010a,0x0ffe,0x00ca,0x090a,0x0ffa,0x0000} }, /* U+88F2 裲 */
    { 0x88f3u, {0x051c,0x0504,0x0d76,0x0b54,0x0954,0x09d7,0x0354,0x0554,0x0576,0x0b04,0x091c,0x0000} }, /* U+88F3 裳 */
    { 0x88f4u, {0x0284,0x0a94,0x0e94,0x09d4,0x08be,0x0980,0x02ff,0x0494,0x0494,0x0b94,0x0884,0x0000} }, /* U+88F4 裴 */
    { 0x88f8u, {0x0088,0x0fce,0x0138,0x0480,0x04be,0x02aa,0x01aa,0x0ffe,0x00aa,0x02aa,0x04be,0x0000} }, /* U+88F8 裸 */
    { 0x88f9u, {0x0544,0x0544,0x0d7c,0x0ad4,0x0a54,0x09ff,0x0254,0x04d4,0x057c,0x0b44,0x0944,0x0000} }, /* U+88F9 裹 */
    { 0x88fcu, {0x0108,0x0f8e,0x0248,0x0138,0x0480,0x02fe,0x09aa,0x04aa,0x0baa,0x08be,0x0780,0x0000} }, /* U+88FC 裼 */
    { 0x88fdu, {0x02be,0x0a94,0x0e94,0x09ff,0x0894,0x09b4,0x0280,0x049e,0x0480,0x0ba0,0x08be,0x0000} }, /* U+88FD 製 */
    { 0x88feu, {0x0108,0x0f8e,0x00c8,0x0138,0x0600,0x01fe,0x0f2a,0x092a,0x09fa,0x092a,0x0f2e,0x0000} }, /* U+88FE 裾 */
    { 0x8902u, {0x0088,0x0fce,0x0238,0x0924,0x0924,0x0fff,0x0924,0x0924,0x0000,0x0ffe,0x0040,0x0080} }, /* U+8902 褂 */
    { 0x8904u, {0x0108,0x0f8e,0x0248,0x0938,0x0954,0x0754,0x0554,0x05ff,0x0554,0x0b54,0x097c,0x0000} }, /* U+8904 褄 */
    { 0x8907u, {0x0088,0x0fce,0x0138,0x0a08,0x097c,0x0bd7,0x0554,0x0554,0x0554,0x0b7c,0x0904,0x0000} }, /* U+8907 複 */
    { 0x890au, {0x0088,0x0fce,0x0138,0x0200,0x0ffa,0x02aa,0x0faa,0x02aa,0x0faa,0x02aa,0x0fba,0x0000} }, /* U+890A 褊 */
    { 0x890cu, {0x0108,0x0f8e,0x0148,0x0238,0x040e,0x05fa,0x052a,0x0ffe,0x052a,0x052a,0x05fe,0x0000} }, /* U+890C 褌 */
    { 0x8910u, {0x0088,0x0fce,0x00b8,0x0100,0x07be,0x04ea,0x04aa,0x06aa,0x08aa,0x08be,0x0780,0x0000} }, /* U+8910 褐 */
    { 0x8912u, {0x0424,0x05f4,0x0e0c,0x0944,0x08dc,0x0957,0x0254,0x05d4,0x0454,0x0adc,0x0944,0x0000} }, /* U+8912 褒 */
    { 0x8913u, {0x0088,0x0fce,0x0138,0x0210,0x0ffe,0x0440,0x025e,0x0152,0x0ff2,0x0252,0x045e,0x0000} }, /* U+8913 褓 */
    { 0x891du, {0x0108,0x0088,0x0fce,0x0238,0x0500,0x05fa,0x052c,0x0529,0x0ffa,0x052c,0x05fa,0x0000} }, /* U+891D 褝 */
    { 0x891eu, {0x0108,0x0f8e,0x0148,0x0a38,0x0f80,0x08be,0x0faa,0x08a6,0x0faa,0x08be,0x0f80,0x0000} }, /* U+891E 褞 */
    { 0x8925u, {0x0088,0x0fce,0x0138,0x0200,0x01fe,0x054a,0x097a,0x014a,0x091a,0x0faa,0x015a,0x0000} }, /* U+8925 褥 */
    { 0x892au, {0x0088,0x0fce,0x0138,0x0a00,0x0892,0x07a4,0x0400,0x0bfe,0x0a2a,0x08ea,0x0b3e,0x0000} }, /* U+892A 褪 */
    { 0x892bu, {0x0088,0x0fce,0x0138,0x0e00,0x01fe,0x0a0a,0x09fa,0x062a,0x02fe,0x0eaa,0x08aa,0x0000} }, /* U+892B 褫 */
    { 0x8936u, {0x0088,0x0fce,0x0138,0x0222,0x0f96,0x0a8a,0x0afe,0x0aa0,0x0a96,0x0aaa,0x0fbe,0x0000} }, /* U+8936 褶 */
    { 0x8938u, {0x0088,0x0fce,0x0138,0x0a10,0x09fc,0x0754,0x0554,0x05ff,0x0554,0x0b54,0x09fc,0x0000} }, /* U+8938 褸 */
    { 0x893bu, {0x04d4,0x04b4,0x0fdc,0x0ab4,0x0a54,0x0907,0x02d4,0x047c,0x0494,0x0af4,0x0984,0x0000} }, /* U+893B 褻 */
    { 0x8941u, {0x0108,0x0f8e,0x0248,0x08fa,0x0892,0x079e,0x09ec,0x092a,0x0ff9,0x0928,0x0dec,0x0000} }, /* U+8941 襁 */
    { 0x8943u, {0x0204,0x0afc,0x0e94,0x0994,0x0884,0x095f,0x02d4,0x0454,0x05f4,0x0a54,0x095c,0x0000} }, /* U+8943 襃 */
    { 0x8944u, {0x0544,0x055c,0x0d54,0x0bf4,0x095c,0x0947,0x035c,0x05f4,0x0554,0x0b5c,0x0944,0x0000} }, /* U+8944 襄 */
    { 0x894cu, {0x0088,0x0fce,0x0138,0x0400,0x05fe,0x0552,0x055e,0x0ff0,0x055e,0x0552,0x05fe,0x0000} }, /* U+894C 襌 */
    { 0x894du, {0x0088,0x0fce,0x0138,0x0808,0x097c,0x0557,0x0354,0x0ffc,0x0156,0x0554,0x0954,0x0000} }, /* U+894D 襍 */
    { 0x8956u, {0x0088,0x0fce,0x0138,0x0a80,0x0afc,0x06ac,0x0256,0x03fd,0x0254,0x06ac,0x0afc,0x0000} }, /* U+8956 襖 */
    { 0x895eu, {0x05fe,0x052a,0x0d2a,0x0bee,0x0910,0x0954,0x035c,0x0554,0x05f7,0x0b5c,0x0954,0x0000} }, /* U+895E 襞 */
    { 0x895fu, {0x0108,0x0fce,0x00b8,0x0904,0x0554,0x017f,0x0944,0x0f54,0x014c,0x057f,0x0914,0x0000} }, /* U+895F 襟 */
    { 0x8960u, {0x0108,0x0f8e,0x0248,0x043c,0x0f84,0x0abe,0x0aa4,0x0fa7,0x0abc,0x0a86,0x0f9c,0x0000} }, /* U+8960 襠 */
    { 0x8964u, {0x0088,0x0fce,0x0138,0x0a80,0x0ffe,0x092a,0x0fee,0x093a,0x0f4f,0x0948,0x0f48,0x0000} }, /* U+8964 襤 */
    { 0x8966u, {0x0108,0x0f8e,0x0248,0x0538,0x0e8a,0x02aa,0x0eaa,0x03be,0x0e8a,0x02aa,0x0eba,0x0000} }, /* U+8966 襦 */
    { 0x896au, {0x0108,0x0f8e,0x0848,0x077c,0x0554,0x09d4,0x0b7f,0x0554,0x057f,0x0bd4,0x0974,0x0000} }, /* U+896A 襪 */
    { 0x896du, {0x0088,0x0fce,0x00b8,0x0f24,0x093f,0x0924,0x0ffa,0x02aa,0x02ae,0x06aa,0x0bfa,0x0000} }, /* U+896D 襭 */
    { 0x896fu, {0x0088,0x0fce,0x04a8,0x02bc,0x0fe5,0x01bd,0x0aa4,0x04fe,0x02aa,0x0faa,0x08fe,0x0000} }, /* U+896F 襯 */
    { 0x8972u, {0x0514,0x05fc,0x0d54,0x0b57,0x09fc,0x0910,0x03df,0x0554,0x0554,0x0b54,0x0974,0x0000} }, /* U+8972 襲 */
    { 0x8974u, {0x0088,0x0fce,0x0128,0x0ffe,0x08aa,0x07aa,0x02be,0x0fc0,0x02be,0x08aa,0x0ffe,0x0000} }, /* U+8974 襴 */
    { 0x8977u, {0x0088,0x0fce,0x0128,0x02be,0x026a,0x02b0,0x0aae,0x0ffa,0x02a0,0x026a,0x02be,0x0000} }, /* U+8977 襷 */
    { 0x897eu, {0x0fe2,0x0022,0x0022,0x01fe,0x0122,0x0122,0x0122,0x01fe,0x0022,0x0022,0x0fe2,0x0000} }, /* U+897E 襾 */
    { 0x897fu, {0x0ff2,0x0912,0x0892,0x087e,0x0812,0x0812,0x087e,0x0892,0x0892,0x0892,0x0ff2,0x0000} }, /* U+897F 西 */
    { 0x8981u, {0x0102,0x097a,0x094a,0x074a,0x05fe,0x054a,0x057e,0x054a,0x0b4a,0x097a,0x0102,0x0000} }, /* U+8981 要 */
    { 0x8983u, {0x043a,0x040a,0x07ca,0x057e,0x054a,0x0d4a,0x054a,0x057e,0x07ca,0x040a,0x043a,0x0000} }, /* U+8983 覃 */
    { 0x8986u, {0x0242,0x0f7a,0x00ca,0x0a4a,0x09fe,0x0b4a,0x057e,0x054a,0x054a,0x0bfa,0x0942,0x0000} }, /* U+8986 覆 */
    { 0x8987u, {0x05e2,0x053a,0x0fea,0x052a,0x05fe,0x0c2a,0x03fe,0x02aa,0x02aa,0x0aba,0x0fe2,0x0000} }, /* U+8987 覇 */
    { 0x8988u, {0x049a,0x02ea,0x0baa,0x0abe,0x06ea,0x092a,0x08aa,0x077e,0x044a,0x0bca,0x085a,0x0000} }, /* U+8988 覈 */
    { 0x898au, {0x05fa,0x052a,0x0fea,0x053e,0x05ea,0x082a,0x03ea,0x0abe,0x03ea,0x0aaa,0x0eba,0x0000} }, /* U+898A 覊 */
    { 0x898bu, {0x0800,0x0800,0x05fe,0x032a,0x012a,0x012a,0x0f2a,0x092a,0x09fe,0x0800,0x0e00,0x0000} }, /* U+898B 見 */
    { 0x898fu, {0x0c48,0x0348,0x00fe,0x0b48,0x0840,0x04fe,0x03aa,0x00aa,0x0faa,0x08aa,0x0cfe,0x0000} }, /* U+898F 規 */
    { 0x8993u, {0x0818,0x0806,0x05f2,0x0552,0x0356,0x015a,0x0f52,0x0952,0x09f6,0x080a,0x0e12,0x0000} }, /* U+8993 覓 */
    { 0x8996u, {0x0108,0x0088,0x0fce,0x0938,0x0800,0x04fe,0x03aa,0x00aa,0x0faa,0x08aa,0x0cfe,0x0000} }, /* U+8996 視 */
    { 0x8997u, {0x03d2,0x0252,0x03d2,0x0802,0x0ffe,0x0800,0x05fe,0x032a,0x012a,0x0f2a,0x09fe,0x0000} }, /* U+8997 覗 */
    { 0x8998u, {0x0f80,0x0880,0x08fe,0x0888,0x0f88,0x08fe,0x04aa,0x02aa,0x0faa,0x08aa,0x0cfe,0x0000} }, /* U+8998 覘 */
    { 0x899au, {0x081c,0x0804,0x05fe,0x0354,0x0154,0x0157,0x0f54,0x0956,0x09fd,0x0804,0x0f1c,0x0000} }, /* U+899A 覚 */
    { 0x89a1u, {0x04f2,0x0442,0x07fe,0x0442,0x0c22,0x04fe,0x03aa,0x00aa,0x0faa,0x08aa,0x0cfe,0x0000} }, /* U+89A1 覡 */
    { 0x89a6u, {0x0fd2,0x054a,0x0fd6,0x0312,0x0cd2,0x0314,0x0cfe,0x02aa,0x0faa,0x08aa,0x0cfe,0x0000} }, /* U+89A6 覦 */
    { 0x89a7u, {0x08fe,0x08aa,0x0bee,0x06aa,0x02ba,0x02a8,0x0ea7,0x0a94,0x0bf4,0x0814,0x0c14,0x0000} }, /* U+89A7 覧 */
    { 0x89a9u, {0x0fa4,0x0ae4,0x0abf,0x0aa4,0x0ff4,0x0828,0x04fe,0x02aa,0x0faa,0x08aa,0x0cfe,0x0000} }, /* U+89A9 覩 */
    { 0x89aau, {0x04a4,0x02bc,0x0fe7,0x01a4,0x0abc,0x0820,0x04fe,0x03aa,0x00aa,0x0faa,0x08fe,0x0000} }, /* U+89AA 親 */
    { 0x89acu, {0x09d6,0x0f54,0x0957,0x0f54,0x09d6,0x0800,0x04fe,0x02aa,0x0faa,0x08aa,0x0cfe,0x0000} }, /* U+89AC 覬 */
    { 0x89afu, {0x0fd4,0x055f,0x07f4,0x055f,0x0fd4,0x0810,0x04fe,0x02aa,0x0faa,0x08aa,0x0cfe,0x0000} }, /* U+89AF 覯 */
    { 0x89b2u, {0x0af4,0x0a9f,0x0ff4,0x0a9f,0x0af4,0x0804,0x04fe,0x02aa,0x0faa,0x08aa,0x0cfe,0x0000} }, /* U+89B2 覲 */
    { 0x89b3u, {0x0098,0x0ff7,0x095c,0x0ff4,0x0954,0x0854,0x04fe,0x03aa,0x00aa,0x0faa,0x08fe,0x0000} }, /* U+89B3 観 */
    { 0x89bau, {0x08e0,0x083e,0x082a,0x07e8,0x02b5,0x02aa,0x0eb5,0x0be8,0x082a,0x083e,0x0ce0,0x0000} }, /* U+89BA 覺 */
    { 0x89bdu, {0x08fe,0x08aa,0x0bee,0x06ba,0x02a8,0x02a7,0x0eba,0x0aaa,0x0bfa,0x082a,0x0c3a,0x0000} }, /* U+89BD 覽 */
    { 0x89bfu, {0x0874,0x0fd4,0x057f,0x0554,0x0ff4,0x0854,0x04fe,0x02aa,0x0faa,0x08aa,0x0cfe,0x0000} }, /* U+89BF 覿 */
    { 0x89c0u, {0x009c,0x0ff4,0x095f,0x0fe4,0x095f,0x0954,0x04fe,0x03aa,0x00aa,0x0faa,0x08fe,0x0000} }, /* U+89C0 觀 */
    { 0x89d2u, {0x0c10,0x03f8,0x012c,0x012a,0x012a,0x01fa,0x012a,0x092e,0x092a,0x0ff8,0x0000,0x0000} }, /* U+89D2 角 */
    { 0x89dau, {0x0ff4,0x0252,0x03fa,0x0256,0x0a50,0x0ffe,0x0402,0x07fe,0x0402,0x01fe,0x0e02,0x0000} }, /* U+89DA 觚 */
    { 0x89dcu, {0x0c3c,0x03e0,0x02be,0x02a4,0x02a4,0x03e0,0x02bf,0x02a4,0x0aa4,0x0fe4,0x0034,0x0000} }, /* U+89DC 觜 */
    { 0x89ddu, {0x0ff4,0x0252,0x03fa,0x0256,0x0a50,0x0ffc,0x0844,0x0444,0x047c,0x03c2,0x0c42,0x0000} }, /* U+89DD 觝 */
    { 0x89e3u, {0x0ff4,0x0252,0x03fa,0x0a56,0x0ff0,0x0112,0x02ea,0x0246,0x0ff2,0x0252,0x024e,0x0000} }, /* U+89E3 解 */
    { 0x89e6u, {0x0ff4,0x0252,0x03fa,0x0256,0x0a50,0x0ff8,0x0888,0x0888,0x0fff,0x0888,0x0ef8,0x0000} }, /* U+89E6 触 */
    { 0x89e7u, {0x0ff4,0x0252,0x03fa,0x0a56,0x0ff0,0x0209,0x024a,0x0248,0x0ffc,0x024b,0x0248,0x0000} }, /* U+89E7 觧 */
    { 0x89f4u, {0x0ff4,0x0252,0x03fa,0x0a56,0x0f78,0x05d7,0x0b54,0x0554,0x0b54,0x097c,0x0744,0x0000} }, /* U+89F4 觴 */
    { 0x89f8u, {0x0ff4,0x0252,0x03fa,0x0252,0x0bee,0x0aaa,0x0fee,0x0aaa,0x07ae,0x082a,0x0fee,0x0000} }, /* U+89F8 觸 */
    { 0x8a00u, {0x0008,0x0008,0x0f2a,0x092a,0x092a,0x092a,0x092a,0x092a,0x0f2a,0x0008,0x0008,0x0000} }, /* U+8A00 言 */
    { 0x8a02u, {0x0f2a,0x092a,0x092a,0x0f2a,0x0000,0x0002,0x0002,0x0802,0x0802,0x0ffe,0x0002,0x0000} }, /* U+8A02 訂 */
    { 0x8a03u, {0x0f2a,0x092a,0x092a,0x092a,0x0f2a,0x0000,0x0000,0x0ffe,0x0020,0x0040,0x0080,0x0000} }, /* U+8A03 訃 */
    { 0x8a08u, {0x0f2a,0x092a,0x092a,0x0f2a,0x0000,0x0010,0x0010,0x0010,0x0fff,0x0010,0x0010,0x0000} }, /* U+8A08 計 */
    { 0x8a0au, {0x0f2a,0x092a,0x0f2a,0x0800,0x0842,0x0442,0x03fe,0x0022,0x0022,0x03fe,0x0c00,0x0000} }, /* U+8A0A 訊 */
    { 0x8a0cu, {0x0f2a,0x092a,0x092a,0x0f2a,0x0000,0x0802,0x0802,0x0802,0x0ffe,0x0802,0x0802,0x0000} }, /* U+8A0C 訌 */
    { 0x8a0eu, {0x0f2a,0x092a,0x092a,0x0f2a,0x0000,0x0048,0x0088,0x0808,0x0808,0x0fff,0x0008,0x0000} }, /* U+8A0E 討 */
    { 0x8a10u, {0x0f2a,0x092a,0x092a,0x0f2a,0x0000,0x0042,0x0042,0x0042,0x0ffe,0x0042,0x0042,0x0000} }, /* U+8A10 訐 */
    { 0x8a13u, {0x0f2a,0x092a,0x092a,0x0f2a,0x0000,0x0c00,0x03fe,0x0000,0x03fc,0x0000,0x0ffe,0x0000} }, /* U+8A13 訓 */
    { 0x8a16u, {0x0f2a,0x092a,0x092a,0x0f2a,0x0000,0x0c38,0x0a27,0x0924,0x08a4,0x0864,0x0e24,0x0000} }, /* U+8A16 訖 */
    { 0x8a17u, {0x0f2a,0x092a,0x0f2a,0x0000,0x0044,0x0044,0x0ffc,0x0844,0x0842,0x0842,0x0e42,0x0000} }, /* U+8A17 託 */
    { 0x8a18u, {0x0f2a,0x092a,0x092a,0x0f2a,0x0000,0x0fe2,0x0822,0x0822,0x0822,0x0822,0x0e3e,0x0000} }, /* U+8A18 記 */
    { 0x8a1bu, {0x0f2a,0x092a,0x0f2a,0x0010,0x0ff8,0x0006,0x0000,0x0fff,0x0820,0x0810,0x0e08,0x0000} }, /* U+8A1B 訛 */
    { 0x8a1du, {0x0f2a,0x092a,0x092a,0x0f2a,0x0200,0x0222,0x013a,0x0922,0x08a2,0x0ffe,0x0022,0x0000} }, /* U+8A1D 訝 */
    { 0x8a1fu, {0x0f2a,0x092a,0x0f2a,0x0000,0x0c60,0x0b18,0x08c2,0x0802,0x0402,0x030e,0x0c70,0x0000} }, /* U+8A1F 訟 */
    { 0x8a23u, {0x0f2a,0x092a,0x0f2a,0x0800,0x0844,0x0444,0x0244,0x01ff,0x0244,0x0444,0x087c,0x0000} }, /* U+8A23 訣 */
    { 0x8a25u, {0x0f2a,0x092a,0x0f2a,0x0000,0x0ff8,0x0109,0x0089,0x007f,0x0088,0x0908,0x0ff8,0x0000} }, /* U+8A25 訥 */
    { 0x8a2au, {0x0f2a,0x092a,0x092a,0x0f2a,0x0004,0x0304,0x00c4,0x083f,0x0824,0x0424,0x03e4,0x0000} }, /* U+8A2A 訪 */
    { 0x8a2du, {0x0f2a,0x092a,0x0f2a,0x0000,0x08a0,0x0b9e,0x0482,0x0482,0x06be,0x09a0,0x0830,0x0000} }, /* U+8A2D 設 */
    { 0x8a31u, {0x0f2a,0x092a,0x092a,0x0f2a,0x0000,0x0098,0x0087,0x0084,0x0ffc,0x0084,0x0084,0x0000} }, /* U+8A31 許 */
    { 0x8a33u, {0x0f2a,0x092a,0x092a,0x0f2a,0x0000,0x0c00,0x03fe,0x0022,0x00e2,0x0322,0x0c3e,0x0000} }, /* U+8A33 訳 */
    { 0x8a34u, {0x0f2a,0x092a,0x092a,0x0f2a,0x0200,0x01fc,0x0024,0x00a4,0x0fe2,0x0122,0x0220,0x0000} }, /* U+8A34 訴 */
    { 0x8a36u, {0x0f2a,0x092a,0x0f2a,0x0000,0x01f2,0x0112,0x01f2,0x0802,0x0802,0x0ffe,0x0002,0x0000} }, /* U+8A36 訶 */
    { 0x8a3au, {0x0f2a,0x092a,0x0f2a,0x0000,0x0008,0x0924,0x0922,0x0922,0x0492,0x0494,0x0208,0x0000} }, /* U+8A3A 診 */
    { 0x8a3bu, {0x0f2a,0x092a,0x0f2a,0x0000,0x0888,0x0888,0x0889,0x0ffa,0x0888,0x0888,0x0888,0x0000} }, /* U+8A3B 註 */
    { 0x8a3cu, {0x0f2a,0x092a,0x0f2a,0x0000,0x0802,0x0fe2,0x0802,0x0ffe,0x0842,0x0842,0x0842,0x0000} }, /* U+8A3C 証 */
    { 0x8a41u, {0x0f2a,0x092a,0x092a,0x0f2a,0x0000,0x0f88,0x0888,0x0888,0x08ff,0x0888,0x0f88,0x0000} }, /* U+8A41 詁 */
    { 0x8a46u, {0x0f2a,0x092a,0x092a,0x0f2a,0x0000,0x0bfc,0x0a24,0x0a24,0x083c,0x08e2,0x0b22,0x0000} }, /* U+8A46 詆 */
    { 0x8a48u, {0x008e,0x008a,0x0eaa,0x0aae,0x0aaa,0x0aaa,0x0aaa,0x0aae,0x0eaa,0x008a,0x008e,0x0000} }, /* U+8A48 詈 */
    { 0x8a50u, {0x0f2a,0x092a,0x092a,0x0f2a,0x0060,0x001f,0x0004,0x0ffc,0x0124,0x0124,0x0124,0x0000} }, /* U+8A50 詐 */
    { 0x8a51u, {0x0f2a,0x092a,0x0f2a,0x0000,0x001c,0x0fe4,0x0884,0x0887,0x0844,0x0844,0x0c1c,0x0000} }, /* U+8A51 詑 */
    { 0x8a52u, {0x0f2a,0x092a,0x092a,0x0f2a,0x0000,0x0f98,0x0894,0x0893,0x0890,0x0890,0x0f9c,0x0000} }, /* U+8A52 詒 */
    { 0x8a54u, {0x0f2a,0x092a,0x0f2a,0x0000,0x0000,0x0fa2,0x0892,0x088e,0x08a2,0x08a2,0x0f9e,0x0000} }, /* U+8A54 詔 */
    { 0x8a55u, {0x0f2a,0x092a,0x0f2a,0x0000,0x0112,0x0122,0x0102,0x0ffe,0x0102,0x0122,0x0112,0x0000} }, /* U+8A55 評 */
    { 0x8a5bu, {0x0f2a,0x092a,0x092a,0x0f2a,0x0000,0x0800,0x0ffe,0x0892,0x0892,0x0892,0x0ffe,0x0000} }, /* U+8A5B 詛 */
    { 0x8a5eu, {0x0f2a,0x092a,0x0f2a,0x0000,0x03d2,0x0252,0x0252,0x03d2,0x0002,0x0802,0x0ffe,0x0000} }, /* U+8A5E 詞 */
    { 0x8a60u, {0x0f2a,0x092a,0x0f2a,0x0440,0x0248,0x09c8,0x0809,0x0ffa,0x0140,0x0220,0x0410,0x0000} }, /* U+8A60 詠 */
    { 0x8a62u, {0x0f2a,0x092a,0x0f2a,0x0010,0x03ef,0x02a4,0x02a4,0x0be4,0x0804,0x0404,0x03fc,0x0000} }, /* U+8A62 詢 */
    { 0x8a63u, {0x0f2a,0x092a,0x092a,0x0f2a,0x0000,0x0fbe,0x0aa4,0x0aa4,0x0aa4,0x0aa2,0x0fb2,0x0000} }, /* U+8A63 詣 */
    { 0x8a66u, {0x0f2a,0x092a,0x0f2a,0x0000,0x0448,0x07c8,0x0448,0x044f,0x0078,0x0388,0x0c0e,0x0000} }, /* U+8A66 試 */
    { 0x8a69u, {0x0f2a,0x092a,0x0f2a,0x0000,0x00a0,0x02a4,0x04a4,0x00bf,0x08a4,0x0fe4,0x00a4,0x0000} }, /* U+8A69 詩 */
    { 0x8a6bu, {0x0f2a,0x092a,0x0f2a,0x0000,0x012c,0x0124,0x0fe4,0x0897,0x0894,0x0894,0x0c8c,0x0000} }, /* U+8A6B 詫 */
    { 0x8a6cu, {0x0f2a,0x092a,0x0f2a,0x0000,0x0380,0x007e,0x0f92,0x0892,0x0892,0x0892,0x0f92,0x0000} }, /* U+8A6C 詬 */
    { 0x8a6du, {0x0f2a,0x092a,0x0f2a,0x0000,0x0608,0x01f4,0x0012,0x0fd2,0x085a,0x0956,0x0dd0,0x0000} }, /* U+8A6D 詭 */
    { 0x8a6eu, {0x0f2a,0x092a,0x0f2a,0x0000,0x0818,0x0894,0x0892,0x0ff2,0x0892,0x0892,0x0894,0x0000} }, /* U+8A6E 詮 */
    { 0x8a70u, {0x0f2a,0x092a,0x092a,0x0f2a,0x0000,0x0024,0x0f24,0x0924,0x093f,0x0924,0x0f24,0x0000} }, /* U+8A70 詰 */
    { 0x8a71u, {0x0f2a,0x092a,0x092a,0x0f2a,0x0000,0x0f24,0x0924,0x0924,0x09fc,0x0922,0x0f22,0x0000} }, /* U+8A71 話 */
    { 0x8a72u, {0x0f2a,0x092a,0x0f2a,0x0000,0x0804,0x0924,0x0554,0x048f,0x0244,0x0524,0x0894,0x0000} }, /* U+8A72 該 */
    { 0x8a73u, {0x0f2a,0x092a,0x0f2a,0x0000,0x0209,0x024a,0x0248,0x0ff8,0x024c,0x024b,0x0248,0x0000} }, /* U+8A73 詳 */
    { 0x8a7cu, {0x0f2a,0x092a,0x0f2a,0x0004,0x09c4,0x083c,0x04e7,0x0204,0x03f4,0x0484,0x0864,0x0000} }, /* U+8A7C 詼 */
    { 0x8a82u, {0x0f2a,0x092a,0x0f2a,0x0884,0x0448,0x03fe,0x0000,0x0fff,0x0840,0x0888,0x0d04,0x0000} }, /* U+8A82 誂 */
    { 0x8a84u, {0x0f2a,0x092a,0x0f2a,0x0400,0x0484,0x0294,0x0194,0x0fff,0x0092,0x0292,0x0492,0x0000} }, /* U+8A84 誄 */
    { 0x8a85u, {0x0f2a,0x092a,0x0f2a,0x0440,0x045e,0x0248,0x0148,0x0fff,0x0148,0x0248,0x0448,0x0000} }, /* U+8A85 誅 */
    { 0x8a87u, {0x0f2a,0x092a,0x0f2a,0x0000,0x00a4,0x06b4,0x03ac,0x02a7,0x0aa4,0x0aac,0x06b4,0x0000} }, /* U+8A87 誇 */
    { 0x8a89u, {0x0044,0x0024,0x0eb6,0x0aac,0x0aa4,0x0ab7,0x0aa4,0x0aac,0x0eb6,0x0024,0x0044,0x0000} }, /* U+8A89 誉 */
    { 0x8a8cu, {0x0f2a,0x092a,0x0f2a,0x0000,0x0624,0x0824,0x08a4,0x093f,0x0824,0x0924,0x0224,0x0000} }, /* U+8A8C 誌 */
    { 0x8a8du, {0x0f2a,0x092a,0x0f2a,0x0000,0x0642,0x082a,0x0912,0x0a2e,0x0842,0x0242,0x043e,0x0000} }, /* U+8A8D 認 */
    { 0x8a91u, {0x0f2a,0x092a,0x0f2a,0x0924,0x0898,0x07e6,0x0802,0x0842,0x0ffe,0x0842,0x0842,0x0000} }, /* U+8A91 誑 */
    { 0x8a93u, {0x00a4,0x02a4,0x0eff,0x0a94,0x0ac0,0x0abe,0x0a8a,0x0a8a,0x0efa,0x028a,0x008a,0x0000} }, /* U+8A93 誓 */
    { 0x8a95u, {0x0f2a,0x092a,0x0f2a,0x08c4,0x07bc,0x0400,0x0bf4,0x0a04,0x0bfe,0x0a22,0x0a22,0x0000} }, /* U+8A95 誕 */
    { 0x8a98u, {0x0f2a,0x092a,0x0f2a,0x0800,0x08aa,0x04aa,0x039a,0x00fe,0x088a,0x0baa,0x064a,0x0000} }, /* U+8A98 誘 */
    { 0x8a9au, {0x0f2a,0x092a,0x0f2a,0x0000,0x0008,0x0fe4,0x02a0,0x02bf,0x02a0,0x0aa4,0x0fe8,0x0000} }, /* U+8A9A 誚 */
    { 0x8a9eu, {0x0f2a,0x092a,0x092a,0x0f2a,0x0000,0x0f4a,0x097a,0x094e,0x094a,0x094a,0x0f7a,0x0000} }, /* U+8A9E 語 */
    { 0x8aa0u, {0x0f2a,0x092a,0x0f2a,0x0200,0x01fc,0x0224,0x0be4,0x0804,0x04ff,0x0304,0x0ce6,0x0000} }, /* U+8AA0 誠 */
    { 0x8aa1u, {0x0f2a,0x092a,0x0f2a,0x0040,0x03f4,0x0044,0x0bf4,0x0844,0x04ff,0x0304,0x0ce6,0x0000} }, /* U+8AA1 誡 */
    { 0x8aa3u, {0x0f2a,0x092a,0x0f2a,0x0000,0x0982,0x0872,0x0882,0x0ffe,0x0882,0x0872,0x0982,0x0000} }, /* U+8AA3 誣 */
    { 0x8aa4u, {0x0f2a,0x092a,0x0f2a,0x0000,0x097c,0x0540,0x015e,0x0152,0x0152,0x055e,0x09c0,0x0000} }, /* U+8AA4 誤 */
    { 0x8aa5u, {0x0f2a,0x092a,0x0f2a,0x0000,0x0018,0x0f26,0x0924,0x0924,0x09ff,0x0924,0x0f24,0x0000} }, /* U+8AA5 誥 */
    { 0x8aa6u, {0x0f2a,0x092a,0x0f2a,0x0000,0x0ff2,0x0152,0x0152,0x0ff2,0x015a,0x0956,0x0ff0,0x0000} }, /* U+8AA6 誦 */
    { 0x8aa8u, {0x0f2a,0x092a,0x0f2a,0x0080,0x0798,0x04f7,0x0794,0x04f4,0x0c94,0x07f4,0x0484,0x0000} }, /* U+8AA8 誨 */
    { 0x8aacu, {0x0f2a,0x092a,0x092a,0x0f2a,0x0800,0x0479,0x03ca,0x0048,0x0fcc,0x084b,0x0c78,0x0000} }, /* U+8AAC 説 */
    { 0x8aadu, {0x0f2a,0x092a,0x0f2a,0x0800,0x08c4,0x0454,0x0354,0x005f,0x0f54,0x0854,0x0cd4,0x0000} }, /* U+8AAD 読 */
    { 0x8ab0u, {0x0f2a,0x092a,0x0f2a,0x0000,0x0020,0x0ff8,0x092f,0x0928,0x0ff8,0x092e,0x0928,0x0000} }, /* U+8AB0 誰 */
    { 0x8ab2u, {0x0f2a,0x092a,0x0f2a,0x0800,0x097e,0x054a,0x034a,0x0ffe,0x014a,0x054a,0x097e,0x0000} }, /* U+8AB2 課 */
    { 0x8ab9u, {0x0f2a,0x092a,0x0f2a,0x0904,0x0924,0x0524,0x03fe,0x0000,0x0fff,0x0224,0x0224,0x0000} }, /* U+8AB9 誹 */
    { 0x8abcu, {0x0f2a,0x092a,0x0f2a,0x0000,0x080c,0x0ff4,0x0954,0x0957,0x0954,0x0ff4,0x080c,0x0000} }, /* U+8ABC 誼 */
    { 0x8abfu, {0x0f2a,0x092a,0x0f2a,0x0000,0x0ffe,0x0002,0x0752,0x057e,0x0752,0x0802,0x0ffe,0x0000} }, /* U+8ABF 調 */
    { 0x8ac2u, {0x0f2a,0x092a,0x0f2a,0x0000,0x0008,0x0fe4,0x0922,0x0912,0x0802,0x092a,0x0fe6,0x0000} }, /* U+8AC2 諂 */
    { 0x8ac4u, {0x0f2a,0x092a,0x0f2a,0x0000,0x0204,0x0274,0x0a54,0x0a57,0x0f54,0x02d4,0x0274,0x0000} }, /* U+8AC4 諄 */
    { 0x8ac7u, {0x0f2a,0x092a,0x0f2a,0x0800,0x09a6,0x0420,0x0210,0x03ce,0x0410,0x0924,0x08a2,0x0000} }, /* U+8AC7 談 */
    { 0x8acbu, {0x0f2a,0x092a,0x0f2a,0x0000,0x0040,0x0fd4,0x0554,0x0554,0x057f,0x0554,0x0fd4,0x0000} }, /* U+8ACB 請 */
    { 0x8accu, {0x0f2a,0x092a,0x0f2a,0x0800,0x09f4,0x0554,0x0354,0x0fff,0x0154,0x0554,0x09f4,0x0000} }, /* U+8ACC 諌 */
    { 0x8acdu, {0x0f2a,0x092a,0x0f2a,0x0000,0x0098,0x02a6,0x0aa2,0x0aae,0x0fe2,0x02a6,0x03ea,0x0000} }, /* U+8ACD 諍 */
    { 0x8acfu, {0x0f2a,0x092a,0x0f2a,0x0402,0x07fe,0x024a,0x0ffe,0x080a,0x04ea,0x030a,0x0cfa,0x0000} }, /* U+8ACF 諏 */
    { 0x8ad2u, {0x0f2a,0x092a,0x0f2a,0x0404,0x02f4,0x0094,0x0894,0x0f97,0x0094,0x02f4,0x0404,0x0000} }, /* U+8AD2 諒 */
    { 0x8ad6u, {0x0f2a,0x092a,0x0f2a,0x0000,0x0fd8,0x0254,0x0fd2,0x0252,0x0fd2,0x0254,0x0fd8,0x0000} }, /* U+8AD6 論 */
    { 0x8adau, {0x0f2a,0x092a,0x0f2a,0x0800,0x072c,0x0424,0x0424,0x07e7,0x0924,0x0924,0x092c,0x0000} }, /* U+8ADA 諚 */
    { 0x8adbu, {0x0f2a,0x092a,0x0f2a,0x0800,0x08fc,0x0492,0x0280,0x01ff,0x0284,0x0494,0x08fc,0x0000} }, /* U+8ADB 諛 */
    { 0x8adcu, {0x0f2a,0x092a,0x0f2a,0x0800,0x0904,0x057e,0x0344,0x0fdf,0x0154,0x055e,0x0944,0x0000} }, /* U+8ADC 諜 */
    { 0x8adeu, {0x0f2a,0x092a,0x0f2a,0x0080,0x0ffa,0x02aa,0x0faa,0x02aa,0x0faa,0x02aa,0x0fba,0x0000} }, /* U+8ADE 諞 */
    { 0x8ae0u, {0x0f2a,0x092a,0x0f2a,0x0000,0x080c,0x0bf4,0x0a54,0x0a57,0x0a54,0x0bf4,0x080c,0x0000} }, /* U+8AE0 諠 */
    { 0x8ae1u, {0x0f2a,0x092a,0x0f2a,0x0800,0x0e18,0x0ad6,0x0e70,0x0a52,0x0f52,0x0ac6,0x0e18,0x0000} }, /* U+8AE1 諡 */
    { 0x8ae2u, {0x0f2a,0x092a,0x0f2a,0x0400,0x040e,0x05fa,0x052a,0x0ffe,0x052a,0x052a,0x05fe,0x0000} }, /* U+8AE2 諢 */
    { 0x8ae4u, {0x0f2a,0x092a,0x0f2a,0x0000,0x00ae,0x06aa,0x03ae,0x02a0,0x0aae,0x0aaa,0x06ae,0x0000} }, /* U+8AE4 諤 */
    { 0x8ae6u, {0x0f2a,0x092a,0x0f2a,0x0000,0x0064,0x0fa4,0x00bc,0x0fe7,0x00a4,0x08bc,0x0fe4,0x0000} }, /* U+8AE6 諦 */
    { 0x8ae7u, {0x0f2a,0x092a,0x0f2a,0x0000,0x003e,0x0fa4,0x0aa4,0x0ac0,0x0abf,0x0aa4,0x0fa4,0x0000} }, /* U+8AE7 諧 */
    { 0x8aebu, {0x0f2a,0x092a,0x0f2a,0x0800,0x09f4,0x0554,0x0314,0x0fff,0x0114,0x0554,0x09f4,0x0000} }, /* U+8AEB 諫 */
    { 0x8aedu, {0x0f2a,0x092a,0x0f2a,0x0008,0x0fe4,0x02aa,0x0fea,0x000a,0x03ea,0x080a,0x0fec,0x0000} }, /* U+8AED 諭 */
    { 0x8aeeu, {0x0f2a,0x092a,0x0f2a,0x0040,0x0022,0x0f04,0x0948,0x0927,0x091c,0x0924,0x0f4c,0x0000} }, /* U+8AEE 諮 */
    { 0x8af1u, {0x0f2a,0x092a,0x0f2a,0x0400,0x0414,0x0774,0x0554,0x055c,0x0fd7,0x0554,0x057c,0x0000} }, /* U+8AF1 諱 */
    { 0x8af3u, {0x0f2a,0x092a,0x0f2a,0x0000,0x0024,0x0fa4,0x0abc,0x0aa7,0x0aa4,0x0abc,0x0fa4,0x0000} }, /* U+8AF3 諳 */
    { 0x8af7u, {0x0f2a,0x092a,0x0f2a,0x0100,0x04fe,0x04aa,0x07fa,0x04aa,0x06ea,0x000a,0x0ffe,0x0000} }, /* U+8AF7 諷 */
    { 0x8af8u, {0x0f2a,0x092a,0x092a,0x0f2a,0x0200,0x0124,0x0fa4,0x0aff,0x0aa4,0x0ab4,0x0fac,0x0000} }, /* U+8AF8 諸 */
    { 0x8afau, {0x0f2a,0x092a,0x0f2a,0x0200,0x01e4,0x0824,0x0abc,0x0aa7,0x0964,0x053c,0x04a4,0x0000} }, /* U+8AFA 諺 */
    { 0x8afeu, {0x0f2a,0x092a,0x0f2a,0x0000,0x0224,0x0124,0x0faf,0x0974,0x0924,0x092f,0x0f24,0x0000} }, /* U+8AFE 諾 */
    { 0x8b00u, {0x0f2a,0x092a,0x0f2a,0x0800,0x0904,0x057f,0x0354,0x0fd4,0x0154,0x057f,0x0904,0x0000} }, /* U+8B00 謀 */
    { 0x8b01u, {0x0f2a,0x092a,0x0f2a,0x0100,0x07be,0x04ea,0x04aa,0x06aa,0x08aa,0x08be,0x0780,0x0000} }, /* U+8B01 謁 */
    { 0x8b02u, {0x0f2a,0x092a,0x0f2a,0x0000,0x003e,0x0fea,0x02aa,0x02be,0x0aaa,0x0fea,0x003e,0x0000} }, /* U+8B02 謂 */
    { 0x8b04u, {0x0ffe,0x0092,0x0892,0x0ffe,0x0254,0x0eb6,0x0a9c,0x0ad7,0x0a9c,0x0eb6,0x0254,0x0000} }, /* U+8B04 謄 */
    { 0x8b07u, {0x0126,0x00aa,0x0e6a,0x0abe,0x0aaa,0x0aeb,0x0aaa,0x0abe,0x0e6a,0x00aa,0x0126,0x0000} }, /* U+8B07 謇 */
    { 0x8b0cu, {0x0f2a,0x092a,0x0f2a,0x0000,0x0042,0x075e,0x0552,0x075e,0x0842,0x0ffe,0x0042,0x0000} }, /* U+8B0C 謌 */
    { 0x8b0eu, {0x0f2a,0x092a,0x0f2a,0x0844,0x07c8,0x0400,0x092c,0x08a0,0x0bff,0x08a8,0x0924,0x0000} }, /* U+8B0E 謎 */
    { 0x8b10u, {0x0f2a,0x092a,0x0f2a,0x0890,0x0e88,0x0a42,0x0e7a,0x0aa2,0x0e98,0x0a86,0x0eb0,0x0000} }, /* U+8B10 謐 */
    { 0x8b14u, {0x0f2a,0x092a,0x0f2a,0x0400,0x03f8,0x0228,0x0fa8,0x0aff,0x0aaa,0x0aaa,0x0ad8,0x0000} }, /* U+8B14 謔 */
    { 0x8b16u, {0x0f2a,0x092a,0x0f2a,0x0800,0x0abe,0x0aaa,0x056a,0x053e,0x056a,0x0baa,0x08be,0x0000} }, /* U+8B16 謖 */
    { 0x8b17u, {0x0f2a,0x092a,0x0f2a,0x0000,0x0064,0x0ca4,0x03bc,0x02e7,0x0aa4,0x0abc,0x06e4,0x0000} }, /* U+8B17 謗 */
    { 0x8b19u, {0x0f2a,0x092a,0x0f2a,0x0044,0x0954,0x0554,0x0fff,0x0154,0x0ffe,0x0555,0x09f4,0x0000} }, /* U+8B19 謙 */
    { 0x8b1au, {0x0f2a,0x092a,0x0f2a,0x0800,0x0f18,0x0ac6,0x0e10,0x0a52,0x0e52,0x0ac6,0x0f18,0x0000} }, /* U+8B1A 謚 */
    { 0x8b1bu, {0x0f2a,0x092a,0x0f2a,0x0400,0x0fd4,0x057f,0x0554,0x07d4,0x057f,0x0554,0x0fd4,0x0000} }, /* U+8B1B 講 */
    { 0x8b1du, {0x0f2a,0x092a,0x0f2a,0x0900,0x05fc,0x0356,0x0955,0x0ffc,0x0048,0x0888,0x0fff,0x0000} }, /* U+8B1D 謝 */
    { 0x8b20u, {0x0f2a,0x092a,0x092a,0x0f2a,0x0000,0x0da4,0x0934,0x0962,0x0fda,0x0952,0x0d4e,0x0000} }, /* U+8B20 謠 */
    { 0x8b21u, {0x0f2a,0x092a,0x0f2a,0x0000,0x0eba,0x08a2,0x08ba,0x0fe2,0x08a2,0x08ba,0x0ea6,0x0000} }, /* U+8B21 謡 */
    { 0x8b26u, {0x00ca,0x02ba,0x0eaa,0x0abf,0x0aaa,0x0afa,0x0aa6,0x0a92,0x0e92,0x02ae,0x00a8,0x0000} }, /* U+8B26 謦 */
    { 0x8b28u, {0x0f2a,0x092a,0x0f2a,0x0000,0x0904,0x09f4,0x055f,0x0354,0x0154,0x055f,0x09f4,0x0000} }, /* U+8B28 謨 */
    { 0x8b2bu, {0x0f2a,0x092a,0x0f2a,0x0000,0x0fe4,0x00a4,0x0ebc,0x0be7,0x0ea4,0x00bc,0x0fe4,0x0000} }, /* U+8B2B 謫 */
    { 0x8b2cu, {0x0f2a,0x092a,0x0f2a,0x0000,0x08aa,0x0a92,0x0abe,0x0940,0x054a,0x0492,0x013e,0x0000} }, /* U+8B2C 謬 */
    { 0x8b33u, {0x0f2a,0x092a,0x0f2a,0x0000,0x0ffe,0x0a82,0x0bba,0x082a,0x0baa,0x0aba,0x0b82,0x0000} }, /* U+8B33 謳 */
    { 0x8b39u, {0x0f2a,0x092a,0x0f2a,0x0000,0x0af4,0x0a94,0x0a9f,0x0ff4,0x0a94,0x0a9f,0x0af4,0x0000} }, /* U+8B39 謹 */
    { 0x8b3eu, {0x0f2a,0x092a,0x0f2a,0x0000,0x08e0,0x0bbe,0x04ea,0x04aa,0x04ea,0x0bbe,0x08e0,0x0000} }, /* U+8B3E 謾 */
    { 0x8b41u, {0x0f2a,0x092a,0x0f2a,0x0444,0x0554,0x05f4,0x055f,0x0ff4,0x0554,0x055f,0x05f4,0x0000} }, /* U+8B41 譁 */
    { 0x8b49u, {0x0f2a,0x092a,0x0f2a,0x0000,0x084a,0x0bb2,0x0eaa,0x0aa6,0x0aa8,0x0eb4,0x0baa,0x0000} }, /* U+8B49 證 */
    { 0x8b4cu, {0x0f2a,0x092a,0x0f2a,0x0408,0x03f6,0x0d52,0x0156,0x0d5a,0x0172,0x09c6,0x0f0a,0x0000} }, /* U+8B4C 譌 */
    { 0x8b4eu, {0x0f2a,0x092a,0x0f2a,0x0008,0x0fea,0x015a,0x0eca,0x0a7a,0x0fce,0x016a,0x0fd8,0x0000} }, /* U+8B4E 譎 */
    { 0x8b4fu, {0x0f2a,0x092a,0x0f2a,0x0800,0x07b4,0x02aa,0x0ab0,0x08ef,0x07b4,0x04aa,0x0ab4,0x0000} }, /* U+8B4F 譏 */
    { 0x8b56u, {0x0f2a,0x092a,0x0f2a,0x005c,0x0fb4,0x0a9f,0x0ad4,0x0ab4,0x0a9f,0x0ff4,0x0054,0x0000} }, /* U+8B56 譖 */
    { 0x8b58u, {0x0f2a,0x092a,0x0f2a,0x0024,0x0fbc,0x0aa7,0x0fbc,0x0824,0x04ff,0x0310,0x0cd6,0x0000} }, /* U+8B58 識 */
    { 0x8b5au, {0x0f2a,0x092a,0x0f2a,0x0400,0x047a,0x07ca,0x057e,0x0d4a,0x057e,0x07ca,0x047a,0x0000} }, /* U+8B5A 譚 */
    { 0x8b5bu, {0x0f2a,0x092a,0x0f2a,0x0054,0x0fb4,0x0a9f,0x0ad4,0x0ab4,0x0a9f,0x0fb4,0x0054,0x0000} }, /* U+8B5B 譛 */
    { 0x8b5cu, {0x0f2a,0x092a,0x0f2a,0x0000,0x0094,0x0fa7,0x0afc,0x0a84,0x0afe,0x0aa5,0x0f94,0x0000} }, /* U+8B5C 譜 */
    { 0x8b5fu, {0x0f2a,0x092a,0x0f2a,0x0800,0x0978,0x054e,0x037a,0x0f8a,0x017a,0x054e,0x0978,0x0000} }, /* U+8B5F 譟 */
    { 0x8b66u, {0x0044,0x015e,0x0f54,0x095e,0x0964,0x095c,0x0967,0x095c,0x0f54,0x016c,0x0044,0x0000} }, /* U+8B66 警 */
    { 0x8b6bu, {0x0f2a,0x092a,0x0f2a,0x0408,0x03fc,0x002a,0x0eaa,0x0a9a,0x0ace,0x0aba,0x0ea8,0x0000} }, /* U+8B6B 譫 */
    { 0x8b6cu, {0x02fe,0x02aa,0x0eaa,0x0aee,0x0a10,0x0b54,0x0a5c,0x0a54,0x0ef7,0x025c,0x0254,0x0000} }, /* U+8B6C 譬 */
    { 0x8b6fu, {0x0f2a,0x092a,0x0f2a,0x0100,0x055e,0x05d2,0x055e,0x0f72,0x055e,0x05d2,0x055e,0x0000} }, /* U+8B6F 譯 */
    { 0x8b70u, {0x0f2a,0x092a,0x0f2a,0x0544,0x0fd4,0x0557,0x0954,0x0bfc,0x0556,0x0555,0x0b54,0x0000} }, /* U+8B70 議 */
    { 0x8b71u, {0x0ea2,0x0aea,0x0aaa,0x0eab,0x002a,0x0ffe,0x002a,0x0eaa,0x0aab,0x0aea,0x0ea2,0x0000} }, /* U+8B71 譱 */
    { 0x8b72u, {0x0f2a,0x092a,0x0f2a,0x0000,0x0524,0x0d54,0x0bfc,0x0957,0x0354,0x05fc,0x0b54,0x0000} }, /* U+8B72 譲 */
    { 0x8b74u, {0x0f2a,0x092a,0x0f2a,0x0892,0x07a4,0x0420,0x0bfc,0x0aa4,0x0abf,0x0ae4,0x0bbc,0x0000} }, /* U+8B74 譴 */
    { 0x8b77u, {0x0f2a,0x092a,0x0f2a,0x0000,0x0924,0x0bf7,0x055c,0x0554,0x05ff,0x0b54,0x0954,0x0000} }, /* U+8B77 護 */
    { 0x8b7du, {0x02be,0x026a,0x0eaa,0x0aa0,0x0aae,0x0aea,0x0aba,0x0aa0,0x0eaa,0x026a,0x02be,0x0000} }, /* U+8B7D 譽 */
    { 0x8b80u, {0x0f2a,0x092a,0x0f2a,0x0800,0x0874,0x07d4,0x0574,0x055f,0x0574,0x0fd4,0x0874,0x0000} }, /* U+8B80 讀 */
    { 0x8b83u, {0x0f2a,0x092a,0x0f2a,0x0800,0x0854,0x07ff,0x0554,0x0540,0x0554,0x0fff,0x0854,0x0000} }, /* U+8B83 讃 */
    { 0x8b8au, {0x0a54,0x0aea,0x0954,0x0b00,0x05d4,0x0557,0x05d4,0x0500,0x0b54,0x09ea,0x0954,0x0000} }, /* U+8B8A 變 */
    { 0x8b8cu, {0x0f2a,0x092a,0x0f2a,0x0404,0x01df,0x0d54,0x0154,0x0ddf,0x0004,0x05f4,0x0924,0x0000} }, /* U+8B8C 讌 */
    { 0x8b8eu, {0x0ff8,0x092f,0x0ff8,0x092e,0x0f54,0x0954,0x0954,0x0ff8,0x092f,0x0ff8,0x092e,0x0000} }, /* U+8B8E 讎 */
    { 0x8b90u, {0x0048,0x017c,0x0f57,0x097c,0x0956,0x09d4,0x097c,0x0957,0x0f7c,0x0156,0x0054,0x0000} }, /* U+8B90 讐 */
    { 0x8b92u, {0x0f2a,0x092a,0x0f2a,0x0084,0x0bfa,0x0aaa,0x06aa,0x038a,0x0efe,0x0aaa,0x0ba8,0x0000} }, /* U+8B92 讒 */
    { 0x8b93u, {0x0f2a,0x092a,0x0f2a,0x0444,0x055c,0x0d54,0x0bfc,0x0947,0x03fc,0x0554,0x0b5c,0x0000} }, /* U+8B93 讓 */
    { 0x8b96u, {0x0f2a,0x092a,0x0f2a,0x0954,0x0ffb,0x0814,0x0ff3,0x0954,0x04ff,0x0310,0x0cd6,0x0000} }, /* U+8B96 讖 */
    { 0x8b99u, {0x0f2a,0x092a,0x0f2a,0x0084,0x0fdc,0x0977,0x095c,0x0fc4,0x097f,0x0954,0x095c,0x0000} }, /* U+8B99 讙 */
    { 0x8b9au, {0x0f2a,0x092a,0x0f2a,0x0800,0x0856,0x07f4,0x055f,0x0574,0x0554,0x0fff,0x0854,0x0000} }, /* U+8B9A 讚 */
    { 0x8c37u, {0x0100,0x0088,0x0f44,0x0922,0x0910,0x0910,0x0910,0x0922,0x0f44,0x0088,0x0100,0x0000} }, /* U+8C37 谷 */
    { 0x8c3au, {0x0f44,0x0922,0x0910,0x0912,0x0f24,0x0240,0x0222,0x013e,0x08a2,0x0ffe,0x0022,0x0000} }, /* U+8C3A 谺 */
    { 0x8c3fu, {0x0956,0x056a,0x03d6,0x054a,0x0966,0x008a,0x0f44,0x0922,0x0920,0x0922,0x0f44,0x0000} }, /* U+8C3F 谿 */
    { 0x8c41u, {0x0eac,0x0aa4,0x0bf7,0x0aa4,0x0eac,0x0080,0x0f44,0x0922,0x0920,0x0922,0x0f44,0x0000} }, /* U+8C41 豁 */
    { 0x8c46u, {0x0802,0x0802,0x08fa,0x0f8a,0x088a,0x088a,0x0c8a,0x0b8a,0x08fa,0x0802,0x0802,0x0000} }, /* U+8C46 豆 */
    { 0x8c48u, {0x0810,0x0816,0x09d4,0x0f54,0x0954,0x0957,0x0954,0x0f54,0x09d4,0x0816,0x0810,0x0000} }, /* U+8C48 豈 */
    { 0x8c4au, {0x0840,0x087c,0x09d4,0x0f54,0x097f,0x0954,0x097f,0x0f54,0x09d4,0x087c,0x0840,0x0000} }, /* U+8C4A 豊 */
    { 0x8c4cu, {0x08fa,0x0f8a,0x088a,0x0efe,0x0894,0x0514,0x03f4,0x0007,0x0ff4,0x0914,0x0dfc,0x0000} }, /* U+8C4C 豌 */
    { 0x8c4eu, {0x08fe,0x08aa,0x0bee,0x0eaa,0x0aba,0x0a80,0x0ac2,0x0eba,0x0ba2,0x08d2,0x088e,0x0000} }, /* U+8C4E 豎 */
    { 0x8c50u, {0x0840,0x087e,0x09d4,0x0f7f,0x0954,0x097e,0x0954,0x0f7f,0x09d4,0x087e,0x0840,0x0000} }, /* U+8C50 豐 */
    { 0x8c55u, {0x0482,0x0492,0x0492,0x0252,0x0a4a,0x092e,0x07f2,0x0082,0x0142,0x0222,0x0412,0x0000} }, /* U+8C55 豕 */
    { 0x8c5au, {0x0ffe,0x0092,0x0ffe,0x0480,0x0492,0x0252,0x0a4a,0x092e,0x07f2,0x0122,0x0612,0x0000} }, /* U+8C5A 豚 */
    { 0x8c61u, {0x0408,0x057c,0x054a,0x02ca,0x0a4a,0x09fa,0x064e,0x014a,0x02c8,0x0478,0x0400,0x0000} }, /* U+8C61 象 */
    { 0x8c62u, {0x04a8,0x056c,0x052a,0x02b8,0x0aa8,0x096f,0x07a8,0x0138,0x02aa,0x046c,0x04a8,0x0000} }, /* U+8C62 豢 */
    { 0x8c6au, {0x0434,0x0514,0x0554,0x02dc,0x0a54,0x09d7,0x0754,0x025c,0x0254,0x0514,0x04b4,0x0000} }, /* U+8C6A 豪 */
    { 0x8c6bu, {0x082a,0x0ff2,0x002a,0x0526,0x0578,0x02cc,0x0a4a,0x097a,0x07ce,0x024a,0x0578,0x0000} }, /* U+8C6B 豫 */
    { 0x8c6cu, {0x0242,0x0a4a,0x092e,0x07f2,0x0122,0x00a4,0x0fe4,0x0abf,0x0aa4,0x0af4,0x0fac,0x0000} }, /* U+8C6C 豬 */
    { 0x8c78u, {0x0420,0x04a2,0x04a6,0x04aa,0x0292,0x0256,0x095a,0x0972,0x078a,0x0008,0x0008,0x0000} }, /* U+8C78 豸 */
    { 0x8c79u, {0x02a4,0x02ac,0x0952,0x097e,0x07ca,0x0002,0x005f,0x0884,0x0804,0x0404,0x03fc,0x0000} }, /* U+8C79 豹 */
    { 0x8c7au, {0x02a4,0x02ac,0x0952,0x097e,0x07d2,0x0208,0x0208,0x0108,0x0888,0x0848,0x0fff,0x0000} }, /* U+8C7A 豺 */
    { 0x8c7cu, {0x02a4,0x0aac,0x0952,0x07fe,0x0812,0x0ffe,0x0410,0x0410,0x0fff,0x0810,0x0e08,0x0000} }, /* U+8C7C 豼 */
    { 0x8c82u, {0x02a4,0x0aac,0x0952,0x07fe,0x000a,0x0fa2,0x0892,0x088e,0x08a2,0x08a2,0x0f9e,0x0000} }, /* U+8C82 貂 */
    { 0x8c85u, {0x02a4,0x0aac,0x0952,0x07fe,0x0022,0x0ff8,0x0116,0x0090,0x0fff,0x0110,0x0210,0x0000} }, /* U+8C85 貅 */
    { 0x8c89u, {0x02a4,0x0aac,0x0952,0x07fe,0x0112,0x0f88,0x0957,0x0924,0x0924,0x0954,0x0f8c,0x0000} }, /* U+8C89 貉 */
    { 0x8c8au, {0x02a4,0x0aac,0x0952,0x07fe,0x000a,0x0ff2,0x0892,0x089a,0x0896,0x0892,0x0ff2,0x0000} }, /* U+8C8A 貊 */
    { 0x8c8cu, {0x0124,0x092c,0x0892,0x07fe,0x000a,0x0cfc,0x0394,0x0096,0x0f95,0x0894,0x0cfc,0x0000} }, /* U+8C8C 貌 */
    { 0x8c8du, {0x02a4,0x0aac,0x0952,0x07fe,0x0012,0x097e,0x094a,0x094a,0x0ffe,0x094a,0x097e,0x0000} }, /* U+8C8D 貍 */
    { 0x8c8eu, {0x02a4,0x0aac,0x0952,0x07fe,0x0012,0x0cfe,0x0392,0x0091,0x0f80,0x0892,0x0cfe,0x0000} }, /* U+8C8E 貎 */
    { 0x8c94u, {0x02a4,0x0aac,0x0952,0x07fe,0x0812,0x0ffc,0x0aa4,0x0896,0x07ad,0x0a84,0x0afc,0x0000} }, /* U+8C94 貔 */
    { 0x8c98u, {0x02a4,0x0abc,0x0952,0x07fe,0x0914,0x09f4,0x055f,0x0354,0x0154,0x055f,0x09f4,0x0000} }, /* U+8C98 貘 */
    { 0x8c9du, {0x0000,0x0800,0x09fe,0x052a,0x012a,0x012a,0x012a,0x012a,0x052a,0x09fe,0x0800,0x0000} }, /* U+8C9D 貝 */
    { 0x8c9eu, {0x0800,0x0800,0x07f0,0x0550,0x0550,0x055f,0x0554,0x0554,0x07f4,0x0804,0x0800,0x0000} }, /* U+8C9E 貞 */
    { 0x8ca0u, {0x0010,0x0808,0x0bfc,0x06aa,0x02aa,0x02aa,0x02aa,0x02ae,0x06aa,0x0bf8,0x0800,0x0000} }, /* U+8CA0 負 */
    { 0x8ca1u, {0x09fe,0x052a,0x012a,0x052a,0x09fe,0x0208,0x0108,0x0888,0x0848,0x0fff,0x0008,0x0000} }, /* U+8CA1 財 */
    { 0x8ca2u, {0x0810,0x0812,0x07f2,0x0552,0x0552,0x055e,0x0552,0x0552,0x07f2,0x0812,0x0810,0x0000} }, /* U+8CA2 貢 */
    { 0x8cb2u, {0x083c,0x0820,0x07fe,0x0554,0x0554,0x0550,0x055f,0x0554,0x07f4,0x0814,0x0814,0x0000} }, /* U+8CB2 貲 */
    { 0x8cb3u, {0x0844,0x0fd4,0x0554,0x0554,0x0554,0x0554,0x0fd4,0x0844,0x007f,0x0384,0x0c06,0x0000} }, /* U+8CB3 貳 */
    { 0x8cb4u, {0x0840,0x085c,0x07d4,0x0554,0x0554,0x057f,0x0554,0x0554,0x07d4,0x085c,0x0840,0x0000} }, /* U+8CB4 貴 */
    { 0x8cb6u, {0x09fe,0x052a,0x012a,0x09fe,0x0404,0x0324,0x0424,0x0a3c,0x0922,0x08a2,0x0862,0x0000} }, /* U+8CB6 貶 */
    { 0x8cb7u, {0x0000,0x080e,0x0bea,0x06aa,0x02ae,0x02aa,0x02aa,0x02ae,0x06aa,0x0bea,0x080e,0x0000} }, /* U+8CB7 買 */
    { 0x8cb8u, {0x0008,0x0808,0x0bfc,0x06a2,0x02a4,0x02a4,0x02a7,0x02ac,0x02b4,0x07e4,0x0826,0x0000} }, /* U+8CB8 貸 */
    { 0x8cbbu, {0x0838,0x082a,0x07ea,0x02bf,0x02aa,0x02aa,0x02bf,0x02aa,0x07ea,0x08ae,0x0860,0x0000} }, /* U+8CBB 費 */
    { 0x8cbcu, {0x09fe,0x052a,0x012a,0x0dfe,0x0000,0x0f80,0x0880,0x08ff,0x0888,0x0888,0x0f88,0x0000} }, /* U+8CBC 貼 */
    { 0x8cbdu, {0x09fe,0x052a,0x012a,0x05fe,0x0800,0x0000,0x0f9c,0x0893,0x0890,0x0890,0x0f9c,0x0000} }, /* U+8CBD 貽 */
    { 0x8cbfu, {0x081e,0x0812,0x07f2,0x0552,0x0558,0x0562,0x0552,0x054e,0x07e2,0x0822,0x081e,0x0000} }, /* U+8CBF 貿 */
    { 0x8cc0u, {0x0824,0x0814,0x07cf,0x0544,0x057c,0x0540,0x055e,0x0552,0x07f2,0x0812,0x081e,0x0000} }, /* U+8CC0 賀 */
    { 0x8cc1u, {0x0810,0x0814,0x07d4,0x057c,0x0554,0x0557,0x0554,0x057c,0x07d4,0x0814,0x0810,0x0000} }, /* U+8CC1 賁 */
    { 0x8cc2u, {0x09fe,0x052a,0x012a,0x05fe,0x0910,0x0088,0x0f57,0x0924,0x0924,0x0954,0x0f8c,0x0000} }, /* U+8CC2 賂 */
    { 0x8cc3u, {0x0008,0x0808,0x0bfc,0x06a2,0x02a8,0x02aa,0x02aa,0x02be,0x02aa,0x07ea,0x082a,0x0000} }, /* U+8CC3 賃 */
    { 0x8cc4u, {0x09fe,0x052a,0x012a,0x05fe,0x0884,0x0044,0x0fe4,0x02bc,0x02a7,0x0aa4,0x0fe4,0x0000} }, /* U+8CC4 賄 */
    { 0x8cc7u, {0x0840,0x0822,0x07c4,0x0550,0x0548,0x0567,0x0554,0x054c,0x07d4,0x0824,0x084c,0x0000} }, /* U+8CC7 資 */
    { 0x8cc8u, {0x0802,0x087a,0x07ca,0x054a,0x057e,0x054a,0x057e,0x054a,0x07ca,0x087a,0x0802,0x0000} }, /* U+8CC8 賈 */
    { 0x8ccau, {0x09fe,0x052a,0x012a,0x05fe,0x0844,0x0044,0x0bf4,0x0844,0x04ff,0x0304,0x0ce6,0x0000} }, /* U+8CCA 賊 */
    { 0x8ccdu, {0x09fe,0x052a,0x012a,0x05fe,0x0800,0x09fc,0x0844,0x0847,0x0ff4,0x0844,0x0844,0x0000} }, /* U+8CCD 賍 */
    { 0x8cceu, {0x09fe,0x052a,0x012a,0x05fe,0x0844,0x0854,0x0454,0x03ff,0x0654,0x0954,0x08d6,0x0000} }, /* U+8CCE 賎 */
    { 0x8cd1u, {0x09fe,0x052a,0x012a,0x05fe,0x0842,0x0fca,0x084a,0x084a,0x03ca,0x044a,0x0b42,0x0000} }, /* U+8CD1 賑 */
    { 0x8cd3u, {0x088c,0x08a4,0x07d4,0x0554,0x0554,0x0577,0x0554,0x0544,0x07d4,0x0824,0x080c,0x0000} }, /* U+8CD3 賓 */
    { 0x8cdau, {0x08a4,0x0894,0x07dc,0x0564,0x0554,0x057f,0x0554,0x0564,0x07dc,0x0894,0x08a4,0x0000} }, /* U+8CDA 賚 */
    { 0x8cdbu, {0x0854,0x0834,0x07df,0x0554,0x0554,0x0540,0x0554,0x0554,0x07df,0x0834,0x0854,0x0000} }, /* U+8CDB 賛 */
    { 0x8cdcu, {0x09fe,0x052a,0x012a,0x05fe,0x0800,0x02fe,0x09aa,0x04aa,0x0baa,0x08be,0x0780,0x0000} }, /* U+8CDC 賜 */
    { 0x8cdeu, {0x081c,0x0804,0x07c6,0x055c,0x0554,0x0557,0x0554,0x055c,0x07c6,0x0804,0x081c,0x0000} }, /* U+8CDE 賞 */
    { 0x8ce0u, {0x0dfe,0x012a,0x052a,0x09fe,0x0020,0x0f24,0x093c,0x0927,0x0924,0x093c,0x0f24,0x0000} }, /* U+8CE0 賠 */
    { 0x8ce2u, {0x087e,0x084a,0x07ee,0x054a,0x055a,0x0540,0x0562,0x055a,0x07d2,0x082a,0x0846,0x0000} }, /* U+8CE2 賢 */
    { 0x8ce3u, {0x0804,0x0874,0x07d4,0x0554,0x0574,0x055f,0x0574,0x0554,0x07d4,0x0874,0x0804,0x0000} }, /* U+8CE3 賣 */
    { 0x8ce4u, {0x09fe,0x052a,0x012a,0x05fe,0x08a4,0x09e4,0x06af,0x0494,0x0ad4,0x09ac,0x0cb6,0x0000} }, /* U+8CE4 賤 */
    { 0x8ce6u, {0x0dfe,0x012a,0x05fe,0x0810,0x0f92,0x0812,0x07f2,0x0490,0x04ff,0x0390,0x0c16,0x0000} }, /* U+8CE6 賦 */
    { 0x8ceau, {0x0830,0x080e,0x07ca,0x057a,0x054a,0x0548,0x057e,0x054a,0x07ca,0x083a,0x0808,0x0000} }, /* U+8CEA 質 */
    { 0x8cedu, {0x09fe,0x052a,0x012a,0x05fe,0x0900,0x00a4,0x0fe4,0x0abf,0x0aa4,0x0ab4,0x0fac,0x0000} }, /* U+8CED 賭 */
    { 0x8cfau, {0x09fe,0x052a,0x01fe,0x0444,0x0954,0x0552,0x0fff,0x0154,0x0ffe,0x0555,0x09f4,0x0000} }, /* U+8CFA 賺 */
    { 0x8cfbu, {0x09fe,0x052a,0x012a,0x05fe,0x0a04,0x02f4,0x0254,0x0aff,0x0a54,0x0f54,0x02f6,0x0000} }, /* U+8CFB 賻 */
    { 0x8cfcu, {0x0dfe,0x012a,0x0dfe,0x0400,0x0fd4,0x057f,0x0554,0x07d4,0x057f,0x0554,0x0fd4,0x0000} }, /* U+8CFC 購 */
    { 0x8cfdu, {0x0a4c,0x0954,0x07d4,0x057c,0x0554,0x0557,0x0554,0x057c,0x07d4,0x0954,0x0a4c,0x0000} }, /* U+8CFD 賽 */
    { 0x8d04u, {0x0854,0x085c,0x07f7,0x0554,0x055c,0x0544,0x0574,0x055f,0x07e4,0x081c,0x0860,0x0000} }, /* U+8D04 贄 */
    { 0x8d05u, {0x0854,0x0834,0x07df,0x0554,0x0574,0x0558,0x0547,0x0554,0x07e4,0x085c,0x0844,0x0000} }, /* U+8D05 贅 */
    { 0x8d07u, {0x088c,0x0854,0x07e7,0x055c,0x0544,0x0576,0x0544,0x057c,0x07d7,0x085c,0x0866,0x0000} }, /* U+8D07 贇 */
    { 0x8d08u, {0x09fe,0x052a,0x012a,0x0dfe,0x0054,0x0fd7,0x0954,0x097c,0x0956,0x0fd5,0x007c,0x0000} }, /* U+8D08 贈 */
    { 0x8d0au, {0x0856,0x0834,0x07df,0x0574,0x0554,0x0550,0x0556,0x0574,0x07df,0x0834,0x0854,0x0000} }, /* U+8D0A 贊 */
    { 0x8d0bu, {0x0300,0x08fe,0x0812,0x07fa,0x0546,0x0552,0x057e,0x054a,0x057a,0x0fce,0x084a,0x0000} }, /* U+8D0B 贋 */
    { 0x8d0du, {0x09fe,0x052a,0x01fe,0x0c08,0x03fc,0x0eaa,0x0aaa,0x0a9a,0x0ace,0x0aba,0x0ea8,0x0000} }, /* U+8D0D 贍 */
    { 0x8d0fu, {0x0804,0x0fcc,0x0574,0x0554,0x0fd4,0x0557,0x0554,0x0ff4,0x0254,0x0fd4,0x0804,0x0000} }, /* U+8D0F 贏 */
    { 0x8d10u, {0x09fe,0x052a,0x01fe,0x0910,0x0ed4,0x0a54,0x0ed4,0x0b7f,0x0e54,0x0ad4,0x0f7c,0x0000} }, /* U+8D10 贐 */
    { 0x8d13u, {0x09fe,0x052a,0x01fe,0x0c90,0x07fc,0x0554,0x0774,0x0dd4,0x0617,0x01fc,0x0e46,0x0000} }, /* U+8D13 贓 */
    { 0x8d14u, {0x0880,0x07be,0x056a,0x052a,0x07aa,0x082a,0x07aa,0x052a,0x056a,0x07be,0x0880,0x0000} }, /* U+8D14 贔 */
    { 0x8d16u, {0x09fe,0x052a,0x01fe,0x0400,0x0874,0x07d4,0x0574,0x055f,0x0574,0x0fd4,0x0874,0x0000} }, /* U+8D16 贖 */
    { 0x8d64u, {0x0220,0x0924,0x0824,0x0424,0x03e4,0x003f,0x0824,0x0fe4,0x0024,0x0124,0x0220,0x0000} }, /* U+8D64 赤 */
    { 0x8d66u, {0x0ca4,0x03e4,0x083f,0x0fe4,0x0024,0x0bb0,0x080f,0x04c4,0x0304,0x04fc,0x0804,0x0000} }, /* U+8D66 赦 */
    { 0x8d67u, {0x0d24,0x03e4,0x083f,0x0fe4,0x0124,0x0220,0x0bfe,0x082a,0x05aa,0x062a,0x09ee,0x0000} }, /* U+8D67 赧 */
    { 0x8d6bu, {0x03a4,0x0c24,0x03e4,0x083f,0x0fe4,0x0024,0x03e4,0x083f,0x0fe4,0x0024,0x03a4,0x0000} }, /* U+8D6B 赫 */
    { 0x8d6du, {0x0d24,0x03e4,0x083f,0x0fe4,0x0220,0x0124,0x0fa4,0x0aff,0x0aa4,0x0af4,0x0fac,0x0000} }, /* U+8D6D 赭 */
    { 0x8d70u, {0x0820,0x0824,0x07a4,0x0424,0x0424,0x07ff,0x0924,0x0924,0x0924,0x0924,0x0820,0x0000} }, /* U+8D70 走 */
    { 0x8d71u, {0x0820,0x0424,0x0324,0x0464,0x04a4,0x0a3f,0x0a24,0x0924,0x08a4,0x0824,0x0820,0x0000} }, /* U+8D71 赱 */
    { 0x8d73u, {0x0f24,0x0424,0x07ff,0x04a4,0x08a4,0x0920,0x09fc,0x0880,0x0880,0x0bfe,0x0840,0x0000} }, /* U+8D73 赳 */
    { 0x8d74u, {0x0f24,0x0424,0x07ff,0x04a4,0x08a4,0x0820,0x0800,0x0bff,0x0810,0x0820,0x0840,0x0000} }, /* U+8D74 赴 */
    { 0x8d77u, {0x0f24,0x0424,0x07ff,0x04a4,0x08a4,0x0800,0x09f2,0x0912,0x0912,0x0912,0x099e,0x0000} }, /* U+8D77 起 */
    { 0x8d81u, {0x0f24,0x0424,0x07ff,0x04a4,0x08a4,0x0808,0x0924,0x0922,0x0892,0x0892,0x0844,0x0000} }, /* U+8D81 趁 */
    { 0x8d85u, {0x0f24,0x0424,0x07ff,0x04a4,0x08a4,0x0800,0x0bd2,0x0a4a,0x0a46,0x0a52,0x0bde,0x0000} }, /* U+8D85 超 */
    { 0x8d8au, {0x0f24,0x0424,0x07ff,0x04a4,0x08a4,0x0a20,0x0bfc,0x0a04,0x093f,0x08c4,0x0b36,0x0000} }, /* U+8D8A 越 */
    { 0x8d99u, {0x0f24,0x0424,0x07fe,0x04a4,0x08a4,0x0808,0x0be4,0x08a0,0x08bf,0x0aa4,0x0be8,0x0000} }, /* U+8D99 趙 */
    { 0x8da3u, {0x0f24,0x0424,0x07ff,0x04a4,0x0922,0x09fe,0x0892,0x0bfe,0x090a,0x08ca,0x0b3a,0x0000} }, /* U+8DA3 趣 */
    { 0x8da8u, {0x0f24,0x0424,0x07ff,0x04a4,0x08a4,0x09d8,0x0d57,0x0bfc,0x0954,0x0c64,0x0bdc,0x0000} }, /* U+8DA8 趨 */
    { 0x8db3u, {0x0800,0x0800,0x079e,0x0412,0x0412,0x07f2,0x0892,0x0892,0x0892,0x089e,0x0800,0x0000} }, /* U+8DB3 足 */
    { 0x8dbau, {0x0f9e,0x0812,0x0ff2,0x089e,0x0848,0x0448,0x0248,0x01ff,0x0248,0x0448,0x0848,0x0000} }, /* U+8DBA 趺 */
    { 0x8dbeu, {0x0f9e,0x0812,0x0ff2,0x0892,0x089e,0x0800,0x0ff0,0x0800,0x0fff,0x0820,0x0820,0x0000} }, /* U+8DBE 趾 */
    { 0x8dc2u, {0x0f9e,0x0812,0x0ff2,0x089e,0x0884,0x09a4,0x0624,0x043f,0x0624,0x09e4,0x0804,0x0000} }, /* U+8DC2 跂 */
    { 0x8dcbu, {0x0f9e,0x0812,0x0ff2,0x0892,0x089e,0x0304,0x08e4,0x081f,0x04e4,0x0304,0x0cf6,0x0000} }, /* U+8DCB 跋 */
    { 0x8dccu, {0x0f9e,0x0812,0x0ff2,0x089e,0x0880,0x085e,0x0448,0x0248,0x01ff,0x0248,0x0c48,0x0000} }, /* U+8DCC 跌 */
    { 0x8dcfu, {0x0f9e,0x0812,0x0ff2,0x089e,0x0308,0x08c8,0x083f,0x0408,0x0ffe,0x0802,0x0ffe,0x0000} }, /* U+8DCF 跏 */
    { 0x8dd6u, {0x0f9e,0x0812,0x0ff2,0x0912,0x091e,0x0082,0x0fc2,0x0862,0x085e,0x0842,0x0fc2,0x0000} }, /* U+8DD6 跖 */
    { 0x8ddau, {0x0f9e,0x0812,0x0ff2,0x0892,0x089e,0x0040,0x0ffe,0x0042,0x0ffe,0x0042,0x0ffe,0x0000} }, /* U+8DDA 跚 */
    { 0x8ddbu, {0x0f9e,0x0812,0x0ff2,0x089e,0x0300,0x08fc,0x0824,0x05a4,0x023f,0x0324,0x0cec,0x0000} }, /* U+8DDB 跛 */
    { 0x8dddu, {0x0f9e,0x0812,0x0ff2,0x0892,0x089e,0x0000,0x0ffe,0x0892,0x0892,0x0892,0x08f2,0x0000} }, /* U+8DDD 距 */
    { 0x8ddfu, {0x0f9e,0x0812,0x0ff2,0x089e,0x0800,0x0ffe,0x084a,0x09ca,0x024a,0x044a,0x0b7e,0x0000} }, /* U+8DDF 跟 */
    { 0x8de1u, {0x0f9e,0x0812,0x0ff2,0x091e,0x08c8,0x0408,0x03f8,0x080f,0x0ff8,0x0008,0x01c8,0x0000} }, /* U+8DE1 跡 */
    { 0x8de3u, {0x0f9e,0x0812,0x0ff2,0x089e,0x0880,0x045e,0x03c8,0x0048,0x0fff,0x0848,0x0c48,0x0000} }, /* U+8DE3 跣 */
    { 0x8de8u, {0x0f1e,0x0812,0x0ff2,0x089e,0x00a4,0x06b4,0x03ac,0x02a7,0x0aa4,0x0aac,0x06b4,0x0000} }, /* U+8DE8 跨 */
    { 0x8deau, {0x0f9e,0x0812,0x0ff2,0x089e,0x0c08,0x03f4,0x0012,0x0fd2,0x085a,0x0956,0x0dd0,0x0000} }, /* U+8DEA 跪 */
    { 0x8debu, {0x0812,0x0812,0x06ee,0x04aa,0x04aa,0x07b0,0x0aae,0x0aaa,0x0ae2,0x0a1e,0x0810,0x0000} }, /* U+8DEB 跫 */
    { 0x8defu, {0x0f9e,0x0812,0x0ff2,0x089e,0x0810,0x0088,0x0f57,0x0924,0x0924,0x0954,0x0f8c,0x0000} }, /* U+8DEF 路 */
    { 0x8df3u, {0x0f9e,0x0812,0x0ff2,0x091e,0x0904,0x0488,0x03fe,0x0000,0x07ff,0x0848,0x0c84,0x0000} }, /* U+8DF3 跳 */
    { 0x8df5u, {0x0f9e,0x0812,0x0ff2,0x089e,0x0884,0x0454,0x0454,0x03ff,0x0654,0x0954,0x08d6,0x0000} }, /* U+8DF5 践 */
    { 0x8dfcu, {0x0f9e,0x0812,0x0ff2,0x089e,0x0800,0x07fe,0x02aa,0x02aa,0x0baa,0x082a,0x07ee,0x0000} }, /* U+8DFC 跼 */
    { 0x8dffu, {0x0f9e,0x0812,0x0ff2,0x0892,0x089e,0x07a4,0x0424,0x07ff,0x0924,0x0924,0x0924,0x0000} }, /* U+8DFF 跿 */
    { 0x8e08u, {0x0f9e,0x0812,0x0ff2,0x089e,0x0804,0x04f4,0x0294,0x0194,0x0fff,0x0294,0x04f4,0x0000} }, /* U+8E08 踈 */
    { 0x8e09u, {0x0f9e,0x0812,0x0ff2,0x089e,0x0800,0x0ffc,0x0854,0x09d7,0x0254,0x0454,0x0b7c,0x0000} }, /* U+8E09 踉 */
    { 0x8e0au, {0x0f9e,0x0812,0x0ff2,0x089e,0x0ff0,0x0152,0x0152,0x0ffa,0x0156,0x0952,0x0ff0,0x0000} }, /* U+8E0A 踊 */
    { 0x8e0fu, {0x0f9e,0x0812,0x0ff2,0x089e,0x0024,0x0f94,0x0a8c,0x0aa0,0x0abf,0x0a88,0x0fb4,0x0000} }, /* U+8E0F 踏 */
    { 0x8e10u, {0x0f9e,0x0812,0x0ff2,0x089e,0x08a4,0x09e4,0x06af,0x0494,0x0ad4,0x09ac,0x0cb6,0x0000} }, /* U+8E10 踐 */
    { 0x8e1du, {0x0f9e,0x0812,0x0ff2,0x089e,0x0900,0x057e,0x034a,0x0ffe,0x014a,0x054a,0x097e,0x0000} }, /* U+8E1D 踝 */
    { 0x8e1eu, {0x0f9e,0x0812,0x0ff2,0x089e,0x0b00,0x00fe,0x0f2a,0x092a,0x09fa,0x092a,0x0f2e,0x0000} }, /* U+8E1E 踞 */
    { 0x8e1fu, {0x0f9e,0x0812,0x0ff2,0x091e,0x0948,0x0447,0x03fc,0x0444,0x0ffc,0x0404,0x07fc,0x0000} }, /* U+8E1F 踟 */
    { 0x8e2au, {0x0f9e,0x0812,0x0ff2,0x089e,0x0484,0x0294,0x0094,0x0f97,0x0094,0x0294,0x048c,0x0000} }, /* U+8E2A 踪 */
    { 0x8e30u, {0x0f9e,0x0812,0x0ff2,0x089e,0x0fd0,0x054a,0x0fd6,0x0312,0x0cd2,0x0314,0x0cd8,0x0000} }, /* U+8E30 踰 */
    { 0x8e34u, {0x0f9e,0x0812,0x0ff2,0x089e,0x0900,0x097a,0x052a,0x03fa,0x092e,0x092a,0x0778,0x0000} }, /* U+8E34 踴 */
    { 0x8e35u, {0x0f9e,0x0812,0x0ff2,0x089e,0x0808,0x0afa,0x0aaa,0x0ffe,0x0aaa,0x0aaa,0x0afa,0x0000} }, /* U+8E35 踵 */
    { 0x8e42u, {0x0f9e,0x0812,0x0ff2,0x091e,0x0950,0x0552,0x0332,0x0ffa,0x0116,0x0552,0x0930,0x0000} }, /* U+8E42 蹂 */
    { 0x8e44u, {0x0f9e,0x0812,0x0ff2,0x091e,0x0064,0x0fa4,0x00bc,0x0fe7,0x00a4,0x08bc,0x0fe4,0x0000} }, /* U+8E44 蹄 */
    { 0x8e47u, {0x094c,0x08d4,0x0654,0x05fc,0x0554,0x0757,0x0954,0x0bfc,0x0a54,0x0ad4,0x094c,0x0000} }, /* U+8E47 蹇 */
    { 0x8e48u, {0x0f9e,0x0812,0x0ff2,0x089e,0x0008,0x0fc6,0x0942,0x092e,0x0802,0x0946,0x0fca,0x0000} }, /* U+8E48 蹈 */
    { 0x8e49u, {0x0f9e,0x0812,0x0ff2,0x089e,0x0244,0x0957,0x09d4,0x097c,0x0f56,0x0955,0x0954,0x0000} }, /* U+8E49 蹉 */
    { 0x8e4au, {0x0f9e,0x0812,0x0ff2,0x089e,0x0948,0x0566,0x0352,0x01ee,0x0352,0x0546,0x096a,0x0000} }, /* U+8E4A 蹊 */
    { 0x8e4cu, {0x0f9e,0x0812,0x0ff2,0x089e,0x0b08,0x00fc,0x0eaa,0x0aaa,0x0aaa,0x0aaa,0x0efc,0x0000} }, /* U+8E4C 蹌 */
    { 0x8e50u, {0x0f9e,0x0812,0x0ff2,0x091e,0x0040,0x0fca,0x056a,0x0550,0x054e,0x0550,0x0fea,0x0000} }, /* U+8E50 蹐 */
    { 0x8e55u, {0x0f9e,0x0812,0x0ff2,0x089e,0x04a0,0x04be,0x07ea,0x04aa,0x0ffe,0x04aa,0x07fe,0x0000} }, /* U+8E55 蹕 */
    { 0x8e59u, {0x0980,0x087c,0x0654,0x05d4,0x057c,0x0754,0x0964,0x095f,0x0be4,0x0a94,0x08ce,0x0000} }, /* U+8E59 蹙 */
    { 0x8e5fu, {0x0f9e,0x0812,0x0ff2,0x091e,0x0854,0x07d4,0x0554,0x057f,0x0554,0x0fd4,0x0854,0x0000} }, /* U+8E5F 蹟 */
    { 0x8e60u, {0x0f9e,0x0812,0x0ff2,0x089e,0x0300,0x08fc,0x0424,0x01fc,0x0d27,0x01fc,0x0c24,0x0000} }, /* U+8E60 蹠 */
    { 0x8e63u, {0x0f9e,0x0812,0x0ff2,0x089e,0x0fc4,0x055f,0x0254,0x0ff4,0x0554,0x0a5f,0x0fc4,0x0000} }, /* U+8E63 蹣 */
    { 0x8e64u, {0x0f9e,0x0812,0x0ff2,0x089e,0x0fc8,0x0827,0x0788,0x0410,0x07e8,0x0887,0x0898,0x0000} }, /* U+8E64 蹤 */
    { 0x8e72u, {0x0f9e,0x0812,0x0ff2,0x0a1e,0x03e4,0x06aa,0x0a78,0x022a,0x0afa,0x0eaa,0x03ec,0x0000} }, /* U+8E72 蹲 */
    { 0x8e74u, {0x0f9e,0x0812,0x0ff2,0x091e,0x08f4,0x0f97,0x08f4,0x0788,0x007f,0x0fc8,0x080e,0x0000} }, /* U+8E74 蹴 */
    { 0x8e76u, {0x0f9e,0x0812,0x0ff2,0x0912,0x00fe,0x0d2a,0x03f2,0x092a,0x061e,0x01ca,0x0e3a,0x0000} }, /* U+8E76 蹶 */
    { 0x8e7cu, {0x0f9e,0x0812,0x0ff2,0x089e,0x0a24,0x0aa4,0x06bf,0x03e4,0x02a7,0x06bc,0x0aa6,0x0000} }, /* U+8E7C 蹼 */
    { 0x8e81u, {0x0f9e,0x0812,0x0ff2,0x089e,0x0978,0x054e,0x037a,0x0f8a,0x017a,0x054e,0x0978,0x0000} }, /* U+8E81 躁 */
    { 0x8e84u, {0x08fe,0x08aa,0x06aa,0x05ee,0x0550,0x0754,0x095c,0x0954,0x0bf7,0x0a5c,0x0854,0x0000} }, /* U+8E84 躄 */
    { 0x8e85u, {0x0f9e,0x0812,0x0ff2,0x091e,0x0baa,0x0aaa,0x0ffe,0x0aaa,0x07ae,0x082a,0x0fee,0x0000} }, /* U+8E85 躅 */
    { 0x8e87u, {0x0f9e,0x0812,0x0ff2,0x089e,0x0a04,0x0154,0x0fd7,0x097c,0x0954,0x0977,0x0fdc,0x0000} }, /* U+8E87 躇 */
    { 0x8e8au, {0x0f9e,0x0812,0x0ff2,0x089e,0x0f10,0x0954,0x0f54,0x01df,0x0554,0x0954,0x0f34,0x0000} }, /* U+8E8A 躊 */
    { 0x8e8bu, {0x0f9e,0x0812,0x0ff2,0x091e,0x07e4,0x02bc,0x0297,0x02bc,0x02a4,0x0fdc,0x0024,0x0000} }, /* U+8E8B 躋 */
    { 0x8e8du, {0x0f9e,0x0812,0x0ff2,0x089e,0x0100,0x0faa,0x0aea,0x0abe,0x0f80,0x0aea,0x0abe,0x0000} }, /* U+8E8D 躍 */
    { 0x8e91u, {0x0f9e,0x0812,0x0ff2,0x0a9e,0x06aa,0x0398,0x06aa,0x0aac,0x0ffe,0x0422,0x03de,0x0000} }, /* U+8E91 躑 */
    { 0x8e93u, {0x0f9e,0x0812,0x0ff2,0x0892,0x083e,0x07ca,0x057a,0x0540,0x057e,0x0fca,0x083a,0x0000} }, /* U+8E93 躓 */
    { 0x8e94u, {0x0f9e,0x0812,0x0ff2,0x0892,0x07fe,0x0944,0x0b7c,0x0ad4,0x0f7f,0x0ad4,0x0b7c,0x0000} }, /* U+8E94 躔 */
    { 0x8e99u, {0x0f9e,0x0812,0x0ff2,0x0892,0x0ffe,0x012a,0x0fbe,0x0ac0,0x0fbe,0x0aaa,0x0ffe,0x0000} }, /* U+8E99 躙 */
    { 0x8ea1u, {0x0f9e,0x0812,0x0ff2,0x091e,0x07e2,0x02be,0x0fea,0x042a,0x07ea,0x02be,0x0fe2,0x0000} }, /* U+8EA1 躡 */
    { 0x8eaau, {0x0f9e,0x0812,0x0ff2,0x0892,0x0ffe,0x0254,0x0f7f,0x0984,0x0f7c,0x0957,0x0ffc,0x0000} }, /* U+8EAA 躪 */
    { 0x8eabu, {0x0900,0x0900,0x05fc,0x0554,0x0356,0x0155,0x0954,0x0954,0x0ffc,0x0040,0x0020,0x0000} }, /* U+8EAB 身 */
    { 0x8eacu, {0x09fc,0x0556,0x0355,0x0954,0x0ffc,0x0100,0x00f2,0x0892,0x0892,0x0892,0x079e,0x0000} }, /* U+8EAC 躬 */
    { 0x8eafu, {0x09fc,0x0556,0x0355,0x0954,0x0ffc,0x0080,0x0ffe,0x0a02,0x099a,0x0862,0x0b9a,0x0000} }, /* U+8EAF 躯 */
    { 0x8eb0u, {0x09fc,0x0556,0x0b55,0x0ffc,0x0088,0x0248,0x0228,0x0fff,0x0228,0x0248,0x0288,0x0000} }, /* U+8EB0 躰 */
    { 0x8eb1u, {0x09fc,0x0556,0x0355,0x0954,0x0ffc,0x04a2,0x0292,0x018e,0x0fc2,0x02ae,0x04b8,0x0000} }, /* U+8EB1 躱 */
    { 0x8ebeu, {0x09fc,0x0556,0x0b55,0x0ffc,0x0044,0x0957,0x0954,0x0554,0x03fe,0x0555,0x0954,0x0000} }, /* U+8EBE 躾 */
    { 0x8ec5u, {0x09fc,0x0556,0x0b55,0x0ffe,0x0042,0x0ff2,0x002e,0x0ff2,0x095e,0x0ff2,0x095a,0x0000} }, /* U+8EC5 軅 */
    { 0x8ec6u, {0x09fc,0x0556,0x0b55,0x0ffc,0x0854,0x09d4,0x0f7f,0x0954,0x097f,0x0f54,0x09fc,0x0000} }, /* U+8EC6 軆 */
    { 0x8ec8u, {0x09fc,0x0556,0x0b55,0x0ffc,0x0024,0x06fc,0x0824,0x0aff,0x0894,0x02fc,0x0494,0x0000} }, /* U+8EC8 軈 */
    { 0x8ecau, {0x0404,0x05f4,0x0554,0x0554,0x0554,0x0fff,0x0554,0x0554,0x0554,0x05f4,0x0404,0x0000} }, /* U+8ECA 車 */
    { 0x8ecbu, {0x05f4,0x0554,0x0554,0x0fff,0x0554,0x0554,0x05f4,0x0000,0x0ffe,0x0800,0x0e00,0x0000} }, /* U+8ECB 軋 */
    { 0x8eccu, {0x05f4,0x0554,0x0ffe,0x0554,0x05f4,0x0c08,0x0308,0x00ff,0x0008,0x0ff8,0x0800,0x0000} }, /* U+8ECC 軌 */
    { 0x8ecdu, {0x040e,0x040a,0x05fa,0x052a,0x052a,0x0ffe,0x052a,0x052a,0x05fa,0x040a,0x040e,0x0000} }, /* U+8ECD 軍 */
    { 0x8ed2u, {0x05f4,0x0554,0x0fff,0x0554,0x05f4,0x0042,0x0042,0x0042,0x0ffe,0x0042,0x0042,0x0000} }, /* U+8ED2 軒 */
    { 0x8edbu, {0x05f4,0x0554,0x0ffe,0x0554,0x0d54,0x03fe,0x0002,0x0ff2,0x0812,0x0892,0x0cf2,0x0000} }, /* U+8EDB 軛 */
    { 0x8edfu, {0x05f4,0x0554,0x0ffe,0x0554,0x05f4,0x0800,0x043f,0x0304,0x00fc,0x0304,0x0c3c,0x0000} }, /* U+8EDF 軟 */
    { 0x8ee2u, {0x05f4,0x0554,0x0ffe,0x0554,0x0554,0x05f4,0x0c22,0x0b22,0x08e2,0x0822,0x0e22,0x0000} }, /* U+8EE2 転 */
    { 0x8ee3u, {0x0844,0x08c4,0x057c,0x0454,0x0054,0x01ff,0x0054,0x0454,0x057c,0x08c4,0x0844,0x0000} }, /* U+8EE3 軣 */
    { 0x8eebu, {0x05f4,0x0554,0x0ffe,0x0554,0x05f4,0x0804,0x0922,0x0922,0x0492,0x0494,0x0208,0x0000} }, /* U+8EEB 軫 */
    { 0x8ef8u, {0x05f4,0x0554,0x0ffe,0x0554,0x05f4,0x0000,0x0ff8,0x0888,0x0fff,0x0888,0x0ff8,0x0000} }, /* U+8EF8 軸 */
    { 0x8efbu, {0x05f4,0x0554,0x0ffe,0x0554,0x05f4,0x0002,0x01f2,0x0112,0x09f2,0x0802,0x0ffe,0x0000} }, /* U+8EFB 軻 */
    { 0x8efcu, {0x05f4,0x0554,0x0ffe,0x0554,0x05f4,0x0840,0x045e,0x0248,0x01ff,0x0248,0x0c48,0x0000} }, /* U+8EFC 軼 */
    { 0x8efdu, {0x05f4,0x0554,0x0ffe,0x0554,0x05f4,0x0822,0x092a,0x0912,0x0fd2,0x092a,0x0926,0x0000} }, /* U+8EFD 軽 */
    { 0x8efeu, {0x05f4,0x0554,0x0ffe,0x0554,0x05f4,0x0424,0x07e4,0x0424,0x047f,0x0384,0x0c06,0x0000} }, /* U+8EFE 軾 */
    { 0x8f03u, {0x05f4,0x0554,0x0ffe,0x0554,0x05f4,0x0824,0x0894,0x0507,0x0204,0x0594,0x0824,0x0000} }, /* U+8F03 較 */
    { 0x8f05u, {0x05f4,0x0554,0x0ffe,0x0554,0x05f4,0x0110,0x0f88,0x0957,0x0924,0x0954,0x0f8c,0x0000} }, /* U+8F05 輅 */
    { 0x8f09u, {0x0450,0x07d4,0x0554,0x0fff,0x0554,0x0554,0x0fd0,0x081f,0x04f0,0x0312,0x0cd4,0x0000} }, /* U+8F09 載 */
    { 0x8f0au, {0x05f4,0x0554,0x0ffe,0x0554,0x05f4,0x0822,0x0932,0x092a,0x0fe6,0x0922,0x0932,0x0000} }, /* U+8F0A 輊 */
    { 0x8f0cu, {0x05f4,0x0554,0x0ffe,0x0554,0x0ff6,0x0212,0x03fe,0x0212,0x03d2,0x0812,0x0ff2,0x0000} }, /* U+8F0C 輌 */
    { 0x8f12u, {0x05f4,0x0554,0x0ffe,0x0554,0x07fe,0x0492,0x0ffe,0x0002,0x0ffe,0x0802,0x0e02,0x0000} }, /* U+8F12 輒 */
    { 0x8f13u, {0x05f4,0x0554,0x0ffe,0x0554,0x05fc,0x0c94,0x0392,0x00f2,0x0f9a,0x0896,0x0cf0,0x0000} }, /* U+8F13 輓 */
    { 0x8f14u, {0x05f4,0x0554,0x0ffe,0x0554,0x0ff4,0x0154,0x0154,0x0fff,0x0154,0x0954,0x0ff6,0x0000} }, /* U+8F14 輔 */
    { 0x8f15u, {0x05f4,0x0554,0x0ffe,0x0554,0x05f4,0x0812,0x096e,0x0912,0x0f6e,0x0912,0x096e,0x0000} }, /* U+8F15 輕 */
    { 0x8f19u, {0x05f4,0x0554,0x0ffe,0x0554,0x07fe,0x0492,0x0ffe,0x080a,0x04ea,0x030a,0x0cfa,0x0000} }, /* U+8F19 輙 */
    { 0x8f1bu, {0x05f4,0x0554,0x0ffe,0x0554,0x0ff6,0x00d2,0x0112,0x0ffe,0x00d2,0x0912,0x0ff2,0x0000} }, /* U+8F1B 輛 */
    { 0x8f1cu, {0x05f4,0x0554,0x0ffe,0x0554,0x0ff4,0x0a88,0x0ab6,0x0f88,0x0ab6,0x0a88,0x0fb6,0x0000} }, /* U+8F1C 輜 */
    { 0x8f1du, {0x0c58,0x03c0,0x007e,0x07c0,0x044e,0x05fa,0x052a,0x0ffe,0x052a,0x052a,0x05fe,0x0000} }, /* U+8F1D 輝 */
    { 0x8f1fu, {0x05f4,0x0554,0x0ffe,0x0554,0x0aaa,0x0492,0x0bae,0x0000,0x0aaa,0x0492,0x0bae,0x0000} }, /* U+8F1F 輟 */
    { 0x8f26u, {0x0454,0x0474,0x07df,0x0574,0x0554,0x0fd0,0x0554,0x0574,0x07df,0x0474,0x0454,0x0000} }, /* U+8F26 輦 */
    { 0x8f29u, {0x0444,0x0454,0x07d4,0x0574,0x055e,0x0fc0,0x057f,0x0554,0x07d4,0x0454,0x0444,0x0000} }, /* U+8F29 輩 */
    { 0x8f2au, {0x05f4,0x0554,0x0ffe,0x0554,0x0ff8,0x0254,0x0fd2,0x0252,0x0fd2,0x0254,0x0fd8,0x0000} }, /* U+8F2A 輪 */
    { 0x8f2fu, {0x05f4,0x0554,0x0fff,0x0554,0x05f4,0x0420,0x07ee,0x02aa,0x02aa,0x02aa,0x0fee,0x0000} }, /* U+8F2F 輯 */
    { 0x8f33u, {0x05f4,0x0554,0x0ffe,0x0554,0x0574,0x08d4,0x0974,0x055c,0x03d7,0x0574,0x0954,0x0000} }, /* U+8F33 輳 */
    { 0x8f38u, {0x05f4,0x0554,0x0ffe,0x0554,0x0ff4,0x02aa,0x0fea,0x000a,0x03ea,0x080a,0x0fec,0x0000} }, /* U+8F38 輸 */
    { 0x8f39u, {0x05f4,0x0554,0x0ffe,0x0554,0x05f4,0x0908,0x0bfc,0x0557,0x0554,0x0554,0x0b7c,0x0000} }, /* U+8F39 輹 */
    { 0x8f3bu, {0x05f4,0x0554,0x0ffe,0x0554,0x0ff4,0x0a82,0x0aba,0x0faa,0x0aaa,0x0aba,0x0f82,0x0000} }, /* U+8F3B 輻 */
    { 0x8f3eu, {0x05f4,0x0554,0x0ffe,0x0554,0x0554,0x09fe,0x0f2a,0x09fa,0x032a,0x05fa,0x0b2e,0x0000} }, /* U+8F3E 輾 */
    { 0x8f3fu, {0x09fe,0x052a,0x0144,0x017c,0x0154,0x01ff,0x0154,0x017c,0x0144,0x052a,0x09fe,0x0000} }, /* U+8F3F 輿 */
    { 0x8f42u, {0x05d4,0x0554,0x0ffe,0x0554,0x05d4,0x08b0,0x0b9e,0x0482,0x0482,0x0abe,0x09a0,0x0000} }, /* U+8F42 轂 */
    { 0x8f44u, {0x05f4,0x0554,0x0ffe,0x0554,0x05f4,0x010c,0x0f54,0x0954,0x09ff,0x0954,0x0f5c,0x0000} }, /* U+8F44 轄 */
    { 0x8f45u, {0x05f4,0x0554,0x0ffe,0x0554,0x05f4,0x0210,0x0ef4,0x0994,0x089f,0x0394,0x0cf4,0x0000} }, /* U+8F45 轅 */
    { 0x8f46u, {0x05f4,0x0554,0x0ffe,0x0554,0x087c,0x0fd4,0x097c,0x0457,0x07fc,0x0954,0x0d74,0x0000} }, /* U+8F46 轆 */
    { 0x8f49u, {0x05f4,0x0554,0x0ffe,0x0554,0x01fc,0x0554,0x0954,0x01ff,0x0954,0x0fd4,0x017c,0x0000} }, /* U+8F49 轉 */
    { 0x8f4cu, {0x05f4,0x0554,0x0ffe,0x0554,0x05fa,0x020a,0x0aaa,0x0abe,0x0a8a,0x0aaa,0x0fba,0x0000} }, /* U+8F4C 轌 */
    { 0x8f4du, {0x05f4,0x0554,0x0ffe,0x0554,0x0ff4,0x02af,0x02a4,0x0fe4,0x04bf,0x0304,0x0cfc,0x0000} }, /* U+8F4D 轍 */
    { 0x8f4eu, {0x05f4,0x0554,0x0ffe,0x0554,0x0ff6,0x012a,0x077a,0x054e,0x077a,0x092a,0x0f4a,0x0000} }, /* U+8F4E 轎 */
    { 0x8f57u, {0x05f4,0x0554,0x0ffe,0x0554,0x05d4,0x067c,0x0854,0x0974,0x089f,0x0264,0x0496,0x0000} }, /* U+8F57 轗 */
    { 0x8f5cu, {0x05f4,0x0554,0x0ffe,0x0554,0x0efa,0x028a,0x0faa,0x02be,0x0e8a,0x02aa,0x0eba,0x0000} }, /* U+8F5C 轜 */
    { 0x8f5fu, {0x0444,0x07c4,0x0d7c,0x0554,0x07d4,0x047f,0x07d4,0x0554,0x0d7c,0x07c4,0x0444,0x0000} }, /* U+8F5F 轟 */
    { 0x8f61u, {0x0054,0x00fa,0x0f54,0x097c,0x0954,0x09ff,0x0954,0x097c,0x0f54,0x00fa,0x0054,0x0000} }, /* U+8F61 轡 */
    { 0x8f62u, {0x05f4,0x0554,0x0ffe,0x0554,0x09f4,0x052a,0x037c,0x0fd7,0x017c,0x052a,0x0954,0x0000} }, /* U+8F62 轢 */
    { 0x8f63u, {0x05f4,0x0554,0x0ffe,0x0554,0x07fe,0x082a,0x0efe,0x084a,0x0f2a,0x0afe,0x0a4a,0x0000} }, /* U+8F63 轣 */
    { 0x8f64u, {0x05f4,0x0554,0x0ffe,0x0554,0x0e7c,0x0bc4,0x0e57,0x0bfd,0x0e55,0x0bd5,0x0e4c,0x0000} }, /* U+8F64 轤 */
    { 0x8f9bu, {0x0044,0x0244,0x0244,0x027c,0x0244,0x0fc7,0x0264,0x025c,0x0244,0x0244,0x0044,0x0000} }, /* U+8F9B 辛 */
    { 0x8f9cu, {0x0144,0x0544,0x055c,0x05d4,0x0554,0x0f77,0x0554,0x05d4,0x055c,0x0544,0x0144,0x0000} }, /* U+8F9C 辜 */
    { 0x8f9eu, {0x0f24,0x0924,0x09fc,0x0922,0x0f22,0x0124,0x013c,0x0124,0x0fe7,0x013c,0x0124,0x0000} }, /* U+8F9E 辞 */
    { 0x8f9fu, {0x0ffe,0x0892,0x0892,0x0f9e,0x0244,0x0244,0x027c,0x0fc7,0x0264,0x025c,0x0244,0x0000} }, /* U+8F9F 辟 */
    { 0x8fa3u, {0x0244,0x0e7c,0x03c6,0x017c,0x0544,0x04f4,0x0294,0x0194,0x0fff,0x0294,0x04f4,0x0000} }, /* U+8FA3 辣 */
    { 0x8fa7u, {0x0124,0x0f3c,0x01e7,0x0302,0x08fe,0x0802,0x07fe,0x0124,0x0fe7,0x013c,0x0124,0x0000} }, /* U+8FA7 辧 */
    { 0x8fa8u, {0x0124,0x0d3c,0x03e7,0x0124,0x097c,0x0400,0x03fe,0x0124,0x0fe7,0x013c,0x0124,0x0000} }, /* U+8FA8 辨 */
    { 0x8fadu, {0x0fce,0x0a52,0x05d6,0x057a,0x0a56,0x0fca,0x0244,0x027c,0x0fc7,0x0264,0x025c,0x0000} }, /* U+8FAD 辭 */
    { 0x8faeu, {0x02a4,0x0ebc,0x03e7,0x06bc,0x00d4,0x0fb2,0x0090,0x02bc,0x0fe7,0x02bc,0x02a4,0x0000} }, /* U+8FAE 辮 */
    { 0x8fafu, {0x0244,0x0e7c,0x03c7,0x027c,0x0f2a,0x092a,0x0f2a,0x027c,0x0fc7,0x027c,0x0244,0x0000} }, /* U+8FAF 辯 */
    { 0x8fb0u, {0x0600,0x01fe,0x0842,0x0fca,0x084a,0x084a,0x01ca,0x024a,0x044a,0x0a4a,0x0942,0x0000} }, /* U+8FB0 辰 */
    { 0x8fb1u, {0x0160,0x011e,0x014a,0x057a,0x094a,0x014a,0x011a,0x092a,0x0faa,0x015a,0x014a,0x0000} }, /* U+8FB1 辱 */
    { 0x8fb2u, {0x0600,0x01fc,0x0954,0x0f54,0x097f,0x0954,0x037f,0x0554,0x0554,0x0b7c,0x0940,0x0000} }, /* U+8FB2 農 */
    { 0x8fb7u, {0x0890,0x04a2,0x0384,0x0400,0x0808,0x0808,0x0808,0x0808,0x0808,0x0808,0x0808,0x0000} }, /* U+8FB7 辷 */
    { 0x8fbau, {0x0840,0x0444,0x03c8,0x0400,0x0802,0x0982,0x0862,0x081e,0x0902,0x0902,0x08fe,0x0000} }, /* U+8FBA 辺 */
    { 0x8fbbu, {0x0840,0x0444,0x03c8,0x0400,0x0810,0x0810,0x0810,0x0bff,0x0810,0x0810,0x0810,0x0000} }, /* U+8FBB 辻 */
    { 0x8fbcu, {0x0840,0x0444,0x03c8,0x0400,0x0902,0x0882,0x0862,0x081e,0x0860,0x0880,0x0900,0x0000} }, /* U+8FBC 込 */
    { 0x8fbfu, {0x0840,0x0444,0x03c8,0x0400,0x0bf8,0x0a00,0x0a00,0x0bff,0x0a00,0x0a00,0x0bf8,0x0000} }, /* U+8FBF 辿 */
    { 0x8fc2u, {0x0840,0x0444,0x03c8,0x0400,0x0822,0x0822,0x0822,0x0a22,0x0bfe,0x0822,0x0822,0x0000} }, /* U+8FC2 迂 */
    { 0x8fc4u, {0x0840,0x0444,0x03c8,0x0400,0x0830,0x0b0f,0x0a94,0x0a54,0x0a34,0x0a14,0x0984,0x0000} }, /* U+8FC4 迄 */
    { 0x8fc5u, {0x0840,0x0444,0x03c8,0x0400,0x0822,0x0822,0x0bfe,0x0822,0x0822,0x087e,0x0980,0x0000} }, /* U+8FC5 迅 */
    { 0x8fceu, {0x0840,0x0444,0x03c8,0x0400,0x09fc,0x0904,0x0882,0x0bfa,0x0804,0x0904,0x09fc,0x0000} }, /* U+8FCE 迎 */
    { 0x8fd1u, {0x0840,0x0444,0x03c8,0x0400,0x0980,0x087c,0x0824,0x0824,0x0be2,0x0822,0x0820,0x0000} }, /* U+8FD1 近 */
    { 0x8fd4u, {0x0840,0x0444,0x03c8,0x0400,0x08c0,0x0a3e,0x0a0a,0x096a,0x088a,0x097a,0x0a02,0x0000} }, /* U+8FD4 返 */
    { 0x8fdau, {0x0890,0x04a2,0x0384,0x0400,0x087c,0x0844,0x0844,0x0bff,0x0844,0x0844,0x087c,0x0000} }, /* U+8FDA 迚 */
    { 0x8fe2u, {0x0890,0x04a2,0x0384,0x0400,0x0802,0x0bd2,0x0a4a,0x0a46,0x0a52,0x0a52,0x0bce,0x0000} }, /* U+8FE2 迢 */
    { 0x8fe5u, {0x0890,0x04a2,0x0384,0x0400,0x09fe,0x0802,0x08f2,0x0892,0x08f2,0x0902,0x09fe,0x0000} }, /* U+8FE5 迥 */
    { 0x8fe6u, {0x0844,0x0448,0x03c0,0x0508,0x08ff,0x0a08,0x0bf8,0x0800,0x0bfc,0x0a04,0x0bfc,0x0000} }, /* U+8FE6 迦 */
    { 0x8fe9u, {0x0844,0x0448,0x03c0,0x0410,0x0888,0x0847,0x0a04,0x0bfc,0x0804,0x0844,0x0884,0x0000} }, /* U+8FE9 迩 */
    { 0x8feau, {0x0890,0x04a2,0x0384,0x0400,0x09fc,0x0924,0x0924,0x09ff,0x0924,0x0924,0x09fc,0x0000} }, /* U+8FEA 迪 */
    { 0x8febu, {0x0840,0x0444,0x03c8,0x0400,0x0800,0x09fc,0x0926,0x0925,0x0924,0x0924,0x09fc,0x0000} }, /* U+8FEB 迫 */
    { 0x8fedu, {0x0840,0x0444,0x03c8,0x0400,0x0830,0x0a4e,0x0a48,0x0948,0x08ff,0x0948,0x0a48,0x0000} }, /* U+8FED 迭 */
    { 0x8fefu, {0x0890,0x04a2,0x0384,0x0420,0x0a1e,0x0924,0x08fc,0x0800,0x0bff,0x0810,0x0820,0x0000} }, /* U+8FEF 迯 */
    { 0x8ff0u, {0x0840,0x0444,0x03c8,0x0400,0x0888,0x0848,0x0a08,0x0bff,0x0808,0x084a,0x0884,0x0000} }, /* U+8FF0 述 */
    { 0x8ff4u, {0x0890,0x04a2,0x0384,0x0400,0x09fe,0x0902,0x097a,0x094a,0x097a,0x0902,0x09fe,0x0000} }, /* U+8FF4 迴 */
    { 0x8ff7u, {0x0840,0x0444,0x03c8,0x0400,0x0924,0x08a8,0x0860,0x0bff,0x0820,0x08a8,0x0924,0x0000} }, /* U+8FF7 迷 */
    { 0x8ff8u, {0x0890,0x04a2,0x0384,0x0400,0x0848,0x0b49,0x08fa,0x0848,0x084c,0x0bfb,0x0848,0x0000} }, /* U+8FF8 迸 */
    { 0x8ff9u, {0x0890,0x04a2,0x0384,0x0440,0x0824,0x0b04,0x08fc,0x0a07,0x0bfc,0x0824,0x0844,0x0000} }, /* U+8FF9 迹 */
    { 0x8ffau, {0x0890,0x04a2,0x0384,0x0400,0x0bf2,0x0a92,0x0a7e,0x0a12,0x0afe,0x0a92,0x0bf2,0x0000} }, /* U+8FFA 迺 */
    { 0x8ffdu, {0x0840,0x0444,0x03c8,0x0400,0x0800,0x0bfc,0x0a56,0x0a55,0x0a54,0x0bdc,0x0800,0x0000} }, /* U+8FFD 追 */
    { 0x9000u, {0x0840,0x0444,0x03c8,0x0400,0x0800,0x0bfe,0x0a2a,0x0a6a,0x08aa,0x093e,0x0ac0,0x0000} }, /* U+9000 退 */
    { 0x9001u, {0x0840,0x0444,0x03c8,0x0400,0x0a49,0x0a4a,0x0948,0x08f8,0x084c,0x094b,0x0a48,0x0000} }, /* U+9001 送 */
    { 0x9003u, {0x0840,0x0444,0x03c8,0x0400,0x0884,0x0a48,0x09fe,0x0800,0x0bff,0x0a28,0x0b44,0x0000} }, /* U+9003 逃 */
    { 0x9005u, {0x0890,0x04a2,0x0384,0x0400,0x087c,0x0bd4,0x0a54,0x0a54,0x0a52,0x0bd2,0x0810,0x0000} }, /* U+9005 逅 */
    { 0x9006u, {0x0844,0x0448,0x03c0,0x0400,0x08e8,0x0889,0x088a,0x0bf8,0x088c,0x088b,0x08e8,0x0000} }, /* U+9006 逆 */
    { 0x900bu, {0x0890,0x04a2,0x0384,0x0400,0x0bf4,0x0954,0x0954,0x0bff,0x0954,0x0954,0x0bf6,0x0000} }, /* U+900B 逋 */
    { 0x900du, {0x0890,0x04a2,0x0384,0x0400,0x0808,0x0bf4,0x0950,0x095f,0x0950,0x0bf4,0x0808,0x0000} }, /* U+900D 逍 */
    { 0x900eu, {0x0890,0x04a2,0x0384,0x0400,0x0bfa,0x0aaa,0x0a9e,0x0a8a,0x0abe,0x0aaa,0x0bfa,0x0000} }, /* U+900E 逎 */
    { 0x900fu, {0x0844,0x0448,0x03c0,0x0408,0x086a,0x0a5a,0x09ca,0x087e,0x0aca,0x0a9a,0x09aa,0x0000} }, /* U+900F 透 */
    { 0x9010u, {0x0840,0x0444,0x03c8,0x0400,0x0892,0x0892,0x0a4a,0x0a2e,0x09f2,0x0852,0x098a,0x0000} }, /* U+9010 逐 */
    { 0x9011u, {0x0890,0x04a2,0x0384,0x0400,0x0914,0x08a4,0x0a04,0x0bff,0x0804,0x08a4,0x0916,0x0000} }, /* U+9011 逑 */
    { 0x9013u, {0x0840,0x0444,0x03c8,0x0440,0x083e,0x0bd2,0x0852,0x0bfe,0x0852,0x0a52,0x0bd2,0x0000} }, /* U+9013 逓 */
    { 0x9014u, {0x0840,0x0444,0x03c8,0x0400,0x0848,0x0a54,0x0952,0x0bf2,0x0852,0x0954,0x0a48,0x0000} }, /* U+9014 途 */
    { 0x9015u, {0x0890,0x04a2,0x0384,0x0400,0x0802,0x0a4a,0x0a56,0x0a4a,0x0bd6,0x0a4a,0x0a56,0x0000} }, /* U+9015 逕 */
    { 0x9016u, {0x0890,0x04a2,0x0384,0x0420,0x0a92,0x0a4c,0x09f2,0x0880,0x087f,0x08c0,0x0b18,0x0000} }, /* U+9016 逖 */
    { 0x9017u, {0x0840,0x0444,0x03c8,0x0400,0x0802,0x0a7a,0x0bca,0x0a4a,0x0a4a,0x0bca,0x0a7a,0x0000} }, /* U+9017 逗 */
    { 0x9019u, {0x0840,0x0444,0x03c8,0x0400,0x0808,0x0baa,0x0aaa,0x0aaa,0x0aaa,0x0baa,0x0808,0x0000} }, /* U+9019 這 */
    { 0x901au, {0x0840,0x0444,0x03c8,0x0400,0x0bfa,0x08aa,0x08aa,0x0bfa,0x08ae,0x0aaa,0x0bf8,0x0000} }, /* U+901A 通 */
    { 0x901du, {0x0c44,0x03c8,0x0400,0x0a44,0x0bff,0x0824,0x0980,0x087e,0x0812,0x0bf2,0x0812,0x0000} }, /* U+901D 逝 */
    { 0x901eu, {0x0890,0x04a2,0x0384,0x0400,0x0a10,0x0a5e,0x0a52,0x0bf2,0x0a52,0x0a5e,0x0a10,0x0000} }, /* U+901E 逞 */
    { 0x901fu, {0x0840,0x0444,0x03c8,0x0400,0x0a74,0x0954,0x08d4,0x0bff,0x0854,0x0954,0x0a74,0x0000} }, /* U+901F 速 */
    { 0x9020u, {0x0844,0x0448,0x03c0,0x0420,0x082e,0x0ba4,0x0aa4,0x0abf,0x0aa4,0x0ba4,0x0820,0x0000} }, /* U+9020 造 */
    { 0x9021u, {0x0890,0x04a2,0x0384,0x0400,0x0aa8,0x0aac,0x0a5b,0x0948,0x0958,0x0aee,0x0a28,0x0000} }, /* U+9021 逡 */
    { 0x9022u, {0x0844,0x0448,0x03c0,0x0424,0x0924,0x095a,0x0952,0x0bf2,0x094a,0x0956,0x0910,0x0000} }, /* U+9022 逢 */
    { 0x9023u, {0x0840,0x0444,0x03c8,0x0400,0x09f4,0x0954,0x0954,0x0bff,0x0954,0x0954,0x09f4,0x0000} }, /* U+9023 連 */
    { 0x9027u, {0x0890,0x04a2,0x0384,0x0400,0x0824,0x0bd2,0x0a48,0x0a48,0x0a48,0x0bd2,0x0824,0x0000} }, /* U+9027 逧 */
    { 0x902eu, {0x0844,0x0448,0x03c0,0x0410,0x0a54,0x0ad4,0x0954,0x0bff,0x0854,0x0954,0x0afc,0x0000} }, /* U+902E 逮 */
    { 0x9031u, {0x0840,0x0444,0x03c8,0x0400,0x09fe,0x0822,0x0baa,0x0abe,0x0baa,0x0822,0x0bfe,0x0000} }, /* U+9031 週 */
    { 0x9032u, {0x0844,0x0448,0x03c0,0x0410,0x0808,0x0bff,0x0a54,0x0a54,0x0bff,0x0a54,0x0a54,0x0000} }, /* U+9032 進 */
    { 0x9035u, {0x0890,0x04a2,0x0384,0x0400,0x0a94,0x0a94,0x0a74,0x0b9f,0x0af4,0x0a94,0x0ad4,0x0000} }, /* U+9035 逵 */
    { 0x9036u, {0x0890,0x04a2,0x0384,0x0400,0x0a6a,0x0ada,0x094a,0x097e,0x094a,0x0ada,0x0a6a,0x0000} }, /* U+9036 逶 */
    { 0x9038u, {0x0844,0x0448,0x03c0,0x0408,0x0a7c,0x094a,0x08ca,0x087a,0x0bce,0x0a4a,0x0a78,0x0000} }, /* U+9038 逸 */
    { 0x9039u, {0x0890,0x04a2,0x0384,0x0400,0x0954,0x0954,0x0974,0x0bdf,0x0954,0x0974,0x0954,0x0000} }, /* U+9039 逹 */
    { 0x903cu, {0x0844,0x0448,0x03c0,0x0402,0x0be2,0x0aae,0x0aaa,0x0bea,0x0aaa,0x0aae,0x0be2,0x0000} }, /* U+903C 逼 */
    { 0x903eu, {0x0890,0x04a2,0x0384,0x0410,0x0bfa,0x0956,0x0bf2,0x0892,0x0b72,0x0894,0x0b78,0x0000} }, /* U+903E 逾 */
    { 0x9041u, {0x0840,0x0444,0x03c8,0x0400,0x09fe,0x080a,0x0bea,0x0aaa,0x0abe,0x0aaa,0x0bea,0x0000} }, /* U+9041 遁 */
    { 0x9042u, {0x0844,0x0448,0x03c0,0x0554,0x0954,0x08af,0x0aa4,0x0a5c,0x09e6,0x08a5,0x0914,0x0000} }, /* U+9042 遂 */
    { 0x9045u, {0x0840,0x0444,0x03c8,0x0480,0x087e,0x094a,0x094a,0x097a,0x0bca,0x096a,0x095e,0x0000} }, /* U+9045 遅 */
    { 0x9047u, {0x0840,0x0444,0x03c8,0x0400,0x0bbe,0x08aa,0x0aaa,0x0bfe,0x0aaa,0x08aa,0x0bbe,0x0000} }, /* U+9047 遇 */
    { 0x9049u, {0x0890,0x04a2,0x0384,0x0400,0x0a00,0x0af8,0x09a8,0x08af,0x08aa,0x09aa,0x0af8,0x0000} }, /* U+9049 遉 */
    { 0x904au, {0x0844,0x0448,0x03c0,0x0484,0x0a7f,0x0a14,0x09f4,0x089f,0x0a94,0x0bd4,0x08b4,0x0000} }, /* U+904A 遊 */
    { 0x904bu, {0x0844,0x0448,0x03c0,0x0406,0x0afa,0x0aaa,0x0aaa,0x0ffe,0x0aaa,0x0aaa,0x0afe,0x0000} }, /* U+904B 運 */
    { 0x9058u, {0x0890,0x04a2,0x0384,0x0410,0x0bf4,0x0954,0x095f,0x09f4,0x0954,0x095f,0x0bf4,0x0000} }, /* U+9058 遘 */
    { 0x9059u, {0x0890,0x04a2,0x0384,0x0420,0x09a4,0x0934,0x0962,0x0fda,0x0952,0x094a,0x0d46,0x0000} }, /* U+9059 遙 */
    { 0x905cu, {0x0c44,0x03c8,0x0400,0x0a42,0x0bf2,0x082e,0x0b42,0x086a,0x0bd6,0x084a,0x0b62,0x0000} }, /* U+905C 遜 */
    { 0x905eu, {0x0890,0x04a2,0x0384,0x047e,0x0a82,0x0a7a,0x098a,0x083e,0x0bea,0x0a2a,0x0b1a,0x0000} }, /* U+905E 遞 */
    { 0x9060u, {0x0844,0x0448,0x03c0,0x0410,0x0a14,0x0974,0x0854,0x0bdf,0x0854,0x0974,0x0a94,0x0000} }, /* U+9060 遠 */
    { 0x9061u, {0x0844,0x0448,0x03c0,0x0436,0x09a4,0x087f,0x0b24,0x08fe,0x084a,0x0a4a,0x0bfe,0x0000} }, /* U+9061 遡 */
    { 0x9063u, {0x0844,0x0448,0x03c0,0x0420,0x083c,0x0be4,0x0aa4,0x0abf,0x0aa4,0x0ae4,0x0bbc,0x0000} }, /* U+9063 遣 */
    { 0x9065u, {0x0840,0x0444,0x03c8,0x0400,0x085a,0x0b52,0x0a5a,0x0bf2,0x0a52,0x0a5a,0x0b56,0x0000} }, /* U+9065 遥 */
    { 0x9068u, {0x0890,0x04a2,0x0384,0x0654,0x09d4,0x0a7f,0x0bd4,0x0a48,0x0937,0x08c4,0x0b3c,0x0000} }, /* U+9068 遨 */
    { 0x9069u, {0x0844,0x0448,0x03c0,0x0404,0x0be4,0x08bc,0x0ba4,0x0ae7,0x0bbc,0x08a4,0x0be4,0x0000} }, /* U+9069 適 */
    { 0x906du, {0x0844,0x0448,0x03c0,0x0404,0x087c,0x0bd4,0x0a7f,0x0a54,0x0a7f,0x0bd4,0x087c,0x0000} }, /* U+906D 遭 */
    { 0x906eu, {0x0844,0x0448,0x03c0,0x047c,0x0b14,0x0814,0x0b7c,0x0857,0x0b54,0x087c,0x0b14,0x0000} }, /* U+906E 遮 */
    { 0x906fu, {0x0c92,0x03a4,0x0400,0x0bfe,0x0892,0x0bfe,0x0922,0x0a96,0x0bfa,0x0852,0x098a,0x0000} }, /* U+906F 遯 */
    { 0x9072u, {0x0890,0x04a2,0x0384,0x047e,0x0a2a,0x0baa,0x0a8a,0x0ffa,0x0a8a,0x0aaa,0x0a2e,0x0000} }, /* U+9072 遲 */
    { 0x9075u, {0x0844,0x0448,0x03c0,0x0404,0x09f4,0x0b57,0x0d3c,0x0914,0x097e,0x0f55,0x09f4,0x0000} }, /* U+9075 遵 */
    { 0x9076u, {0x0890,0x04a2,0x0384,0x0410,0x0a54,0x0a7c,0x09d4,0x0847,0x0bd4,0x0a7c,0x0b54,0x0000} }, /* U+9076 遶 */
    { 0x9077u, {0x0840,0x0444,0x03c8,0x0500,0x08ba,0x086a,0x0bbe,0x0aaa,0x0afe,0x0a2a,0x0b7a,0x0000} }, /* U+9077 遷 */
    { 0x9078u, {0x0840,0x0444,0x03c8,0x0402,0x0aba,0x0aaa,0x09ee,0x08a0,0x09fa,0x0aaa,0x0aae,0x0000} }, /* U+9078 選 */
    { 0x907au, {0x0844,0x0448,0x03c0,0x0410,0x0a1c,0x09f4,0x0954,0x095f,0x0954,0x09f4,0x0a1c,0x0000} }, /* U+907A 遺 */
    { 0x907cu, {0x0844,0x0448,0x03c0,0x0654,0x0924,0x087c,0x0a54,0x0bd7,0x0854,0x097c,0x0a24,0x0000} }, /* U+907C 遼 */
    { 0x907du, {0x0890,0x04a2,0x0384,0x0440,0x0abc,0x0a94,0x0954,0x0a7f,0x0bd5,0x0955,0x0acc,0x0000} }, /* U+907D 遽 */
    { 0x907fu, {0x0c44,0x03c8,0x0400,0x0bfe,0x0a52,0x0bde,0x08a4,0x08bc,0x0be7,0x08bc,0x08a4,0x0000} }, /* U+907F 避 */
    { 0x9080u, {0x0890,0x04a2,0x0384,0x065c,0x09f6,0x0a55,0x0bdc,0x0a48,0x0937,0x08c4,0x0b3c,0x0000} }, /* U+9080 邀 */
    { 0x9081u, {0x0890,0x04a2,0x0384,0x0400,0x0bc4,0x087c,0x0957,0x09fc,0x0954,0x0a7f,0x0bc4,0x0000} }, /* U+9081 邁 */
    { 0x9082u, {0x0c92,0x03a4,0x0408,0x0bfc,0x08aa,0x0afa,0x0bae,0x0972,0x094e,0x0bf2,0x094e,0x0000} }, /* U+9082 邂 */
    { 0x9083u, {0x0890,0x04a4,0x0388,0x0554,0x0d54,0x0acc,0x0a67,0x0ddc,0x0b74,0x0954,0x0acc,0x0000} }, /* U+9083 邃 */
    { 0x9084u, {0x0840,0x0444,0x03c8,0x0420,0x0a2e,0x0aea,0x09ae,0x0faa,0x08ae,0x0aea,0x0d2e,0x0000} }, /* U+9084 還 */
    { 0x9087u, {0x0890,0x04a2,0x0384,0x0410,0x0bfa,0x0956,0x0ab2,0x0bfe,0x0952,0x0ab6,0x0bfa,0x0000} }, /* U+9087 邇 */
    { 0x9089u, {0x0890,0x04a2,0x0384,0x0640,0x097c,0x0ed4,0x0a56,0x0a55,0x0ed4,0x097c,0x0ac0,0x0000} }, /* U+9089 邉 */
    { 0x908au, {0x0890,0x04a2,0x0384,0x0440,0x097c,0x0d54,0x0bd6,0x0955,0x0d54,0x0b7c,0x09c0,0x0000} }, /* U+908A 邊 */
    { 0x908fu, {0x0c92,0x03a4,0x0400,0x09ae,0x0b5a,0x09ae,0x084a,0x0bfa,0x0aae,0x0bfa,0x0aae,0x0000} }, /* U+908F 邏 */
    { 0x9091u, {0x0000,0x07e0,0x092e,0x092a,0x092a,0x092a,0x09ea,0x092a,0x092a,0x092e,0x0de0,0x0000} }, /* U+9091 邑 */
    { 0x90a3u, {0x0692,0x0192,0x08fe,0x0892,0x0492,0x03fe,0x0000,0x0ffe,0x0422,0x0452,0x038e,0x0000} }, /* U+90A3 那 */
    { 0x90a6u, {0x0894,0x0894,0x0494,0x03ff,0x0094,0x0094,0x0084,0x0ffe,0x0422,0x0452,0x038e,0x0000} }, /* U+90A6 邦 */
    { 0x90a8u, {0x00e8,0x0888,0x0fff,0x0888,0x0484,0x04e4,0x0000,0x0ffe,0x0422,0x0452,0x038e,0x0000} }, /* U+90A8 邨 */
    { 0x90aau, {0x0422,0x023e,0x0922,0x08a2,0x0ffe,0x0022,0x0000,0x0ffe,0x0212,0x022a,0x01c6,0x0000} }, /* U+90AA 邪 */
    { 0x90afu, {0x0ffe,0x0888,0x0888,0x0888,0x0fff,0x0008,0x0008,0x0ffe,0x0422,0x0452,0x038e,0x0000} }, /* U+90AF 邯 */
    { 0x90b1u, {0x0ffc,0x0824,0x0824,0x0424,0x07e2,0x0422,0x0000,0x0ffe,0x0422,0x0452,0x038e,0x0000} }, /* U+90B1 邱 */
    { 0x90b5u, {0x0fa2,0x0892,0x088e,0x08a2,0x08a2,0x0f9e,0x0000,0x0ffe,0x0422,0x0452,0x038e,0x0000} }, /* U+90B5 邵 */
    { 0x90b8u, {0x0bfc,0x0a24,0x0a24,0x083c,0x08e2,0x0b22,0x0000,0x0ffe,0x0422,0x0452,0x038e,0x0000} }, /* U+90B8 邸 */
    { 0x90c1u, {0x0044,0x0fe4,0x02bc,0x02a7,0x0aa4,0x0fe4,0x0004,0x0ffe,0x0422,0x0452,0x038e,0x0000} }, /* U+90C1 郁 */
    { 0x90cau, {0x0824,0x0894,0x0504,0x0207,0x0514,0x0824,0x0004,0x0ffe,0x0422,0x0452,0x038e,0x0000} }, /* U+90CA 郊 */
    { 0x90ceu, {0x0ffc,0x0894,0x0897,0x0a94,0x04fc,0x0800,0x0ffe,0x0002,0x0422,0x0452,0x038e,0x0000} }, /* U+90CE 郎 */
    { 0x90dbu, {0x0218,0x0246,0x0a42,0x0f5a,0x02c2,0x025a,0x0200,0x0ffe,0x0422,0x0452,0x038e,0x0000} }, /* U+90DB 郛 */
    { 0x90e1u, {0x024a,0x0f4a,0x09fe,0x094a,0x094a,0x0f7e,0x0008,0x0ffe,0x0212,0x022a,0x01c6,0x0000} }, /* U+90E1 郡 */
    { 0x90e2u, {0x095e,0x0952,0x0fd2,0x0952,0x055e,0x0440,0x0000,0x0ffe,0x0422,0x0452,0x038e,0x0000} }, /* U+90E2 郢 */
    { 0x90e4u, {0x0f44,0x0922,0x0910,0x0910,0x0922,0x0f44,0x0000,0x0ffe,0x0422,0x0452,0x038e,0x0000} }, /* U+90E4 郤 */
    { 0x90e8u, {0x0f24,0x093c,0x0927,0x0924,0x093c,0x0f24,0x0000,0x0ffe,0x0422,0x0452,0x038e,0x0000} }, /* U+90E8 部 */
    { 0x90edu, {0x0204,0x0a74,0x0a54,0x0f57,0x02d4,0x0274,0x0204,0x0ffe,0x0422,0x0452,0x038e,0x0000} }, /* U+90ED 郭 */
    { 0x90f5u, {0x092a,0x09fa,0x092a,0x0ffe,0x092a,0x09fa,0x0020,0x0ffe,0x0212,0x022a,0x01c6,0x0000} }, /* U+90F5 郵 */
    { 0x90f7u, {0x0198,0x0d54,0x0332,0x0000,0x07fe,0x044a,0x0f7e,0x0000,0x0ffe,0x0222,0x01de,0x0000} }, /* U+90F7 郷 */
    { 0x90fdu, {0x0124,0x0fa4,0x0aff,0x0aa4,0x0ab4,0x0fac,0x0000,0x0ffe,0x0422,0x0452,0x038e,0x0000} }, /* U+90FD 都 */
    { 0x9102u, {0x06ae,0x03aa,0x0aae,0x0aaa,0x0aaa,0x06ae,0x0000,0x0ffe,0x0422,0x0452,0x038e,0x0000} }, /* U+9102 鄂 */
    { 0x9112u, {0x0b18,0x06d7,0x03bc,0x0a94,0x0ad4,0x07bc,0x0000,0x0ffe,0x0422,0x0452,0x038e,0x0000} }, /* U+9112 鄒 */
    { 0x9119u, {0x0fae,0x08aa,0x0baa,0x0aba,0x0aaa,0x0fae,0x0020,0x0ffe,0x0422,0x0452,0x038e,0x0000} }, /* U+9119 鄙 */
    { 0x912du, {0x09f4,0x055f,0x0334,0x055c,0x0956,0x09f5,0x0100,0x0ffe,0x0422,0x0452,0x038e,0x0000} }, /* U+912D 鄭 */
    { 0x9130u, {0x0928,0x09de,0x0648,0x03ff,0x028c,0x0fda,0x02a8,0x0ffe,0x0422,0x0452,0x038e,0x0000} }, /* U+9130 鄰 */
    { 0x9132u, {0x05fe,0x0552,0x055e,0x0ff0,0x055e,0x05f2,0x0412,0x0ffe,0x0422,0x0452,0x038e,0x0000} }, /* U+9132 鄲 */
    { 0x9149u, {0x0000,0x0ff2,0x0a92,0x0a52,0x0a3e,0x0a12,0x0a7e,0x0a92,0x0a92,0x0a92,0x0ff2,0x0000} }, /* U+9149 酉 */
    { 0x914au, {0x0ff2,0x0a92,0x0a7e,0x0a92,0x0a92,0x0ff2,0x0000,0x0002,0x0802,0x0ffe,0x0002,0x0000} }, /* U+914A 酊 */
    { 0x914bu, {0x0004,0x0ff4,0x0a94,0x0a5f,0x0a34,0x0a14,0x0a74,0x0a9e,0x0a95,0x0ff4,0x0004,0x0000} }, /* U+914B 酋 */
    { 0x914cu, {0x0ff2,0x0a92,0x0a7e,0x0a92,0x0ff2,0x0010,0x004f,0x0884,0x0804,0x0404,0x03fc,0x0000} }, /* U+914C 酌 */
    { 0x914du, {0x0ff2,0x0a92,0x0a7e,0x0a92,0x0ff2,0x0000,0x0fe2,0x0822,0x0822,0x0822,0x0e3e,0x0000} }, /* U+914D 配 */
    { 0x914eu, {0x0ff2,0x0a92,0x0a7e,0x0a92,0x0ff2,0x0008,0x0048,0x0888,0x0808,0x0fff,0x0008,0x0000} }, /* U+914E 酎 */
    { 0x9152u, {0x0824,0x0448,0x0200,0x0000,0x0ff2,0x0a92,0x0a7e,0x0a12,0x0afe,0x0a92,0x0ff2,0x0000} }, /* U+9152 酒 */
    { 0x9154u, {0x0ff2,0x0a92,0x0a7e,0x0a92,0x0ff2,0x0104,0x0164,0x011f,0x0fc4,0x013c,0x0120,0x0000} }, /* U+9154 酔 */
    { 0x9156u, {0x0ff2,0x0a92,0x0a7e,0x0892,0x0ff2,0x041c,0x0384,0x007f,0x0fc4,0x0804,0x0e3c,0x0000} }, /* U+9156 酖 */
    { 0x9158u, {0x0ff2,0x0a92,0x0a7e,0x0892,0x0ff2,0x08a0,0x0b9e,0x0482,0x0482,0x0abe,0x09a0,0x0000} }, /* U+9158 酘 */
    { 0x9162u, {0x0ff2,0x0a92,0x0a7e,0x0a92,0x0ff2,0x000f,0x0004,0x0ffc,0x0124,0x0124,0x0124,0x0000} }, /* U+9162 酢 */
    { 0x9163u, {0x0ff2,0x0a92,0x0a7e,0x0a92,0x0ff2,0x0008,0x0ffe,0x0888,0x0888,0x0888,0x0ffe,0x0000} }, /* U+9163 酣 */
    { 0x9165u, {0x0ff2,0x0a92,0x0a7e,0x0892,0x0ff2,0x0224,0x0124,0x00a4,0x0ffc,0x0122,0x0222,0x0000} }, /* U+9165 酥 */
    { 0x9169u, {0x0ff2,0x0a92,0x0a7e,0x0a92,0x0ff2,0x0120,0x0f98,0x08a7,0x08c4,0x08a4,0x0f9c,0x0000} }, /* U+9169 酩 */
    { 0x916au, {0x0ff2,0x0a5e,0x0a92,0x0ff2,0x0110,0x0f88,0x0957,0x0924,0x0924,0x0954,0x0f8c,0x0000} }, /* U+916A 酪 */
    { 0x916cu, {0x0ff2,0x0a92,0x0a7e,0x0a92,0x0ff2,0x0420,0x03fe,0x0020,0x07fe,0x0020,0x0ffe,0x0000} }, /* U+916C 酬 */
    { 0x9172u, {0x0ff2,0x0a92,0x0a7e,0x0892,0x0ff2,0x0840,0x095e,0x0952,0x0fd2,0x0952,0x095e,0x0000} }, /* U+9172 酲 */
    { 0x9173u, {0x0ff2,0x0a92,0x0a7e,0x0892,0x0ff2,0x0042,0x0fc4,0x056a,0x0551,0x0548,0x0fe4,0x0000} }, /* U+9173 酳 */
    { 0x9175u, {0x0ff2,0x0a92,0x0a7e,0x0a92,0x0ff2,0x0124,0x02a4,0x0aff,0x0ea4,0x03b4,0x02ac,0x0000} }, /* U+9175 酵 */
    { 0x9177u, {0x0ff2,0x0a92,0x0a7e,0x0a92,0x0ff2,0x0050,0x0f4e,0x0948,0x097f,0x0948,0x0f48,0x0000} }, /* U+9177 酷 */
    { 0x9178u, {0x0ff2,0x0a92,0x0a7e,0x0a92,0x0ff2,0x094c,0x0b4b,0x04b8,0x0488,0x0bfe,0x0848,0x0000} }, /* U+9178 酸 */
    { 0x9182u, {0x0ff2,0x0a92,0x0a7e,0x0a92,0x0ff2,0x0048,0x0fff,0x0088,0x0048,0x0fff,0x0088,0x0000} }, /* U+9182 醂 */
    { 0x9187u, {0x0ff2,0x0a92,0x0a7e,0x0a92,0x0ff2,0x0204,0x0274,0x0a54,0x0f57,0x02d4,0x0274,0x0000} }, /* U+9187 醇 */
    { 0x9189u, {0x0ff2,0x0a92,0x0a7e,0x0a92,0x0ff2,0x0124,0x011c,0x0164,0x0f87,0x011c,0x0164,0x0000} }, /* U+9189 醉 */
    { 0x918bu, {0x0ff2,0x0a92,0x0a7e,0x0a92,0x0ff2,0x0024,0x0fbf,0x0aa4,0x0aa4,0x0abf,0x0fa4,0x0000} }, /* U+918B 醋 */
    { 0x918du, {0x0ff2,0x0a92,0x0a7e,0x0a92,0x0ff2,0x0880,0x06be,0x04aa,0x07aa,0x0aaa,0x0abe,0x0000} }, /* U+918D 醍 */
    { 0x9190u, {0x0ff2,0x0a5e,0x0a92,0x0ff2,0x0448,0x047f,0x0c48,0x07fe,0x0092,0x0892,0x0ffe,0x0000} }, /* U+9190 醐 */
    { 0x9192u, {0x0ff2,0x0a92,0x0a7e,0x0a92,0x0ff2,0x0100,0x0afe,0x0aaa,0x0fea,0x0aaa,0x0abe,0x0000} }, /* U+9192 醒 */
    { 0x9197u, {0x0ff2,0x0a5e,0x0a92,0x0ff2,0x0148,0x0d32,0x03ee,0x0120,0x0fee,0x0930,0x0d4c,0x0000} }, /* U+9197 醗 */
    { 0x919cu, {0x0ff2,0x0a92,0x0a7e,0x0a92,0x0ffe,0x0494,0x0296,0x07fd,0x0894,0x0b94,0x0cfc,0x0000} }, /* U+919C 醜 */
    { 0x91a2u, {0x0ff2,0x0a92,0x0a7e,0x0892,0x0ff2,0x0824,0x0f74,0x095f,0x0f54,0x0954,0x0f74,0x0000} }, /* U+91A2 醢 */
    { 0x91a4u, {0x00a2,0x0f94,0x0a80,0x0afe,0x0980,0x08b6,0x0bd2,0x0a96,0x0a92,0x0ffa,0x0096,0x0000} }, /* U+91A4 醤 */
    { 0x91aau, {0x0ff2,0x0a92,0x0a7e,0x0892,0x0ff2,0x0096,0x0a8a,0x0a7e,0x094a,0x0556,0x048a,0x013e} }, /* U+91AA 醪 */
    { 0x91abu, {0x00fe,0x0f8a,0x0aea,0x0a9e,0x09aa,0x0890,0x0bde,0x0aaa,0x0aaa,0x0fde,0x0088,0x0000} }, /* U+91AB 醫 */
    { 0x91afu, {0x0ff2,0x0a5e,0x0a92,0x0ff2,0x0924,0x0ae4,0x0e34,0x0aef,0x0e24,0x0af4,0x0ea4,0x0000} }, /* U+91AF 醯 */
    { 0x91b4u, {0x0ff2,0x0a92,0x0a7e,0x0892,0x0ffe,0x0854,0x09ff,0x0f54,0x097f,0x0f54,0x09fc,0x0000} }, /* U+91B4 醴 */
    { 0x91b5u, {0x0ff2,0x0a92,0x0a7e,0x0a92,0x0ffa,0x0528,0x0528,0x0aff,0x0faa,0x02aa,0x0598,0x0000} }, /* U+91B5 醵 */
    { 0x91b8u, {0x0ff2,0x0a3e,0x0a52,0x0ff2,0x0524,0x0d54,0x0bfc,0x0957,0x0354,0x05fc,0x0b54,0x0000} }, /* U+91B8 醸 */
    { 0x91bau, {0x0ff2,0x0a92,0x0a7e,0x0892,0x0ff8,0x015a,0x0d4a,0x01fe,0x0d5a,0x014a,0x0d7a,0x0000} }, /* U+91BA 醺 */
    { 0x91c0u, {0x0ff2,0x0a5e,0x0a92,0x0ff6,0x055c,0x0d54,0x0bfc,0x0947,0x03fc,0x0554,0x0b5c,0x0000} }, /* U+91C0 釀 */
    { 0x91c1u, {0x067e,0x03aa,0x0aaa,0x0aa0,0x067e,0x022a,0x0afe,0x0aa0,0x0eaa,0x03aa,0x067e,0x0000} }, /* U+91C1 釁 */
    { 0x91c6u, {0x0440,0x044c,0x0254,0x0244,0x0144,0x0ffc,0x00c2,0x0142,0x0252,0x044a,0x0440,0x0000} }, /* U+91C6 釆 */
    { 0x91c7u, {0x0480,0x048a,0x0292,0x0282,0x0186,0x0fca,0x0082,0x01a2,0x0292,0x048a,0x0480,0x0000} }, /* U+91C7 采 */
    { 0x91c8u, {0x0454,0x0244,0x0ffc,0x0152,0x024a,0x0c00,0x03fe,0x0022,0x00e2,0x0322,0x0c3e,0x0000} }, /* U+91C8 釈 */
    { 0x91c9u, {0x0454,0x0244,0x0ffc,0x0152,0x024a,0x0ff8,0x0888,0x0888,0x0fff,0x0888,0x0ff8,0x0000} }, /* U+91C9 釉 */
    { 0x91cbu, {0x0454,0x0244,0x0ffc,0x0252,0x054e,0x052a,0x05ee,0x0f3a,0x052e,0x05ea,0x052e,0x0000} }, /* U+91CB 釋 */
    { 0x91ccu, {0x0800,0x097e,0x094a,0x094a,0x094a,0x0ffe,0x094a,0x094a,0x094a,0x097e,0x0800,0x0000} }, /* U+91CC 里 */
    { 0x91cdu, {0x0808,0x080a,0x0afa,0x0aaa,0x0aaa,0x0ffe,0x0aaa,0x0aaa,0x0afa,0x0a0a,0x0808,0x0000} }, /* U+91CD 重 */
    { 0x91ceu, {0x097e,0x094a,0x0ffe,0x094a,0x097e,0x0020,0x0022,0x082a,0x0ff2,0x012a,0x00e6,0x0000} }, /* U+91CE 野 */
    { 0x91cfu, {0x0820,0x0a20,0x0bfe,0x0aaa,0x0aaa,0x0fea,0x0aaa,0x0aaa,0x0bfe,0x0a20,0x0820,0x0000} }, /* U+91CF 量 */
    { 0x91d0u, {0x064a,0x01ea,0x083e,0x0bea,0x0aaa,0x0aa8,0x0ff7,0x0aa4,0x0ab4,0x0bec,0x0824,0x0000} }, /* U+91D0 釐 */
    { 0x91d1u, {0x0820,0x0a90,0x0c88,0x0894,0x0892,0x0ff2,0x0892,0x0894,0x0c88,0x0a90,0x0820,0x0000} }, /* U+91D1 金 */
    { 0x91d6u, {0x0b58,0x0854,0x0ff2,0x0952,0x0854,0x0302,0x00c2,0x083e,0x0802,0x0402,0x03fe,0x0000} }, /* U+91D6 釖 */
    { 0x91d8u, {0x0b58,0x0854,0x0ff2,0x0852,0x0b54,0x0000,0x0002,0x0802,0x0802,0x0ffe,0x0002,0x0000} }, /* U+91D8 釘 */
    { 0x91dbu, {0x0b58,0x0854,0x0ff2,0x0952,0x0854,0x0308,0x00c8,0x083f,0x0808,0x0408,0x03f8,0x0000} }, /* U+91DB 釛 */
    { 0x91dcu, {0x0824,0x0924,0x0b52,0x0d52,0x094c,0x0fc8,0x094c,0x0d52,0x0b52,0x0924,0x0824,0x0000} }, /* U+91DC 釜 */
    { 0x91ddu, {0x0b58,0x0854,0x0ff2,0x0852,0x0b52,0x0844,0x0010,0x0010,0x0010,0x0fff,0x0010,0x0000} }, /* U+91DD 針 */
    { 0x91dfu, {0x0b58,0x0854,0x0ff2,0x0952,0x0854,0x0600,0x01f2,0x0002,0x0002,0x01fe,0x0e00,0x0000} }, /* U+91DF 釟 */
    { 0x91e1u, {0x0824,0x0924,0x0b52,0x0d52,0x0948,0x0fc8,0x0948,0x0d52,0x0b52,0x0924,0x0824,0x0000} }, /* U+91E1 釡 */
    { 0x91e3u, {0x0b58,0x0854,0x0ff2,0x0852,0x0b44,0x0018,0x0047,0x0884,0x0804,0x0404,0x03fc,0x0000} }, /* U+91E3 釣 */
    { 0x91e6u, {0x0b58,0x0854,0x0ff2,0x0852,0x0b54,0x0000,0x0ffe,0x0802,0x0802,0x0802,0x0ffe,0x0000} }, /* U+91E6 釦 */
    { 0x91e7u, {0x0b58,0x0854,0x0ff2,0x0952,0x0054,0x0c00,0x03fe,0x0000,0x03fc,0x0000,0x0ffe,0x0000} }, /* U+91E7 釧 */
    { 0x91f5u, {0x0b58,0x0854,0x0ff2,0x0952,0x0854,0x0402,0x044a,0x0292,0x0302,0x04c2,0x083e,0x0000} }, /* U+91F5 釵 */
    { 0x91f6u, {0x0b58,0x0854,0x0ff2,0x0952,0x0020,0x0ffc,0x0810,0x09ff,0x0808,0x0884,0x0efc,0x0000} }, /* U+91F6 釶 */
    { 0x91fcu, {0x0b58,0x0854,0x0ff2,0x0952,0x0854,0x0302,0x00d2,0x083e,0x0842,0x0482,0x03fe,0x0000} }, /* U+91FC 釼 */
    { 0x91ffu, {0x0b58,0x0854,0x0ff2,0x0852,0x0b54,0x0400,0x03fc,0x0024,0x0024,0x0fe2,0x0022,0x0000} }, /* U+91FF 釿 */
    { 0x920du, {0x0b58,0x0854,0x0ff2,0x0952,0x0808,0x01e8,0x0088,0x0fff,0x0884,0x0884,0x0cf4,0x0000} }, /* U+920D 鈍 */
    { 0x920eu, {0x0b58,0x0854,0x0ff2,0x0952,0x0858,0x0387,0x0274,0x0204,0x0b84,0x0804,0x07fc,0x0000} }, /* U+920E 鈎 */
    { 0x9211u, {0x0b58,0x0854,0x0ff2,0x0852,0x0b54,0x0000,0x0bfe,0x0812,0x04d2,0x0312,0x0cf2,0x0000} }, /* U+9211 鈑 */
    { 0x9214u, {0x0b58,0x0854,0x0ff2,0x0852,0x0b50,0x0808,0x0880,0x04ff,0x0400,0x0208,0x0110,0x0000} }, /* U+9214 鈔 */
    { 0x9215u, {0x0b58,0x0854,0x0ff2,0x0852,0x0b50,0x0842,0x0fc2,0x087e,0x0842,0x0842,0x0ffe,0x0000} }, /* U+9215 鈕 */
    { 0x921eu, {0x0b58,0x0854,0x0ff2,0x0952,0x0844,0x0218,0x0227,0x0924,0x0924,0x0404,0x03fc,0x0000} }, /* U+921E 鈞 */
    { 0x9229u, {0x0b58,0x0854,0x0ff2,0x0852,0x0b54,0x0800,0x07f2,0x0092,0x0092,0x0092,0x00f2,0x0000} }, /* U+9229 鈩 */
    { 0x922cu, {0x0b58,0x0854,0x0ff2,0x0852,0x0b54,0x0400,0x03fe,0x0022,0x00e2,0x0322,0x0c3e,0x0000} }, /* U+922C 鈬 */
    { 0x9234u, {0x0b58,0x0854,0x0ff2,0x0952,0x0840,0x0098,0x0094,0x0f92,0x0092,0x0492,0x0794,0x0000} }, /* U+9234 鈴 */
    { 0x9237u, {0x0b58,0x0854,0x0ff2,0x0952,0x0054,0x0f88,0x0888,0x0888,0x08ff,0x0888,0x0f88,0x0000} }, /* U+9237 鈷 */
    { 0x923fu, {0x0b58,0x0854,0x0ff2,0x0952,0x0800,0x0ffe,0x0842,0x0ffe,0x0842,0x0842,0x0ffe,0x0000} }, /* U+923F 鈿 */
    { 0x9244u, {0x0b58,0x0854,0x0ff2,0x0852,0x0b44,0x0830,0x044e,0x0248,0x01ff,0x0248,0x0c48,0x0000} }, /* U+9244 鉄 */
    { 0x9245u, {0x0b58,0x0854,0x0ff2,0x0852,0x0b54,0x0000,0x0ffe,0x0892,0x0892,0x0892,0x08f2,0x0000} }, /* U+9245 鉅 */
    { 0x9248u, {0x0b58,0x0854,0x0ff2,0x0852,0x0b5c,0x0004,0x0ff4,0x0887,0x0884,0x0844,0x0e5c,0x0000} }, /* U+9248 鉈 */
    { 0x9249u, {0x0b58,0x0854,0x0ff2,0x0852,0x0304,0x0c44,0x0aa4,0x0917,0x088c,0x0844,0x0e24,0x0000} }, /* U+9249 鉉 */
    { 0x924bu, {0x0b58,0x0854,0x0ff2,0x0852,0x0b54,0x0008,0x0ff7,0x0894,0x08f4,0x0904,0x0dfc,0x0000} }, /* U+924B 鉋 */
    { 0x9250u, {0x0b58,0x0854,0x0ff2,0x0852,0x0b54,0x0082,0x0fc2,0x0862,0x085e,0x0842,0x0fc2,0x0000} }, /* U+9250 鉐 */
    { 0x9257u, {0x0b58,0x0854,0x0ff2,0x0852,0x0b54,0x0008,0x0fff,0x0888,0x0888,0x0888,0x0ffe,0x0000} }, /* U+9257 鉗 */
    { 0x925au, {0x0b58,0x0854,0x0ff2,0x0852,0x01fc,0x0d04,0x03f2,0x0002,0x0ffe,0x0202,0x03fe,0x0000} }, /* U+925A 鉚 */
    { 0x925bu, {0x0b58,0x0854,0x0ff2,0x0852,0x0b04,0x0060,0x0f98,0x0882,0x0882,0x088e,0x0fb0,0x0000} }, /* U+925B 鉛 */
    { 0x925eu, {0x0b58,0x0854,0x0ff2,0x0952,0x0840,0x07fc,0x0204,0x0904,0x047f,0x0384,0x0c66,0x0000} }, /* U+925E 鉞 */
    { 0x9262u, {0x0b58,0x0854,0x0ff2,0x0852,0x0954,0x0288,0x0248,0x0228,0x0fff,0x0248,0x0288,0x0000} }, /* U+9262 鉢 */
    { 0x9264u, {0x0b58,0x0854,0x0ff2,0x0852,0x0b44,0x0018,0x01e7,0x0124,0x09e4,0x0804,0x07fc,0x0000} }, /* U+9264 鉤 */
    { 0x9266u, {0x0b58,0x0854,0x0ff2,0x0852,0x0b54,0x0802,0x0fe2,0x0802,0x0ffe,0x0842,0x0842,0x0000} }, /* U+9266 鉦 */
    { 0x9271u, {0x0b58,0x0854,0x0ff2,0x0852,0x0b00,0x00fc,0x0c04,0x0b87,0x0874,0x0804,0x0e04,0x0000} }, /* U+9271 鉱 */
    { 0x927eu, {0x0b58,0x0854,0x0ff2,0x0852,0x0b00,0x02ec,0x024a,0x0249,0x0ff8,0x0248,0x025c,0x0000} }, /* U+927E 鉾 */
    { 0x9280u, {0x0b58,0x0854,0x0ff2,0x0852,0x0b54,0x0000,0x0ffe,0x084a,0x03ca,0x044a,0x0b7e,0x0000} }, /* U+9280 銀 */
    { 0x9283u, {0x0b58,0x0854,0x0ff2,0x0952,0x0844,0x0464,0x03dc,0x0047,0x0fc4,0x0834,0x0cc4,0x0000} }, /* U+9283 銃 */
    { 0x9285u, {0x0b58,0x0854,0x0ff2,0x0852,0x0ffe,0x0002,0x0392,0x0292,0x0392,0x0802,0x0ffe,0x0000} }, /* U+9285 銅 */
    { 0x9291u, {0x0b58,0x0854,0x0ff2,0x0852,0x0b40,0x085e,0x0448,0x03c8,0x007f,0x0fc8,0x0848,0x0000} }, /* U+9291 銑 */
    { 0x9293u, {0x0b58,0x0854,0x0ff2,0x0852,0x0b40,0x0832,0x092a,0x0926,0x0fe2,0x0924,0x0928,0x0000} }, /* U+9293 銓 */
    { 0x9295u, {0x0b58,0x0854,0x0ff2,0x0952,0x0844,0x09d4,0x0554,0x03ff,0x0554,0x0954,0x0b74,0x0000} }, /* U+9295 銕 */
    { 0x9296u, {0x0b58,0x0854,0x0ff2,0x0852,0x0b50,0x044e,0x0248,0x0148,0x0fff,0x0248,0x0448,0x0000} }, /* U+9296 銖 */
    { 0x9298u, {0x0b58,0x0854,0x0ff2,0x0852,0x0954,0x0120,0x0f98,0x08a7,0x08c4,0x08a4,0x0f9c,0x0000} }, /* U+9298 銘 */
    { 0x929au, {0x0b58,0x0854,0x0ff2,0x0a52,0x0908,0x0490,0x03fe,0x0000,0x07ff,0x0848,0x0c84,0x0000} }, /* U+929A 銚 */
    { 0x929bu, {0x0b58,0x0854,0x0ff2,0x0852,0x0b54,0x0020,0x0f24,0x0924,0x09fc,0x0922,0x0f22,0x0000} }, /* U+929B 銛 */
    { 0x929cu, {0x0088,0x0fc4,0x0022,0x0b58,0x0854,0x0ff2,0x0852,0x0b54,0x0022,0x0822,0x0fe2,0x0000} }, /* U+929C 銜 */
    { 0x92adu, {0x0b58,0x0854,0x0ff2,0x0852,0x0b44,0x0454,0x0454,0x03ff,0x0654,0x0954,0x08d6,0x0000} }, /* U+92AD 銭 */
    { 0x92b7u, {0x0b58,0x0854,0x0ff2,0x0952,0x0808,0x0fe4,0x02a0,0x02bf,0x02a0,0x0aa4,0x0fe8,0x0000} }, /* U+92B7 銷 */
    { 0x92b9u, {0x0b58,0x0854,0x0ff2,0x0952,0x0828,0x04aa,0x039a,0x00fe,0x098a,0x092a,0x074a,0x0000} }, /* U+92B9 銹 */
    { 0x92cfu, {0x0b58,0x0854,0x0ff2,0x0852,0x0b44,0x0434,0x0244,0x01ff,0x0244,0x0434,0x08c4,0x0000} }, /* U+92CF 鋏 */
    { 0x92d2u, {0x0b58,0x0854,0x0ff2,0x0852,0x0b24,0x0464,0x055a,0x0552,0x0ff2,0x055a,0x0566,0x0000} }, /* U+92D2 鋒 */
    { 0x92e4u, {0x0b58,0x0854,0x0ff2,0x0840,0x0ffe,0x0892,0x0ffe,0x0208,0x09ff,0x0808,0x07f8,0x0000} }, /* U+92E4 鋤 */
    { 0x92e9u, {0x0b58,0x0854,0x0ff2,0x0852,0x0b54,0x0044,0x07cf,0x0874,0x0844,0x084f,0x0844,0x0000} }, /* U+92E9 鋩 */
    { 0x92eau, {0x0b58,0x0854,0x0ff2,0x0952,0x0004,0x0ff4,0x0154,0x0fff,0x0154,0x0954,0x0ff6,0x0000} }, /* U+92EA 鋪 */
    { 0x92edu, {0x0b58,0x0854,0x0ff2,0x0952,0x0804,0x0479,0x03ca,0x0048,0x0fcc,0x084b,0x0c78,0x0000} }, /* U+92ED 鋭 */
    { 0x92f2u, {0x0b58,0x0854,0x0ff2,0x0952,0x0854,0x0900,0x05fc,0x0114,0x0112,0x05f2,0x0910,0x0000} }, /* U+92F2 鋲 */
    { 0x92f3u, {0x0b58,0x0854,0x0ff2,0x0852,0x0544,0x0354,0x05d4,0x017f,0x0954,0x0fd4,0x0154,0x0000} }, /* U+92F3 鋳 */
    { 0x92f8u, {0x0b58,0x0854,0x0ff2,0x0852,0x0b44,0x00fe,0x0f2a,0x092a,0x09fa,0x092a,0x0f2e,0x0000} }, /* U+92F8 鋸 */
    { 0x92fau, {0x0b58,0x0854,0x0ff2,0x0952,0x08fc,0x0514,0x03f4,0x0007,0x0ff4,0x0914,0x0dfc,0x0000} }, /* U+92FA 鋺 */
    { 0x92fcu, {0x0b58,0x0854,0x0ff2,0x0840,0x0ffe,0x0222,0x03fa,0x0222,0x033a,0x0822,0x0ffe,0x0000} }, /* U+92FC 鋼 */
    { 0x9306u, {0x0b58,0x0854,0x0ff2,0x0852,0x0b50,0x0044,0x0fd4,0x0554,0x057f,0x0554,0x0fd4,0x0000} }, /* U+9306 錆 */
    { 0x930fu, {0x0b58,0x0854,0x0ff2,0x0952,0x0844,0x08f2,0x0f9e,0x0802,0x0f9e,0x0892,0x08f2,0x0000} }, /* U+930F 錏 */
    { 0x9310u, {0x0b58,0x0854,0x0ff2,0x0952,0x0844,0x0ff8,0x092f,0x0928,0x0ff8,0x092e,0x0928,0x0000} }, /* U+9310 錐 */
    { 0x9318u, {0x0b58,0x0854,0x0ff2,0x0852,0x0928,0x09fa,0x092a,0x0ffe,0x092a,0x092a,0x09fa,0x0000} }, /* U+9318 錘 */
    { 0x9319u, {0x0b58,0x0854,0x0ff2,0x0952,0x0844,0x0f98,0x0ae6,0x0a98,0x0fe6,0x0a98,0x0fe6,0x0000} }, /* U+9319 錙 */
    { 0x931au, {0x0b58,0x0854,0x0ff2,0x0952,0x0898,0x02a6,0x0aa2,0x0aae,0x0fe2,0x02a6,0x03ea,0x0000} }, /* U+931A 錚 */
    { 0x9320u, {0x0b58,0x0854,0x0ff2,0x0952,0x084c,0x0724,0x0424,0x07e7,0x0924,0x0924,0x092c,0x0000} }, /* U+9320 錠 */
    { 0x9322u, {0x0b58,0x0854,0x0ff2,0x0952,0x0844,0x09e4,0x06af,0x0494,0x0ad4,0x09ac,0x0cb6,0x0000} }, /* U+9322 錢 */
    { 0x9323u, {0x0b58,0x0854,0x0ff2,0x0850,0x0aaa,0x0492,0x0bae,0x0000,0x0aaa,0x0492,0x0bae,0x0000} }, /* U+9323 錣 */
    { 0x9326u, {0x0b58,0x0854,0x0ff2,0x0952,0x0800,0x0f7c,0x0154,0x0fd6,0x0155,0x0954,0x0f7c,0x0000} }, /* U+9326 錦 */
    { 0x9328u, {0x0b58,0x0854,0x0ff2,0x0952,0x0844,0x0fe4,0x093f,0x0fe4,0x0924,0x093f,0x0fe4,0x0000} }, /* U+9328 錨 */
    { 0x932bu, {0x0b58,0x0854,0x0ff2,0x0952,0x0800,0x02fe,0x09aa,0x04aa,0x0baa,0x08be,0x0780,0x0000} }, /* U+932B 錫 */
    { 0x932cu, {0x0b58,0x0854,0x0ff2,0x0852,0x09f4,0x0554,0x0354,0x0fff,0x0154,0x0554,0x09f4,0x0000} }, /* U+932C 錬 */
    { 0x932eu, {0x0b58,0x0854,0x0ff2,0x0852,0x0ffe,0x0812,0x0bd2,0x0a7e,0x0bd2,0x0812,0x0ffe,0x0000} }, /* U+932E 錮 */
    { 0x932fu, {0x0b58,0x0854,0x0ff2,0x0952,0x0850,0x0fa4,0x0abf,0x0aa4,0x0aa4,0x0abf,0x0fa4,0x0000} }, /* U+932F 錯 */
    { 0x9332u, {0x0b58,0x0854,0x0ff2,0x0452,0x02a0,0x09aa,0x082a,0x0fea,0x012a,0x02be,0x0460,0x0000} }, /* U+9332 録 */
    { 0x9335u, {0x0b58,0x0854,0x0ff2,0x0852,0x0944,0x0084,0x0fef,0x0004,0x0fe4,0x088f,0x0c44,0x0000} }, /* U+9335 錵 */
    { 0x933au, {0x0b58,0x0854,0x0ff2,0x0952,0x0824,0x0324,0x00ef,0x08b4,0x08a4,0x04af,0x03a4,0x0000} }, /* U+933A 錺 */
    { 0x933bu, {0x0b58,0x0854,0x0ff2,0x0852,0x0f54,0x0814,0x07f4,0x0490,0x049f,0x03f0,0x0c16,0x0000} }, /* U+933B 錻 */
    { 0x9344u, {0x0b58,0x0854,0x0ff2,0x0952,0x0444,0x02f4,0x0894,0x0f97,0x0094,0x02f4,0x0404,0x0000} }, /* U+9344 鍄 */
    { 0x934bu, {0x0b58,0x0854,0x0ff2,0x0852,0x0fc0,0x007e,0x0742,0x057a,0x074a,0x087e,0x0fc0,0x0000} }, /* U+934B 鍋 */
    { 0x934du, {0x0b58,0x0854,0x0ff2,0x0852,0x0bfc,0x0814,0x0b7c,0x0557,0x0554,0x0b7c,0x0814,0x0000} }, /* U+934D 鍍 */
    { 0x9354u, {0x0b58,0x0854,0x0ff2,0x0852,0x008e,0x06aa,0x03ae,0x0aa0,0x0aae,0x0aaa,0x06ae,0x0000} }, /* U+9354 鍔 */
    { 0x9356u, {0x0b58,0x0854,0x0ff2,0x0952,0x0044,0x0f84,0x0aff,0x0994,0x0894,0x0bff,0x0a84,0x0000} }, /* U+9356 鍖 */
    { 0x935bu, {0x0b58,0x0854,0x0ff2,0x0852,0x0ffe,0x094a,0x094a,0x07be,0x0482,0x0bbe,0x0820,0x0000} }, /* U+935B 鍛 */
    { 0x935cu, {0x0b58,0x0854,0x0ff2,0x0852,0x0ffe,0x0292,0x0a9e,0x0842,0x0752,0x0452,0x0bde,0x0000} }, /* U+935C 鍜 */
    { 0x9360u, {0x0b58,0x0854,0x0ff2,0x0952,0x0840,0x097c,0x0954,0x0fd6,0x0955,0x0954,0x097c,0x0000} }, /* U+9360 鍠 */
    { 0x936cu, {0x0b58,0x0854,0x0ff2,0x0a52,0x0124,0x0ffc,0x0422,0x0322,0x00ff,0x0380,0x0c38,0x0000} }, /* U+936C 鍬 */
    { 0x936eu, {0x0b58,0x0854,0x0ff2,0x0850,0x0fd2,0x054a,0x0fd6,0x0312,0x0cd2,0x0314,0x0cd8,0x0000} }, /* U+936E 鍮 */
    { 0x9375u, {0x0b58,0x0854,0x0ff2,0x0952,0x0464,0x07dc,0x0910,0x0954,0x0bff,0x0954,0x097c,0x0000} }, /* U+9375 鍵 */
    { 0x937cu, {0x0b58,0x0854,0x0ff2,0x0952,0x0c40,0x03fc,0x0954,0x09d4,0x047f,0x0384,0x0c66,0x0000} }, /* U+937C 鍼 */
    { 0x937eu, {0x0b58,0x0854,0x0ff2,0x0952,0x0840,0x0afa,0x0aaa,0x0ffe,0x0aaa,0x0aaa,0x0afa,0x0000} }, /* U+937E 鍾 */
    { 0x938cu, {0x0b58,0x0854,0x0ff2,0x0952,0x0844,0x0554,0x0fff,0x0154,0x0ffe,0x0555,0x09f4,0x0000} }, /* U+938C 鎌 */
    { 0x9394u, {0x0b58,0x0854,0x0ff2,0x0a52,0x012c,0x0f94,0x094c,0x0927,0x092c,0x0954,0x0fac,0x0000} }, /* U+9394 鎔 */
    { 0x9396u, {0x0b58,0x0854,0x0ff2,0x0952,0x0000,0x09f6,0x0550,0x015f,0x0150,0x0554,0x09f2,0x0000} }, /* U+9396 鎖 */
    { 0x9397u, {0x0b58,0x0854,0x0ff2,0x0852,0x0b08,0x00fc,0x0eaa,0x0aaa,0x0aaa,0x0aaa,0x0efc,0x0000} }, /* U+9397 鎗 */
    { 0x939au, {0x0b58,0x0854,0x0ff2,0x0952,0x0444,0x03c8,0x0400,0x0bfe,0x0a55,0x0a54,0x0bdc,0x0000} }, /* U+939A 鎚 */
    { 0x93a7u, {0x0b58,0x0854,0x0ff2,0x0952,0x0840,0x09d6,0x0f54,0x0957,0x0954,0x0f54,0x09d6,0x0000} }, /* U+93A7 鎧 */
    { 0x93acu, {0x0b58,0x0854,0x0ff2,0x0852,0x0fc4,0x005c,0x0754,0x0557,0x0754,0x085c,0x0fc4,0x0000} }, /* U+93AC 鎬 */
    { 0x93adu, {0x0b58,0x0854,0x0ff2,0x0852,0x09c0,0x090f,0x05f4,0x0154,0x0154,0x0552,0x09fa,0x0000} }, /* U+93AD 鎭 */
    { 0x93aeu, {0x0b58,0x0854,0x0ff2,0x0852,0x0904,0x05f4,0x0154,0x015f,0x0154,0x0554,0x09f4,0x0000} }, /* U+93AE 鎮 */
    { 0x93b0u, {0x0b58,0x0854,0x0ff2,0x0852,0x0f18,0x0ac6,0x0e10,0x0a52,0x0e52,0x0ac6,0x0f18,0x0000} }, /* U+93B0 鎰 */
    { 0x93b9u, {0x0b58,0x0854,0x0ff2,0x0952,0x0704,0x0458,0x0a56,0x0950,0x08f2,0x0956,0x0a58,0x0000} }, /* U+93B9 鎹 */
    { 0x93c3u, {0x0b58,0x0854,0x0ff2,0x085a,0x0b88,0x087e,0x07c8,0x08bf,0x0494,0x03f4,0x0c94,0x0000} }, /* U+93C3 鏃 */
    { 0x93c8u, {0x0b58,0x0854,0x0ff2,0x0452,0x03d4,0x0504,0x097c,0x0954,0x0bff,0x0954,0x097c,0x0000} }, /* U+93C8 鏈 */
    { 0x93d0u, {0x0b58,0x0854,0x0ff2,0x0a40,0x0096,0x0a8a,0x0a7e,0x094a,0x0556,0x048a,0x013e,0x0000} }, /* U+93D0 鏐 */
    { 0x93d1u, {0x0b58,0x0854,0x0ff2,0x0852,0x0fe4,0x00a4,0x0ebc,0x0be7,0x0ea4,0x00bc,0x0fe4,0x0000} }, /* U+93D1 鏑 */
    { 0x93d6u, {0x0afc,0x0944,0x0bfc,0x0d54,0x0954,0x0fd7,0x0944,0x0d7c,0x0bd4,0x0954,0x0a54,0x0000} }, /* U+93D6 鏖 */
    { 0x93d7u, {0x0b58,0x0854,0x0ff2,0x0952,0x08fe,0x0aaa,0x0aee,0x0aba,0x0fca,0x0a32,0x0ace,0x0000} }, /* U+93D7 鏗 */
    { 0x93d8u, {0x0b58,0x0854,0x0ff2,0x0852,0x0fbc,0x00a0,0x0ffe,0x01a4,0x02aa,0x0892,0x0fee,0x0000} }, /* U+93D8 鏘 */
    { 0x93ddu, {0x0b58,0x0854,0x0ff2,0x0a52,0x08e0,0x09be,0x06ea,0x04aa,0x04ea,0x0bbe,0x08e0,0x0000} }, /* U+93DD 鏝 */
    { 0x93e1u, {0x0b58,0x0854,0x0ff2,0x0952,0x0844,0x0be4,0x06bc,0x02a7,0x0ea4,0x0bfc,0x0824,0x0000} }, /* U+93E1 鏡 */
    { 0x93e4u, {0x0b58,0x0854,0x0ff2,0x0852,0x0914,0x0bfc,0x0554,0x0554,0x05ff,0x0b54,0x09fc,0x0000} }, /* U+93E4 鏤 */
    { 0x93e5u, {0x0b58,0x0854,0x0ff2,0x0892,0x0fdc,0x0034,0x0fd4,0x0957,0x0974,0x0954,0x0fdc,0x0000} }, /* U+93E5 鏥 */
    { 0x93e8u, {0x0a44,0x097c,0x0bd4,0x0d7f,0x0954,0x0ffc,0x0944,0x0d7e,0x0b8a,0x090a,0x0afa,0x0000} }, /* U+93E8 鏨 */
    { 0x9403u, {0x0b58,0x0854,0x0ff2,0x0852,0x0954,0x09f4,0x0754,0x011f,0x0f54,0x09f4,0x0d54,0x0000} }, /* U+9403 鐃 */
    { 0x9407u, {0x0b58,0x0854,0x0ff2,0x0952,0x0044,0x0fd6,0x0aba,0x0a92,0x0ffe,0x0a9a,0x0fd6,0x0000} }, /* U+9407 鐇 */
    { 0x9410u, {0x0b58,0x0854,0x0ff2,0x0952,0x044c,0x01f4,0x095c,0x0f57,0x0154,0x055c,0x09f4,0x0000} }, /* U+9410 鐐 */
    { 0x9413u, {0x0b58,0x0854,0x0ff2,0x0244,0x0a74,0x0f57,0x02d4,0x0a74,0x04cf,0x0304,0x0cfc,0x0000} }, /* U+9413 鐓 */
    { 0x9414u, {0x0b58,0x0854,0x0ff2,0x0950,0x047a,0x07ca,0x057e,0x0d4a,0x057e,0x07ca,0x047a,0x0000} }, /* U+9414 鐔 */
    { 0x9418u, {0x0b58,0x0854,0x0ff2,0x0952,0x0844,0x0be4,0x0abc,0x0fe7,0x0aa4,0x0abc,0x0be4,0x0000} }, /* U+9418 鐘 */
    { 0x9419u, {0x0b58,0x0854,0x0ff2,0x0952,0x0848,0x0bb2,0x0eaa,0x0aa6,0x0aa8,0x0eb4,0x0baa,0x0000} }, /* U+9419 鐙 */
    { 0x941au, {0x0b58,0x0854,0x0ff2,0x0a50,0x00ba,0x06aa,0x08ee,0x0982,0x08ee,0x02aa,0x04ba,0x0000} }, /* U+941A 鐚 */
    { 0x9421u, {0x0b58,0x0854,0x0ff2,0x0852,0x0dd4,0x095f,0x0f54,0x09d4,0x047f,0x0390,0x0c76,0x0000} }, /* U+9421 鐡 */
    { 0x942bu, {0x0b58,0x0854,0x0ff2,0x0852,0x0f48,0x017c,0x0757,0x0454,0x077c,0x0957,0x0f54,0x0000} }, /* U+942B 鐫 */
    { 0x9435u, {0x0b58,0x0854,0x0ff2,0x0892,0x0af4,0x0f9f,0x0af4,0x0890,0x04ff,0x0310,0x0cd6,0x0000} }, /* U+9435 鐵 */
    { 0x9436u, {0x0b58,0x0854,0x0ff2,0x0950,0x042e,0x04ea,0x02ae,0x0faa,0x02ae,0x05ea,0x092e,0x0000} }, /* U+9436 鐶 */
    { 0x9438u, {0x0b58,0x0854,0x0ff2,0x0952,0x084e,0x052a,0x05ee,0x052a,0x0f3e,0x05ea,0x052e,0x0000} }, /* U+9438 鐸 */
    { 0x943au, {0x0b58,0x0854,0x0ff2,0x0852,0x0f9c,0x0a86,0x0abc,0x0fa7,0x0abc,0x0a86,0x0f9c,0x0000} }, /* U+943A 鐺 */
    { 0x9441u, {0x0b58,0x0854,0x0ff2,0x0850,0x0abe,0x0aaa,0x0574,0x052b,0x0574,0x0baa,0x08be,0x0000} }, /* U+9441 鑁 */
    { 0x9444u, {0x0b58,0x0854,0x0ff2,0x0842,0x0f14,0x0954,0x0f54,0x01df,0x0554,0x0954,0x0f34,0x0000} }, /* U+9444 鑄 */
    { 0x9451u, {0x0b58,0x0854,0x0ff2,0x0852,0x0f7e,0x092a,0x0fee,0x093a,0x0f4f,0x0948,0x0f48,0x0000} }, /* U+9451 鑑 */
    { 0x9452u, {0x0a7e,0x092a,0x0bae,0x0d6a,0x095a,0x0fc8,0x0977,0x0d54,0x0bf4,0x0954,0x0a74,0x0000} }, /* U+9452 鑒 */
    { 0x9453u, {0x0b58,0x0854,0x0ff2,0x0952,0x0454,0x07c0,0x083c,0x0be4,0x0abf,0x0ae4,0x0bbc,0x0000} }, /* U+9453 鑓 */
    { 0x945au, {0x0b58,0x0854,0x0ff2,0x0942,0x0054,0x0fb4,0x0a9f,0x0ab4,0x0ad4,0x0abf,0x0fd4,0x0000} }, /* U+945A 鑚 */
    { 0x945bu, {0x0b58,0x0854,0x0ff2,0x0952,0x087c,0x07d4,0x0554,0x057c,0x07d7,0x057c,0x0fd4,0x0000} }, /* U+945B 鑛 */
    { 0x945eu, {0x0b58,0x0854,0x0ff2,0x0842,0x0ffd,0x0548,0x085a,0x0fed,0x0558,0x01ca,0x0e7d,0x0000} }, /* U+945E 鑞 */
    { 0x9460u, {0x0b58,0x0854,0x0ff2,0x084a,0x0914,0x057c,0x0356,0x0fd5,0x017c,0x052a,0x0954,0x0000} }, /* U+9460 鑠 */
    { 0x9462u, {0x0b58,0x0854,0x0ff2,0x0a92,0x007c,0x0dc4,0x0957,0x0bfd,0x0955,0x05d4,0x084c,0x0000} }, /* U+9462 鑢 */
    { 0x946au, {0x0b58,0x0854,0x0ff2,0x0852,0x0e7c,0x0bc4,0x0e57,0x0bfd,0x0e55,0x0bd4,0x0e4c,0x0000} }, /* U+946A 鑪 */
    { 0x9470u, {0x0b58,0x0854,0x0ff2,0x0852,0x0f78,0x0554,0x0f72,0x0552,0x0f72,0x0554,0x0f78,0x0000} }, /* U+9470 鑰 */
    { 0x9475u, {0x0b58,0x0854,0x0ff2,0x0892,0x0fdc,0x0977,0x095c,0x0fc4,0x097f,0x0954,0x095c,0x0000} }, /* U+9475 鑵 */
    { 0x9477u, {0x0b58,0x0854,0x0ff2,0x0850,0x07e2,0x02be,0x0fea,0x042a,0x07ea,0x02be,0x0fe2,0x0000} }, /* U+9477 鑷 */
    { 0x947cu, {0x0b58,0x0854,0x0ff2,0x0850,0x05ae,0x0f5a,0x052e,0x0ffa,0x094e,0x0ffa,0x094e,0x0000} }, /* U+947C 鑼 */
    { 0x947du, {0x0b58,0x0854,0x0ff2,0x0942,0x005c,0x0fb4,0x0a9f,0x0ad4,0x0ab4,0x0aff,0x0f94,0x0000} }, /* U+947D 鑽 */
    { 0x947eu, {0x0a54,0x096a,0x0b94,0x0d40,0x097a,0x0fcb,0x097a,0x0d40,0x0b94,0x096a,0x0a54,0x0000} }, /* U+947E 鑾 */
    { 0x947fu, {0x0a14,0x0976,0x0bdc,0x0d76,0x095c,0x0ff6,0x0954,0x0d6e,0x0ba2,0x095e,0x0a50,0x0000} }, /* U+947F 鑿 */
    { 0x9481u, {0x0b58,0x0854,0x0ff2,0x0920,0x09fe,0x0b52,0x055e,0x05f0,0x055e,0x0b52,0x095e,0x0000} }, /* U+9481 钁 */
    { 0x9577u, {0x0080,0x0880,0x0ffe,0x08aa,0x08aa,0x09aa,0x02aa,0x04aa,0x04aa,0x0baa,0x0880,0x0000} }, /* U+9577 長 */
    { 0x9580u, {0x0ffe,0x002a,0x002a,0x002a,0x003e,0x0000,0x003e,0x002a,0x002a,0x082a,0x0ffe,0x0000} }, /* U+9580 門 */
    { 0x9582u, {0x0ffe,0x002a,0x012a,0x012a,0x013e,0x0100,0x013e,0x012a,0x012a,0x082a,0x0ffe,0x0000} }, /* U+9582 閂 */
    { 0x9583u, {0x0ffe,0x002a,0x002a,0x042a,0x023e,0x0180,0x023e,0x042a,0x002a,0x082a,0x0ffe,0x0000} }, /* U+9583 閃 */
    { 0x9587u, {0x0ffe,0x002a,0x00aa,0x00aa,0x00be,0x0f80,0x02be,0x04aa,0x00aa,0x082a,0x0ffe,0x0000} }, /* U+9587 閇 */
    { 0x9589u, {0x0ffe,0x002a,0x04aa,0x04aa,0x02be,0x0980,0x0ffe,0x00aa,0x00aa,0x082a,0x0ffe,0x0000} }, /* U+9589 閉 */
    { 0x958au, {0x0ffe,0x002a,0x072a,0x042a,0x043e,0x0780,0x043e,0x042a,0x072a,0x082a,0x0ffe,0x0000} }, /* U+958A 閊 */
    { 0x958bu, {0x0ffe,0x002a,0x02aa,0x0aaa,0x07be,0x0280,0x0fbe,0x02aa,0x02aa,0x082a,0x0ffe,0x0000} }, /* U+958B 開 */
    { 0x958fu, {0x0ffe,0x002a,0x08aa,0x0aaa,0x0abe,0x0f80,0x0abe,0x0aaa,0x08aa,0x002a,0x0ffe,0x0000} }, /* U+958F 閏 */
    { 0x9591u, {0x0ffe,0x002a,0x04aa,0x04aa,0x02be,0x0fc0,0x02be,0x04aa,0x04aa,0x082a,0x0ffe,0x0000} }, /* U+9591 閑 */
    { 0x9593u, {0x0ffe,0x002a,0x002a,0x0faa,0x0abe,0x0a80,0x0abe,0x0faa,0x002a,0x082a,0x0ffe,0x0000} }, /* U+9593 間 */
    { 0x9594u, {0x0ffe,0x002a,0x00aa,0x08aa,0x0bbe,0x04c0,0x0bbe,0x08aa,0x00aa,0x082a,0x0ffe,0x0000} }, /* U+9594 閔 */
    { 0x9596u, {0x0ffe,0x002a,0x04aa,0x04aa,0x0abe,0x0fc0,0x013e,0x02aa,0x04aa,0x082a,0x0ffe,0x0000} }, /* U+9596 閖 */
    { 0x9598u, {0x0ffe,0x002a,0x03ea,0x02aa,0x02be,0x0fe0,0x02be,0x02aa,0x03ea,0x082a,0x0ffe,0x0000} }, /* U+9598 閘 */
    { 0x9599u, {0x0ffe,0x002a,0x00aa,0x0eaa,0x02be,0x0fc0,0x02be,0x0eaa,0x00aa,0x082a,0x0ffe,0x0000} }, /* U+9599 閙 */
    { 0x95a0u, {0x0ffe,0x002a,0x08aa,0x0aaa,0x0abe,0x0f80,0x0abe,0x0aaa,0x0caa,0x002a,0x0ffe,0x0000} }, /* U+95A0 閠 */
    { 0x95a2u, {0x0ffe,0x002a,0x02aa,0x0aaa,0x06fe,0x0380,0x06fe,0x0aaa,0x02aa,0x082a,0x0ffe,0x0000} }, /* U+95A2 関 */
    { 0x95a3u, {0x0ffe,0x002a,0x02aa,0x0f6a,0x0abe,0x0aa0,0x0abe,0x0f6a,0x022a,0x082a,0x0ffe,0x0000} }, /* U+95A3 閣 */
    { 0x95a4u, {0x0ffe,0x002a,0x00aa,0x0e6a,0x0abe,0x0a80,0x0abe,0x0e6a,0x00aa,0x082a,0x0ffe,0x0000} }, /* U+95A4 閤 */
    { 0x95a5u, {0x0ffe,0x022a,0x0f2a,0x00aa,0x093e,0x09c0,0x073e,0x052a,0x09aa,0x082a,0x0ffe,0x0000} }, /* U+95A5 閥 */
    { 0x95a7u, {0x0ffe,0x002a,0x022a,0x0aaa,0x07fe,0x0280,0x07fe,0x0aaa,0x022a,0x082a,0x0ffe,0x0000} }, /* U+95A7 閧 */
    { 0x95a8u, {0x0ffe,0x002a,0x08aa,0x0aaa,0x0abe,0x0fe0,0x0abe,0x0aaa,0x08aa,0x002a,0x0ffe,0x0000} }, /* U+95A8 閨 */
    { 0x95adu, {0x0ffe,0x002a,0x0e2a,0x0aea,0x0bbe,0x0aa0,0x0abe,0x0aea,0x0e2a,0x002a,0x0ffe,0x0000} }, /* U+95AD 閭 */
    { 0x95b2u, {0x0ffe,0x002a,0x082a,0x0baa,0x06fe,0x0280,0x0efe,0x0baa,0x0c2a,0x002a,0x0ffe,0x0000} }, /* U+95B2 閲 */
    { 0x95b9u, {0x0ffe,0x00aa,0x03ea,0x02aa,0x02be,0x07e0,0x0abe,0x0aaa,0x0bea,0x00aa,0x0ffe,0x0000} }, /* U+95B9 閹 */
    { 0x95bbu, {0x0ffe,0x012a,0x0faa,0x0aea,0x0abe,0x0820,0x0abe,0x0aea,0x0faa,0x002a,0x0ffe,0x0000} }, /* U+95BB 閻 */
    { 0x95bcu, {0x0ffe,0x04aa,0x02aa,0x0bea,0x0abe,0x0680,0x047e,0x092a,0x0a6a,0x00aa,0x0ffe,0x0000} }, /* U+95BC 閼 */
    { 0x95beu, {0x0ffe,0x002a,0x0baa,0x0aaa,0x0bbe,0x0420,0x05fe,0x022a,0x05aa,0x082a,0x0ffe,0x0000} }, /* U+95BE 閾 */
    { 0x95c3u, {0x0ffe,0x002a,0x0a2a,0x0aea,0x06be,0x03a0,0x06be,0x0aea,0x0b2a,0x002a,0x0ffe,0x0000} }, /* U+95C3 闃 */
    { 0x95c7u, {0x0ffe,0x002a,0x00aa,0x0faa,0x0afe,0x0aa0,0x0afe,0x0faa,0x00aa,0x082a,0x0ffe,0x0000} }, /* U+95C7 闇 */
    { 0x95cau, {0x0ffe,0x08aa,0x056a,0x002a,0x0ebe,0x0aa0,0x0bfe,0x0aaa,0x0eaa,0x082a,0x0ffe,0x0000} }, /* U+95CA 闊 */
    { 0x95ccu, {0x0ffe,0x002a,0x0baa,0x06aa,0x02be,0x0fe0,0x02be,0x06aa,0x0baa,0x002a,0x0ffe,0x0000} }, /* U+95CC 闌 */
    { 0x95cdu, {0x0ffe,0x042a,0x02aa,0x0faa,0x0afe,0x0aa0,0x0abe,0x0aea,0x0faa,0x002a,0x0ffe,0x0000} }, /* U+95CD 闍 */
    { 0x95d4u, {0x0ffe,0x002a,0x0aaa,0x0eaa,0x0bbe,0x0ee0,0x0abe,0x0faa,0x0aaa,0x002a,0x0ffe,0x0000} }, /* U+95D4 闔 */
    { 0x95d5u, {0x0ffe,0x04aa,0x0faa,0x04ea,0x06be,0x0900,0x04fe,0x03aa,0x04aa,0x082a,0x0ffe,0x0000} }, /* U+95D5 闕 */
    { 0x95d6u, {0x0ffe,0x002a,0x0bea,0x02aa,0x0abe,0x03e0,0x0abe,0x02aa,0x0eaa,0x002a,0x0ffe,0x0000} }, /* U+95D6 闖 */
    { 0x95d8u, {0x0ffe,0x002a,0x0baa,0x0eaa,0x0abe,0x0b80,0x053e,0x092a,0x0faa,0x002a,0x0ffe,0x0000} }, /* U+95D8 闘 */
    { 0x95dcu, {0x0ffe,0x002a,0x06aa,0x0d6a,0x06be,0x0100,0x0ebe,0x056a,0x06aa,0x082a,0x0ffe,0x0000} }, /* U+95DC 關 */
    { 0x95e1u, {0x0ffe,0x002a,0x04ea,0x07aa,0x04be,0x0fe0,0x04be,0x07aa,0x04ea,0x082a,0x0ffe,0x0000} }, /* U+95E1 闡 */
    { 0x95e2u, {0x0ffe,0x002a,0x0fea,0x0aaa,0x0efe,0x0520,0x05fe,0x0f2a,0x05ea,0x082a,0x0ffe,0x0000} }, /* U+95E2 闢 */
    { 0x95e5u, {0x0ffe,0x092a,0x076a,0x042a,0x0abe,0x0ba0,0x0efe,0x0baa,0x0aaa,0x082a,0x0ffe,0x0000} }, /* U+95E5 闥 */
    { 0x961cu, {0x0400,0x0400,0x05fc,0x0554,0x0556,0x0f55,0x0554,0x0554,0x055c,0x05c0,0x0400,0x0000} }, /* U+961C 阜 */
    { 0x9621u, {0x0ffe,0x0212,0x022a,0x01c6,0x0044,0x0044,0x0044,0x0ffc,0x0042,0x0042,0x0042,0x0000} }, /* U+9621 阡 */
    { 0x9628u, {0x0ffe,0x0212,0x01ee,0x0c00,0x03fe,0x0002,0x0ff2,0x0812,0x0892,0x0892,0x0ef2,0x0000} }, /* U+9628 阨 */
    { 0x962au, {0x0ffe,0x0212,0x01ee,0x0000,0x0980,0x087e,0x0412,0x0592,0x0212,0x05f2,0x0802,0x0000} }, /* U+962A 阪 */
    { 0x962eu, {0x0ffe,0x0212,0x09ee,0x0820,0x0422,0x03e2,0x0022,0x0022,0x0fe2,0x0822,0x0e22,0x0000} }, /* U+962E 阮 */
    { 0x962fu, {0x0ffe,0x0112,0x08ee,0x0800,0x0ff0,0x0800,0x0800,0x0fff,0x0820,0x0820,0x0820,0x0000} }, /* U+962F 阯 */
    { 0x9632u, {0x0ffe,0x0212,0x01ee,0x0004,0x0304,0x00c4,0x003c,0x0827,0x0824,0x0424,0x03e4,0x0000} }, /* U+9632 防 */
    { 0x963bu, {0x0ffe,0x0212,0x022a,0x01c6,0x0800,0x0ffe,0x0892,0x0892,0x0892,0x0892,0x0ffe,0x0000} }, /* U+963B 阻 */
    { 0x963fu, {0x0ffe,0x0212,0x01ee,0x0000,0x01f2,0x0112,0x01f2,0x0802,0x0802,0x0ffe,0x0002,0x0000} }, /* U+963F 阿 */
    { 0x9640u, {0x0ffe,0x0212,0x01ee,0x0000,0x001c,0x0fe4,0x0884,0x0887,0x0844,0x0844,0x0c1c,0x0000} }, /* U+9640 陀 */
    { 0x9642u, {0x0ffe,0x0112,0x00ee,0x0300,0x08fc,0x0824,0x04a4,0x053f,0x0224,0x05e4,0x080c,0x0000} }, /* U+9642 陂 */
    { 0x9644u, {0x0ffe,0x0212,0x01ee,0x0010,0x0ff8,0x0006,0x0048,0x0088,0x0808,0x0fff,0x0008,0x0000} }, /* U+9644 附 */
    { 0x964bu, {0x0ffe,0x0212,0x01ee,0x0000,0x0ff0,0x0802,0x0bf2,0x0892,0x087e,0x0a92,0x0bf2,0x0000} }, /* U+964B 陋 */
    { 0x964cu, {0x0ffe,0x0212,0x022a,0x01c6,0x0000,0x0ff2,0x0892,0x089a,0x0896,0x0892,0x0ff2,0x0000} }, /* U+964C 陌 */
    { 0x964du, {0x0ffe,0x0212,0x022a,0x05c6,0x0424,0x07a4,0x049a,0x0492,0x0fd2,0x04aa,0x04a6,0x0000} }, /* U+964D 降 */
    { 0x964fu, {0x0ffe,0x0212,0x01ee,0x0100,0x0084,0x0fe4,0x02bc,0x02a7,0x02a4,0x0aa4,0x0fe4,0x0000} }, /* U+964F 陏 */
    { 0x9650u, {0x0ffe,0x0212,0x022a,0x01c6,0x0000,0x0ffe,0x084a,0x09ca,0x024a,0x044a,0x0b7e,0x0000} }, /* U+9650 限 */
    { 0x965bu, {0x0ffe,0x0212,0x01ee,0x0000,0x093e,0x0924,0x0924,0x0fc0,0x093f,0x0924,0x0934,0x0000} }, /* U+965B 陛 */
    { 0x965cu, {0x0ffe,0x0212,0x01ee,0x0804,0x08c4,0x0434,0x0244,0x01ff,0x0244,0x0434,0x08c4,0x0000} }, /* U+965C 陜 */
    { 0x965du, {0x0ffe,0x0112,0x00ee,0x0904,0x0894,0x0474,0x0284,0x01ff,0x0294,0x0474,0x0984,0x0000} }, /* U+965D 陝 */
    { 0x965eu, {0x0ffe,0x0212,0x01ee,0x0000,0x094a,0x092a,0x091e,0x0fca,0x0908,0x097e,0x0908,0x0000} }, /* U+965E 陞 */
    { 0x965fu, {0x0ffe,0x0212,0x01ee,0x0010,0x0890,0x085e,0x0910,0x05ff,0x0414,0x0214,0x0190,0x0000} }, /* U+965F 陟 */
    { 0x9662u, {0x0ffe,0x0212,0x01ee,0x0800,0x088c,0x0494,0x0394,0x0097,0x0f94,0x0894,0x0c9c,0x0000} }, /* U+9662 院 */
    { 0x9663u, {0x0ffe,0x0212,0x01ee,0x0400,0x05f4,0x0554,0x0554,0x0fff,0x0554,0x0554,0x05f4,0x0000} }, /* U+9663 陣 */
    { 0x9664u, {0x0ffe,0x0212,0x01ee,0x0488,0x0294,0x0092,0x0892,0x0ff2,0x0092,0x0294,0x0498,0x0000} }, /* U+9664 除 */
    { 0x9665u, {0x0ffe,0x0212,0x01ee,0x0000,0x0fe8,0x0004,0x0ff2,0x0892,0x089a,0x0896,0x0ff0,0x0000} }, /* U+9665 陥 */
    { 0x9666u, {0x0ffe,0x0112,0x00ee,0x0544,0x0354,0x05d4,0x097f,0x0154,0x0954,0x0fd4,0x0154,0x0000} }, /* U+9666 陦 */
    { 0x966au, {0x0ffe,0x0212,0x01ee,0x0000,0x0024,0x0f24,0x093c,0x0927,0x0924,0x093c,0x0f24,0x0000} }, /* U+966A 陪 */
    { 0x966cu, {0x0ffe,0x0212,0x01ee,0x0402,0x07fe,0x024a,0x0ffe,0x080a,0x04ea,0x030a,0x0cfa,0x0000} }, /* U+966C 陬 */
    { 0x9670u, {0x0ffe,0x0212,0x01ee,0x0010,0x0d08,0x0b54,0x0952,0x0952,0x09d2,0x0954,0x0d08,0x0000} }, /* U+9670 陰 */
    { 0x9672u, {0x0ffe,0x0212,0x01ee,0x0020,0x092a,0x09fa,0x092a,0x0ffe,0x092a,0x092a,0x09fa,0x0000} }, /* U+9672 陲 */
    { 0x9673u, {0x0ffe,0x0212,0x01ee,0x0800,0x09f4,0x0554,0x0354,0x0fff,0x0154,0x0554,0x09f4,0x0000} }, /* U+9673 陳 */
    { 0x9675u, {0x0ffe,0x0212,0x01ee,0x0810,0x0954,0x0b54,0x04b4,0x049f,0x06b4,0x09d4,0x0854,0x0000} }, /* U+9675 陵 */
    { 0x9676u, {0x0ffe,0x0212,0x01ee,0x0000,0x0358,0x0257,0x03f4,0x0254,0x0b54,0x0804,0x07fc,0x0000} }, /* U+9676 陶 */
    { 0x9677u, {0x0ffe,0x0212,0x022a,0x01c6,0x0008,0x0fe4,0x0922,0x0912,0x0802,0x092a,0x0fe6,0x0000} }, /* U+9677 陷 */
    { 0x9678u, {0x0ffe,0x0212,0x01ee,0x0800,0x0a94,0x0a94,0x0a74,0x0f1f,0x0af4,0x0a94,0x0ad4,0x0000} }, /* U+9678 陸 */
    { 0x967au, {0x0ffe,0x0212,0x01ee,0x0808,0x09ec,0x052a,0x052a,0x03fa,0x052a,0x092c,0x09e8,0x0000} }, /* U+967A 険 */
    { 0x967du, {0x0ffe,0x0212,0x01ee,0x0480,0x02fe,0x09aa,0x04aa,0x02aa,0x09aa,0x08be,0x07a0,0x0000} }, /* U+967D 陽 */
    { 0x9685u, {0x0ffe,0x0212,0x01ee,0x0000,0x0fbe,0x04aa,0x07aa,0x04fe,0x06aa,0x08aa,0x0fbe,0x0000} }, /* U+9685 隅 */
    { 0x9686u, {0x0ffe,0x0112,0x00ee,0x0b24,0x08e4,0x0aaa,0x0a92,0x0fd2,0x0a9a,0x0aa6,0x08a0,0x0000} }, /* U+9686 隆 */
    { 0x9688u, {0x0ffe,0x0212,0x01ee,0x0880,0x0fbe,0x08aa,0x08aa,0x03be,0x04aa,0x0aaa,0x09be,0x0000} }, /* U+9688 隈 */
    { 0x968au, {0x0ffe,0x0212,0x01ee,0x0200,0x0248,0x0249,0x092a,0x08b8,0x07cc,0x014b,0x0628,0x0000} }, /* U+968A 隊 */
    { 0x968bu, {0x0ffe,0x0212,0x01ee,0x0040,0x0024,0x0fd4,0x055c,0x0557,0x0574,0x0554,0x0fd4,0x0000} }, /* U+968B 隋 */
    { 0x968du, {0x0ffe,0x0212,0x01ee,0x0000,0x097c,0x0954,0x0956,0x0fd5,0x0954,0x0954,0x097c,0x0000} }, /* U+968D 隍 */
    { 0x968eu, {0x0ffe,0x0212,0x01ee,0x0000,0x0fbe,0x0aa4,0x0aa4,0x0ac0,0x0abf,0x0aa4,0x0fa4,0x0000} }, /* U+968E 階 */
    { 0x968fu, {0x0ffe,0x0212,0x09ee,0x0424,0x03e8,0x0424,0x0bf4,0x095f,0x0954,0x0954,0x0bf4,0x0000} }, /* U+968F 随 */
    { 0x9694u, {0x0ffe,0x0212,0x01ee,0x0000,0x0f82,0x02ba,0x05aa,0x0caa,0x05aa,0x02ba,0x0f82,0x0000} }, /* U+9694 隔 */
    { 0x9695u, {0x0ffe,0x0212,0x01ee,0x0800,0x0bee,0x06aa,0x02aa,0x02aa,0x02aa,0x06aa,0x0bee,0x0000} }, /* U+9695 隕 */
    { 0x9697u, {0x0ffe,0x0112,0x08ee,0x0800,0x04fc,0x0394,0x0096,0x0ffd,0x0894,0x0b94,0x0cfc,0x0000} }, /* U+9697 隗 */
    { 0x9698u, {0x0ffe,0x0212,0x01ee,0x0800,0x0f18,0x0ac6,0x0e10,0x0a52,0x0e52,0x0ac6,0x0f18,0x0000} }, /* U+9698 隘 */
    { 0x9699u, {0x0ffe,0x0212,0x01ee,0x0800,0x05f4,0x0152,0x0950,0x0f5f,0x0150,0x0552,0x09f4,0x0000} }, /* U+9699 隙 */
    { 0x969bu, {0x0ffe,0x0212,0x01ee,0x0804,0x055a,0x0122,0x095e,0x0f48,0x0152,0x052a,0x0946,0x0000} }, /* U+969B 際 */
    { 0x969cu, {0x0ffe,0x0212,0x01ee,0x0000,0x05f4,0x0554,0x055c,0x0f57,0x0554,0x055c,0x05f4,0x0000} }, /* U+969C 障 */
    { 0x96a0u, {0x0ffe,0x0212,0x09ee,0x0400,0x0152,0x075e,0x0952,0x0b5e,0x0952,0x055a,0x09f6,0x0000} }, /* U+96A0 隠 */
    { 0x96a3u, {0x0ffe,0x0212,0x01ee,0x0900,0x09e8,0x065e,0x03c8,0x02bf,0x0288,0x0fdc,0x02aa,0x0000} }, /* U+96A3 隣 */
    { 0x96a7u, {0x0ffe,0x0212,0x09ee,0x0492,0x03a4,0x0558,0x0956,0x0ab0,0x0bd2,0x0896,0x0b58,0x0000} }, /* U+96A7 隧 */
    { 0x96a8u, {0x0ffe,0x0212,0x09ee,0x0492,0x03a4,0x0454,0x0bdc,0x0957,0x0974,0x0954,0x0bd4,0x0000} }, /* U+96A8 隨 */
    { 0x96aau, {0x0ffe,0x0212,0x01ee,0x0808,0x05e4,0x032a,0x05ea,0x080a,0x05ea,0x032a,0x0dec,0x0000} }, /* U+96AA 險 */
    { 0x96b0u, {0x0ffe,0x0212,0x09ee,0x0400,0x01be,0x056a,0x09aa,0x056a,0x09aa,0x056a,0x09be,0x0000} }, /* U+96B0 隰 */
    { 0x96b1u, {0x0ffe,0x0212,0x09ee,0x0418,0x0156,0x0752,0x0956,0x0b5a,0x0952,0x0556,0x09fa,0x0000} }, /* U+96B1 隱 */
    { 0x96b2u, {0x0ffe,0x0212,0x01ee,0x0800,0x03e4,0x0aa2,0x02a8,0x0bef,0x02b0,0x0aaa,0x0ea4,0x0000} }, /* U+96B2 隲 */
    { 0x96b4u, {0x0ffe,0x0212,0x01ee,0x0024,0x0ffc,0x02a7,0x0ffc,0x0020,0x0fdf,0x0954,0x0d74,0x0000} }, /* U+96B4 隴 */
    { 0x96b6u, {0x0810,0x08d4,0x0554,0x0254,0x0854,0x0fff,0x0154,0x0254,0x0554,0x08fc,0x0850,0x0000} }, /* U+96B6 隶 */
    { 0x96b7u, {0x0d54,0x0154,0x0f5e,0x0954,0x0504,0x0254,0x0954,0x0fff,0x0254,0x0554,0x08fc,0x0000} }, /* U+96B7 隷 */
    { 0x96b8u, {0x0d54,0x014c,0x0f7f,0x0944,0x0514,0x0254,0x0954,0x0fff,0x0254,0x0554,0x08fc,0x0000} }, /* U+96B8 隸 */
    { 0x96b9u, {0x0040,0x0020,0x0ff8,0x092f,0x0928,0x0928,0x0ff8,0x092e,0x0928,0x0928,0x0808,0x0000} }, /* U+96B9 隹 */
    { 0x96bbu, {0x0820,0x0910,0x09fc,0x0b57,0x0554,0x0554,0x05fc,0x0557,0x0b54,0x0954,0x0800,0x0000} }, /* U+96BB 隻 */
    { 0x96bcu, {0x0210,0x0208,0x03fc,0x0257,0x0254,0x0254,0x0ffc,0x0257,0x0254,0x0254,0x0204,0x0000} }, /* U+96BC 隼 */
    { 0x96c0u, {0x0050,0x0048,0x0fc4,0x0aa0,0x0aa8,0x0aaf,0x0fd0,0x0a90,0x0a84,0x0a88,0x0890,0x0000} }, /* U+96C0 雀 */
    { 0x96c1u, {0x0600,0x01fe,0x0022,0x0ff2,0x008e,0x0042,0x0ff2,0x095e,0x0952,0x0ffe,0x0952,0x0000} }, /* U+96C1 雁 */
    { 0x96c4u, {0x0608,0x01c8,0x0c3e,0x0b88,0x0828,0x0ff8,0x092f,0x0928,0x0ff8,0x092e,0x0928,0x0000} }, /* U+96C4 雄 */
    { 0x96c5u, {0x0442,0x027e,0x0942,0x0ffe,0x0022,0x0ff8,0x092f,0x0928,0x0ff8,0x092e,0x0928,0x0000} }, /* U+96C5 雅 */
    { 0x96c6u, {0x0910,0x0908,0x057c,0x0557,0x0354,0x0ffc,0x0157,0x0354,0x0554,0x0904,0x0900,0x0000} }, /* U+96C6 集 */
    { 0x96c7u, {0x0c02,0x03fa,0x012a,0x0faa,0x0aea,0x0aaa,0x0aaa,0x0fea,0x0aaa,0x0aba,0x0882,0x0000} }, /* U+96C7 雇 */
    { 0x96c9u, {0x0c5e,0x0344,0x00fc,0x0344,0x0420,0x0ff8,0x092f,0x0928,0x0ff8,0x092e,0x0928,0x0000} }, /* U+96C9 雉 */
    { 0x96cbu, {0x0f10,0x0108,0x017c,0x0157,0x0754,0x0454,0x077c,0x0157,0x0154,0x0954,0x0f00,0x0000} }, /* U+96CB 雋 */
    { 0x96ccu, {0x0ff0,0x0800,0x07fe,0x0420,0x0fff,0x0820,0x0ff8,0x092f,0x0928,0x0ffe,0x0928,0x0000} }, /* U+96CC 雌 */
    { 0x96cdu, {0x0b64,0x0ad4,0x064c,0x0304,0x0024,0x0ff7,0x095c,0x0954,0x0ff4,0x095c,0x0954,0x0000} }, /* U+96CD 雍 */
    { 0x96ceu, {0x0ffc,0x0894,0x0494,0x07fc,0x0420,0x0ff8,0x092f,0x0928,0x0ff8,0x092e,0x0928,0x0000} }, /* U+96CE 雎 */
    { 0x96d1u, {0x04a4,0x029e,0x0fc4,0x02bc,0x0420,0x0ff8,0x092f,0x0928,0x0ff8,0x092e,0x0928,0x0000} }, /* U+96D1 雑 */
    { 0x96d5u, {0x0ffe,0x0552,0x05fe,0x0752,0x0802,0x0ffe,0x0020,0x0ff8,0x092f,0x0ff8,0x0928,0x0000} }, /* U+96D5 雕 */
    { 0x96d6u, {0x09ee,0x092a,0x0ffa,0x092a,0x0dee,0x0020,0x0ff8,0x092f,0x0928,0x0ffe,0x0928,0x0000} }, /* U+96D6 雖 */
    { 0x96d9u, {0x0848,0x097c,0x0957,0x0b54,0x057e,0x0554,0x057c,0x0557,0x0b54,0x097e,0x0854,0x0000} }, /* U+96D9 雙 */
    { 0x96dbu, {0x0b18,0x06d7,0x03bc,0x0a94,0x0f7c,0x0020,0x0ff8,0x092f,0x0928,0x0ffe,0x0928,0x0000} }, /* U+96DB 雛 */
    { 0x96dcu, {0x04a4,0x029c,0x0fe6,0x029c,0x04a4,0x0014,0x0ff8,0x092f,0x0928,0x0ffe,0x0928,0x0000} }, /* U+96DC 雜 */
    { 0x96e2u, {0x0f74,0x0144,0x076c,0x05d7,0x056c,0x0944,0x0ff8,0x092f,0x0928,0x0ffe,0x0928,0x0000} }, /* U+96E2 離 */
    { 0x96e3u, {0x0974,0x055e,0x03f4,0x055e,0x0974,0x0024,0x0ff8,0x092f,0x0928,0x0ffe,0x0928,0x0000} }, /* U+96E3 難 */
    { 0x96e8u, {0x0ff2,0x0012,0x0252,0x0492,0x0012,0x0ffe,0x0012,0x0252,0x0492,0x0812,0x0ff2,0x0000} }, /* U+96E8 雨 */
    { 0x96eau, {0x0038,0x0a8a,0x0a9a,0x0aaa,0x0a8a,0x0afe,0x0a8a,0x0a9a,0x0aaa,0x0f8a,0x0038,0x0000} }, /* U+96EA 雪 */
    { 0x96ebu, {0x00b8,0x008a,0x009a,0x00aa,0x008a,0x0fbe,0x028a,0x029a,0x04aa,0x048a,0x00b8,0x0000} }, /* U+96EB 雫 */
    { 0x96f0u, {0x0238,0x090a,0x099a,0x052a,0x034a,0x017e,0x094a,0x095a,0x07aa,0x010a,0x0238,0x0000} }, /* U+96F0 雰 */
    { 0x96f2u, {0x0238,0x0a8a,0x0e9a,0x0aaa,0x0a8a,0x0afe,0x0a8a,0x0a9a,0x06aa,0x0a8a,0x0238,0x0000} }, /* U+96F2 雲 */
    { 0x96f6u, {0x00b8,0x028a,0x025a,0x02ea,0x0eaa,0x02be,0x02aa,0x0ada,0x0a6a,0x068a,0x00b8,0x0000} }, /* U+96F6 零 */
    { 0x96f7u, {0x0038,0x0f8a,0x0a9a,0x0aaa,0x0a8a,0x0ffe,0x0a8a,0x0a9a,0x0aaa,0x0f8a,0x0038,0x0000} }, /* U+96F7 雷 */
    { 0x96f9u, {0x0238,0x010a,0x0fda,0x0aaa,0x0a8a,0x0afe,0x0b8a,0x089a,0x0aaa,0x0b8a,0x0c38,0x0000} }, /* U+96F9 雹 */
    { 0x96fbu, {0x0018,0x03ea,0x02aa,0x02ba,0x02aa,0x0ffe,0x0aaa,0x0aba,0x0aaa,0x0bea,0x0c18,0x0000} }, /* U+96FB 電 */
    { 0x9700u, {0x0058,0x0f4a,0x015a,0x016a,0x0fca,0x017e,0x0f4a,0x015a,0x096a,0x0f4a,0x0058,0x0000} }, /* U+9700 需 */
    { 0x9704u, {0x0138,0x008a,0x0fda,0x056a,0x054a,0x057e,0x054a,0x055a,0x0fea,0x008a,0x0138,0x0000} }, /* U+9704 霄 */
    { 0x9706u, {0x0a58,0x0b4a,0x06da,0x080a,0x094a,0x097e,0x094a,0x0fda,0x094a,0x094a,0x0958,0x0000} }, /* U+9706 霆 */
    { 0x9707u, {0x0c38,0x03ca,0x095a,0x0f6a,0x094a,0x097e,0x034a,0x055a,0x056a,0x0b4a,0x0978,0x0000} }, /* U+9707 震 */
    { 0x9708u, {0x0898,0x052a,0x004a,0x0f5a,0x014a,0x015e,0x014a,0x0fea,0x015a,0x094a,0x0f58,0x0000} }, /* U+9708 霈 */
    { 0x970au, {0x0938,0x0b4a,0x0d5a,0x096a,0x0f4a,0x097e,0x0f4a,0x095a,0x0d6a,0x0b4a,0x0938,0x0000} }, /* U+970A 霊 */
    { 0x970du, {0x0138,0x0f8a,0x0ada,0x0aaa,0x0a8a,0x0fbe,0x0aca,0x0a9a,0x0aaa,0x0a8a,0x0838,0x0000} }, /* U+970D 霍 */
    { 0x970eu, {0x0118,0x094a,0x095a,0x07ea,0x054a,0x057e,0x054a,0x05da,0x0b6a,0x094a,0x0118,0x0000} }, /* U+970E 霎 */
    { 0x970fu, {0x0458,0x054a,0x055a,0x0d4a,0x03ea,0x001e,0x0fea,0x054a,0x055a,0x054a,0x0458,0x0000} }, /* U+970F 霏 */
    { 0x9711u, {0x08b8,0x050a,0x005a,0x0e8a,0x0a0a,0x0a3e,0x0bca,0x0a9a,0x0aaa,0x0a8a,0x0e38,0x0000} }, /* U+9711 霑 */
    { 0x9713u, {0x0838,0x0b8a,0x0a9a,0x06aa,0x024a,0x023e,0x0e8a,0x0a9a,0x0aaa,0x0b8a,0x0c38,0x0000} }, /* U+9713 霓 */
    { 0x9716u, {0x04b8,0x028a,0x0fda,0x02aa,0x008a,0x043e,0x028a,0x019a,0x0fea,0x028a,0x04b8,0x0000} }, /* U+9716 霖 */
    { 0x9719u, {0x0ab8,0x0a8a,0x0b9a,0x06ea,0x028a,0x03be,0x028a,0x06da,0x0baa,0x0a8a,0x0ab8,0x0000} }, /* U+9719 霙 */
    { 0x971cu, {0x04b8,0x028a,0x0fda,0x02aa,0x048a,0x007e,0x0f8a,0x0a9a,0x0aaa,0x0a8a,0x0fb8,0x0000} }, /* U+971C 霜 */
    { 0x971eu, {0x0fd8,0x054a,0x055a,0x056a,0x05ca,0x093e,0x0b4a,0x055a,0x056a,0x0b4a,0x09d8,0x0000} }, /* U+971E 霞 */
    { 0x9724u, {0x01d8,0x0f4a,0x0a5a,0x0a6a,0x0b4a,0x0e3e,0x0b4a,0x0ada,0x0a6a,0x0f4a,0x01d8,0x0000} }, /* U+9724 霤 */
    { 0x9727u, {0x0538,0x054a,0x0b5a,0x0fea,0x014a,0x0abe,0x06ca,0x035a,0x096a,0x0eca,0x0278,0x0000} }, /* U+9727 霧 */
    { 0x972au, {0x0898,0x052a,0x000a,0x091a,0x0aca,0x0a7e,0x0aca,0x0f4a,0x0a5a,0x0aca,0x0b5a,0x0000} }, /* U+972A 霪 */
    { 0x9730u, {0x0f58,0x05ea,0x055a,0x05ea,0x0f4a,0x099e,0x086a,0x074a,0x045a,0x0bca,0x0858,0x0000} }, /* U+9730 霰 */
    { 0x9732u, {0x0df8,0x094a,0x0f5a,0x09ea,0x0a8a,0x02be,0x0eca,0x095a,0x096a,0x0eca,0x0278,0x0000} }, /* U+9732 露 */
    { 0x9738u, {0x0758,0x05ca,0x0f5a,0x05ea,0x074a,0x047e,0x0fca,0x055a,0x056a,0x054a,0x0fd8,0x0000} }, /* U+9738 霸 */
    { 0x9739u, {0x0ff8,0x0aaa,0x0aba,0x0eea,0x010a,0x057e,0x05ca,0x055a,0x0f6a,0x05ca,0x0558,0x0000} }, /* U+9739 霹 */
    { 0x973du, {0x0958,0x0eca,0x055a,0x05ea,0x044a,0x05fe,0x044a,0x05da,0x056a,0x0eca,0x0158,0x0000} }, /* U+973D 霽 */
    { 0x973eu, {0x02b8,0x0aaa,0x094a,0x07ba,0x000a,0x0bde,0x0a4a,0x0a4a,0x0fda,0x0a4a,0x0bd8,0x0000} }, /* U+973E 霾 */
    { 0x9742u, {0x0c18,0x0bea,0x093a,0x0eaa,0x09ea,0x08be,0x0f2a,0x0aaa,0x0bfa,0x0aaa,0x0918,0x0000} }, /* U+9742 靂 */
    { 0x9744u, {0x0eb8,0x0aaa,0x0aaa,0x0eaa,0x040a,0x0ffe,0x0aaa,0x0aaa,0x02aa,0x0bea,0x0e38,0x0000} }, /* U+9744 靄 */
    { 0x9746u, {0x0aba,0x0e8a,0x0abe,0x0a8a,0x0aba,0x07a8,0x0554,0x0a54,0x0bff,0x0954,0x0afc,0x0000} }, /* U+9746 靆 */
    { 0x9748u, {0x0918,0x0dca,0x0b5a,0x0d6a,0x09ca,0x0f7e,0x09ca,0x0d5a,0x0b6a,0x0dca,0x0918,0x0000} }, /* U+9748 靈 */
    { 0x9749u, {0x0aba,0x0e8a,0x0abe,0x0a8a,0x06ba,0x0912,0x0976,0x069a,0x04b6,0x0b9a,0x08b6,0x0000} }, /* U+9749 靉 */
    { 0x9752u, {0x0044,0x0044,0x0fd4,0x0554,0x0554,0x057f,0x0554,0x0554,0x0fd4,0x0044,0x0044,0x0000} }, /* U+9752 青 */
    { 0x9756u, {0x05e8,0x040e,0x07f8,0x0408,0x0044,0x0fd4,0x0554,0x057f,0x0554,0x0554,0x0fd4,0x0000} }, /* U+9756 靖 */
    { 0x9759u, {0x0fd4,0x0554,0x057f,0x0554,0x0fd4,0x0044,0x0152,0x0952,0x0ffa,0x0156,0x01f0,0x0000} }, /* U+9759 静 */
    { 0x975cu, {0x0fd4,0x0554,0x057f,0x0554,0x0fd4,0x008e,0x02a2,0x0aae,0x0fe2,0x02a6,0x03ea,0x0000} }, /* U+975C 靜 */
    { 0x975eu, {0x0104,0x0924,0x0924,0x0524,0x03fe,0x0000,0x0000,0x0fff,0x0224,0x0224,0x0224,0x0000} }, /* U+975E 非 */
    { 0x9760u, {0x0450,0x0558,0x0576,0x0d54,0x03d4,0x005f,0x0fd4,0x0554,0x0574,0x0554,0x0450,0x0000} }, /* U+9760 靠 */
    { 0x9761u, {0x0600,0x01fc,0x0514,0x057c,0x0d14,0x03b4,0x0017,0x0ffc,0x0514,0x0574,0x0554,0x0000} }, /* U+9761 靡 */
    { 0x9762u, {0x0ff2,0x0812,0x0812,0x0ff2,0x095a,0x0956,0x0952,0x0ff2,0x0812,0x0812,0x0ff2,0x0000} }, /* U+9762 面 */
    { 0x9764u, {0x0ff2,0x095e,0x0ff2,0x0812,0x0ff2,0x0018,0x07f7,0x0894,0x08f4,0x0904,0x0dfc,0x0000} }, /* U+9764 靤 */
    { 0x9766u, {0x0ff2,0x095e,0x0ff2,0x0812,0x0ff2,0x0800,0x04fe,0x03aa,0x00aa,0x0faa,0x08fe,0x0000} }, /* U+9766 靦 */
    { 0x9768u, {0x00be,0x0f82,0x08fa,0x08ae,0x0faa,0x0afe,0x0f82,0x08ea,0x089e,0x0faa,0x00ce,0x0000} }, /* U+9768 靨 */
    { 0x9769u, {0x0404,0x05c4,0x0544,0x055f,0x0554,0x0ff4,0x0554,0x055f,0x0544,0x05c4,0x0404,0x0000} }, /* U+9769 革 */
    { 0x976bu, {0x05c4,0x055e,0x0ff4,0x055e,0x05c4,0x0802,0x0882,0x050a,0x0212,0x0582,0x087e,0x0000} }, /* U+976B 靫 */
    { 0x976du, {0x05c4,0x055e,0x0ff4,0x055e,0x05c4,0x0012,0x0322,0x08fe,0x0842,0x0402,0x03fe,0x0000} }, /* U+976D 靭 */
    { 0x9771u, {0x05c4,0x055e,0x0ff4,0x055e,0x05c4,0x0012,0x0322,0x08fe,0x0882,0x0502,0x03fe,0x0000} }, /* U+9771 靱 */
    { 0x9774u, {0x05c4,0x055e,0x0ff4,0x055e,0x05c4,0x0010,0x0ffe,0x0000,0x0fff,0x0820,0x0e10,0x0000} }, /* U+9774 靴 */
    { 0x9779u, {0x05c4,0x055e,0x0ff4,0x055e,0x0544,0x0ff8,0x0089,0x007f,0x0088,0x0908,0x0ff8,0x0000} }, /* U+9779 靹 */
    { 0x977au, {0x05c4,0x055e,0x0ff4,0x055e,0x05c4,0x0224,0x0124,0x0fff,0x0124,0x0224,0x0424,0x0000} }, /* U+977A 靺 */
    { 0x977cu, {0x05c4,0x055e,0x0ff4,0x055e,0x05c4,0x0800,0x09fe,0x0912,0x0912,0x0912,0x09fe,0x0000} }, /* U+977C 靼 */
    { 0x9781u, {0x05c4,0x055e,0x0ff4,0x055e,0x0544,0x09fc,0x0824,0x05a4,0x023f,0x0324,0x0cec,0x0000} }, /* U+9781 鞁 */
    { 0x9784u, {0x05c4,0x055e,0x0ff4,0x055e,0x05c4,0x0038,0x0f97,0x0894,0x08f4,0x0904,0x0dfc,0x0000} }, /* U+9784 鞄 */
    { 0x9785u, {0x05c4,0x055e,0x0ff4,0x0554,0x05de,0x0884,0x08fc,0x0484,0x03ff,0x0484,0x08fc,0x0000} }, /* U+9785 鞅 */
    { 0x9786u, {0x05c4,0x055e,0x0ff4,0x055e,0x0544,0x0ff2,0x0092,0x007e,0x0092,0x0912,0x0ff2,0x0000} }, /* U+9786 鞆 */
    { 0x978bu, {0x05c4,0x055e,0x0ff4,0x055e,0x05c4,0x0820,0x0924,0x0924,0x0fff,0x0924,0x0924,0x0000} }, /* U+978B 鞋 */
    { 0x978du, {0x05c4,0x055e,0x0ff4,0x055e,0x05c4,0x085c,0x0bc4,0x0477,0x0644,0x09c4,0x085c,0x0000} }, /* U+978D 鞍 */
    { 0x978fu, {0x0452,0x0452,0x074e,0x05ea,0x054a,0x0f50,0x054e,0x05ea,0x0742,0x045e,0x0450,0x0000} }, /* U+978F 鞏 */
    { 0x9790u, {0x05c4,0x055e,0x0ff4,0x055e,0x05c4,0x00a0,0x00a0,0x0fbf,0x02a4,0x04a4,0x00a0,0x0000} }, /* U+9790 鞐 */
    { 0x9798u, {0x05c4,0x055e,0x0ff4,0x0554,0x05de,0x0400,0x0fec,0x02a0,0x02bf,0x0aa8,0x0fe4,0x0000} }, /* U+9798 鞘 */
    { 0x979cu, {0x05c4,0x055e,0x0ff4,0x055e,0x0564,0x0fd4,0x0a8c,0x0aa0,0x0abf,0x0a88,0x0fb4,0x0000} }, /* U+979C 鞜 */
    { 0x97a0u, {0x05c4,0x055e,0x0ff4,0x055e,0x05d4,0x028f,0x07f4,0x0184,0x0ab4,0x0884,0x07fc,0x0000} }, /* U+97A0 鞠 */
    { 0x97a3u, {0x05c4,0x055e,0x0ff4,0x055e,0x09d4,0x0532,0x0312,0x0ffa,0x0116,0x0552,0x0930,0x0000} }, /* U+97A3 鞣 */
    { 0x97a6u, {0x05c4,0x055e,0x0ff4,0x055e,0x0524,0x0ffc,0x0422,0x0322,0x00ff,0x0380,0x0c38,0x0000} }, /* U+97A6 鞦 */
    { 0x97a8u, {0x05c4,0x055e,0x0ff4,0x055e,0x0784,0x04fe,0x05aa,0x06aa,0x08aa,0x08be,0x0780,0x0000} }, /* U+97A8 鞨 */
    { 0x97abu, {0x05c4,0x055e,0x0ff4,0x055e,0x05c4,0x0018,0x0757,0x0554,0x0754,0x0804,0x0ffc,0x0000} }, /* U+97AB 鞫 */
    { 0x97adu, {0x05c4,0x055e,0x0ff4,0x055e,0x0ff4,0x080e,0x09fa,0x06aa,0x03fe,0x04aa,0x08fa,0x0000} }, /* U+97AD 鞭 */
    { 0x97b3u, {0x05c4,0x055e,0x0ff4,0x055e,0x05c4,0x0e44,0x0aaf,0x0a94,0x0a94,0x0aaf,0x0e44,0x0000} }, /* U+97B3 鞳 */
    { 0x97b4u, {0x05c4,0x055e,0x0ff4,0x055e,0x0484,0x0ff4,0x055f,0x0fd4,0x0554,0x055f,0x0fd4,0x0000} }, /* U+97B4 鞴 */
    { 0x97c3u, {0x05c4,0x055e,0x0ff4,0x055e,0x05c4,0x0892,0x07a4,0x0554,0x0974,0x0bdf,0x0974,0x0000} }, /* U+97C3 韃 */
    { 0x97c6u, {0x05c4,0x055e,0x0ff4,0x055e,0x05c4,0x0894,0x07ba,0x046a,0x0bbe,0x0aea,0x0aba,0x0000} }, /* U+97C6 韆 */
    { 0x97c8u, {0x05c4,0x055e,0x0ff4,0x055e,0x0fc4,0x0554,0x097f,0x0bd4,0x0574,0x05df,0x0b74,0x0000} }, /* U+97C8 韈 */
    { 0x97cbu, {0x0410,0x0714,0x0574,0x0554,0x055c,0x0fd7,0x0554,0x0554,0x0574,0x051c,0x0410,0x0000} }, /* U+97CB 韋 */
    { 0x97d3u, {0x05f4,0x0554,0x0f5f,0x0554,0x05f0,0x0714,0x0574,0x055c,0x0fd7,0x0554,0x057c,0x0000} }, /* U+97D3 韓 */
    { 0x97dcu, {0x0774,0x055c,0x0fd7,0x057c,0x0410,0x0fce,0x0942,0x092e,0x0802,0x0946,0x0fca,0x0000} }, /* U+97DC 韜 */
    { 0x97edu, {0x0804,0x0924,0x0924,0x0924,0x0fff,0x0800,0x0fff,0x0924,0x0924,0x0924,0x0804,0x0000} }, /* U+97ED 韭 */
    { 0x97eeu, {0x0804,0x0924,0x0924,0x092f,0x0ff4,0x0804,0x0ff4,0x092f,0x0924,0x0924,0x0804,0x0000} }, /* U+97EE 韮 */
    { 0x97f2u, {0x0854,0x0ab4,0x0a94,0x0af4,0x0f8c,0x0877,0x0f8c,0x0af4,0x0a94,0x0ab4,0x0854,0x0000} }, /* U+97F2 韲 */
    { 0x97f3u, {0x0020,0x0024,0x0fa4,0x0abc,0x0aa4,0x0aa7,0x0aa4,0x0abc,0x0fa4,0x0024,0x0020,0x0000} }, /* U+97F3 音 */
    { 0x97f5u, {0x0fa4,0x0abc,0x0aa7,0x0abc,0x0fa4,0x0218,0x0227,0x0924,0x0924,0x0404,0x03fc,0x0000} }, /* U+97F5 韵 */
    { 0x97f6u, {0x0fa4,0x0abc,0x0aa7,0x0abc,0x0fa4,0x0022,0x0f92,0x088e,0x08a2,0x08a2,0x0f9e,0x0000} }, /* U+97F6 韶 */
    { 0x97fbu, {0x0fa4,0x0abc,0x0aa7,0x0fbc,0x0820,0x0bee,0x06aa,0x02aa,0x02aa,0x06aa,0x0bee,0x0000} }, /* U+97FB 韻 */
    { 0x97ffu, {0x0234,0x02aa,0x0ef4,0x0b80,0x0abe,0x0aea,0x0a9e,0x0ba0,0x0efe,0x02aa,0x0236,0x0000} }, /* U+97FF 響 */
    { 0x9801u, {0x0802,0x0802,0x07fa,0x02aa,0x02aa,0x02ae,0x02aa,0x02aa,0x07fa,0x0802,0x0802,0x0000} }, /* U+9801 頁 */
    { 0x9802u, {0x0404,0x07fc,0x0004,0x0804,0x0bfa,0x06aa,0x02aa,0x02ae,0x02aa,0x06aa,0x0bfa,0x0000} }, /* U+9802 頂 */
    { 0x9803u, {0x03fc,0x0210,0x0210,0x0310,0x0802,0x0bfa,0x06aa,0x02ae,0x02aa,0x06aa,0x0bfa,0x0000} }, /* U+9803 頃 */
    { 0x9805u, {0x0204,0x03fc,0x0204,0x0802,0x0bfa,0x06aa,0x02aa,0x02ae,0x02aa,0x06aa,0x0bfa,0x0000} }, /* U+9805 項 */
    { 0x9806u, {0x0c00,0x03fe,0x0000,0x03fc,0x0800,0x0bfa,0x06aa,0x02ae,0x02aa,0x06aa,0x0bfa,0x0000} }, /* U+9806 順 */
    { 0x9808u, {0x0888,0x0444,0x0222,0x0000,0x0802,0x0bfa,0x06aa,0x02ae,0x02aa,0x06aa,0x0bfa,0x0000} }, /* U+9808 須 */
    { 0x980cu, {0x0c60,0x0b1a,0x08c2,0x060e,0x0810,0x0bfa,0x06aa,0x02ae,0x02aa,0x06aa,0x0bfa,0x0000} }, /* U+980C 頌 */
    { 0x980fu, {0x0c08,0x03e8,0x002f,0x03e8,0x0a08,0x0bfa,0x06aa,0x02ae,0x02aa,0x06aa,0x0bfa,0x0000} }, /* U+980F 頏 */
    { 0x9810u, {0x082a,0x0ff2,0x012a,0x00e6,0x0800,0x0bfa,0x06aa,0x02ae,0x02aa,0x06aa,0x0bfa,0x0000} }, /* U+9810 預 */
    { 0x9811u, {0x0624,0x01e4,0x0024,0x03e4,0x0a02,0x0bfa,0x06aa,0x02ae,0x02aa,0x06aa,0x0bfa,0x0000} }, /* U+9811 頑 */
    { 0x9812u, {0x0338,0x08e2,0x0822,0x07ec,0x0800,0x0bfa,0x06aa,0x02ae,0x02aa,0x06aa,0x0bfa,0x0000} }, /* U+9812 頒 */
    { 0x9813u, {0x00e8,0x0088,0x07fe,0x0884,0x0884,0x0bfa,0x06aa,0x02aa,0x02ae,0x06aa,0x0bfa,0x0000} }, /* U+9813 頓 */
    { 0x9817u, {0x0bfc,0x0824,0x05bf,0x0624,0x09ec,0x0800,0x07fa,0x02aa,0x02ae,0x06aa,0x0bfa,0x0000} }, /* U+9817 頗 */
    { 0x9818u, {0x0054,0x0fd2,0x0252,0x01d4,0x0800,0x0bfa,0x06aa,0x02ae,0x02aa,0x06aa,0x0bfa,0x0000} }, /* U+9818 領 */
    { 0x981au, {0x0922,0x092a,0x0fd2,0x091a,0x0926,0x0820,0x07fa,0x02aa,0x02ae,0x06aa,0x0bfa,0x0000} }, /* U+981A 頚 */
    { 0x9821u, {0x0f24,0x093f,0x0924,0x0f24,0x0802,0x0bfa,0x06aa,0x02ae,0x02aa,0x06aa,0x0bfa,0x0000} }, /* U+9821 頡 */
    { 0x9824u, {0x07fe,0x0402,0x079e,0x04f2,0x0802,0x0bfa,0x06aa,0x02ae,0x02aa,0x06aa,0x0bfa,0x0000} }, /* U+9824 頤 */
    { 0x982cu, {0x08b4,0x0484,0x03ff,0x04a4,0x0894,0x0bfa,0x06aa,0x02aa,0x02ae,0x06aa,0x0bfa,0x0000} }, /* U+982C 頬 */
    { 0x982du, {0x08fa,0x0f8a,0x088a,0x0efa,0x0800,0x0bfa,0x06aa,0x02aa,0x02ae,0x06aa,0x0bfa,0x0000} }, /* U+982D 頭 */
    { 0x9834u, {0x0d5e,0x0154,0x0f54,0x0154,0x0902,0x0bfa,0x06aa,0x02ae,0x02aa,0x06aa,0x0bfa,0x0000} }, /* U+9834 頴 */
    { 0x9837u, {0x0f2c,0x092a,0x09aa,0x0f64,0x0802,0x0bfa,0x06aa,0x02ae,0x02aa,0x06aa,0x0bfa,0x0000} }, /* U+9837 頷 */
    { 0x9838u, {0x088a,0x08b6,0x078a,0x04b6,0x0882,0x0bfa,0x06aa,0x02ae,0x02aa,0x06aa,0x0bfa,0x0000} }, /* U+9838 頸 */
    { 0x983bu, {0x08dc,0x0910,0x05ff,0x0414,0x0254,0x0882,0x0bfa,0x06aa,0x02ae,0x06aa,0x0bfa,0x0000} }, /* U+983B 頻 */
    { 0x983cu, {0x04f4,0x0294,0x0fff,0x0294,0x04f4,0x0802,0x0bfa,0x06aa,0x02ae,0x06aa,0x0bfa,0x0000} }, /* U+983C 頼 */
    { 0x983du, {0x0c4a,0x032a,0x01fe,0x0f2a,0x0848,0x0bfa,0x06aa,0x02ae,0x02aa,0x06aa,0x0bfa,0x0000} }, /* U+983D 頽 */
    { 0x9846u, {0x097e,0x054a,0x0ffe,0x014a,0x057e,0x0900,0x0bfa,0x06aa,0x02ae,0x06aa,0x0bfa,0x0000} }, /* U+9846 顆 */
    { 0x984bu, {0x0cfe,0x0092,0x0efe,0x0892,0x02fe,0x0802,0x0bfa,0x06aa,0x02ae,0x06aa,0x0bfa,0x0000} }, /* U+984B 顋 */
    { 0x984cu, {0x0ebe,0x04aa,0x07aa,0x0aaa,0x0abe,0x0800,0x0afa,0x09aa,0x08ae,0x09aa,0x0afa,0x0000} }, /* U+984C 題 */
    { 0x984du, {0x011c,0x0fa4,0x095c,0x0927,0x0f5c,0x0884,0x07fa,0x02aa,0x02ae,0x06aa,0x0bfa,0x0000} }, /* U+984D 額 */
    { 0x984eu, {0x06ae,0x03aa,0x0aae,0x0aaa,0x06ae,0x0800,0x0bfa,0x06aa,0x02ae,0x06aa,0x0bfa,0x0000} }, /* U+984E 顎 */
    { 0x984fu, {0x0bf4,0x0aac,0x0ab7,0x056c,0x0534,0x0802,0x0bfa,0x06aa,0x02ae,0x06aa,0x0bfa,0x0000} }, /* U+984F 顏 */
    { 0x9854u, {0x0be4,0x0abc,0x0aa7,0x0564,0x053c,0x0822,0x0bfa,0x06aa,0x02ae,0x06aa,0x0bfa,0x0000} }, /* U+9854 顔 */
    { 0x9855u, {0x093e,0x0fea,0x082a,0x0fea,0x093e,0x0800,0x07fa,0x02aa,0x02ae,0x06aa,0x0bfa,0x0000} }, /* U+9855 顕 */
    { 0x9858u, {0x05fe,0x02aa,0x08aa,0x0fae,0x02fa,0x0800,0x0bfa,0x06aa,0x02ae,0x06aa,0x0bfa,0x0000} }, /* U+9858 願 */
    { 0x985bu, {0x09f4,0x0554,0x015f,0x0554,0x09f4,0x0802,0x07fa,0x02aa,0x02ae,0x06aa,0x0bfa,0x0000} }, /* U+985B 顛 */
    { 0x985eu, {0x094a,0x0528,0x03fe,0x052a,0x0948,0x0bfa,0x06aa,0x02aa,0x02ae,0x06aa,0x0bfa,0x0000} }, /* U+985E 類 */
    { 0x9867u, {0x0ffa,0x0aaa,0x0aaa,0x0fea,0x0aba,0x0800,0x07fa,0x02aa,0x02ae,0x06aa,0x0bfa,0x0000} }, /* U+9867 顧 */
    { 0x986bu, {0x087c,0x0fc4,0x095c,0x0957,0x0fdc,0x0844,0x0bfa,0x06aa,0x02ae,0x06aa,0x0bfa,0x0000} }, /* U+986B 顫 */
    { 0x986fu, {0x09be,0x056a,0x09aa,0x056a,0x09be,0x0400,0x0bfa,0x06aa,0x02ae,0x06aa,0x0bfa,0x0000} }, /* U+986F 顯 */
    { 0x9870u, {0x04ae,0x04a8,0x077f,0x054a,0x0728,0x0dba,0x056a,0x052e,0x072a,0x046a,0x04ba,0x0000} }, /* U+9870 顰 */
    { 0x9871u, {0x09fc,0x0e54,0x0bd7,0x0e7d,0x0bd5,0x0e4c,0x0bfa,0x02aa,0x02ae,0x06aa,0x0bfa,0x0000} }, /* U+9871 顱 */
    { 0x9873u, {0x07e2,0x02be,0x0fea,0x02aa,0x0ffe,0x0822,0x0bfa,0x06aa,0x02ae,0x06aa,0x0bfa,0x0000} }, /* U+9873 顳 */
    { 0x9874u, {0x0fdc,0x0977,0x0fdc,0x0977,0x0954,0x0bfa,0x06aa,0x02ae,0x02aa,0x06aa,0x0bfa,0x0000} }, /* U+9874 顴 */
    { 0x98a8u, {0x0c00,0x03fe,0x080a,0x09ea,0x092a,0x0ffa,0x092a,0x09ea,0x0c0a,0x01fe,0x0e00,0x0000} }, /* U+98A8 風 */
    { 0x98aau, {0x0c02,0x03e2,0x0822,0x0ba2,0x0aa2,0x0ffe,0x0aaa,0x0baa,0x0c2a,0x01ea,0x0e02,0x0000} }, /* U+98AA 颪 */
    { 0x98afu, {0x05e8,0x040e,0x07f8,0x0c08,0x03fe,0x092a,0x0ffa,0x092a,0x0dea,0x000a,0x0ffe,0x0000} }, /* U+98AF 颯 */
    { 0x98b1u, {0x0bfe,0x092a,0x0ffa,0x092a,0x0d2a,0x03fe,0x0400,0x0bd8,0x0a56,0x0a50,0x0bd8,0x0000} }, /* U+98B1 颱 */
    { 0x98b6u, {0x0bfe,0x092a,0x0ffa,0x092a,0x0d2a,0x03fe,0x0440,0x0b7e,0x084a,0x094a,0x0a7e,0x0000} }, /* U+98B6 颶 */
    { 0x98c3u, {0x0bfe,0x092a,0x0ffa,0x092a,0x0dfe,0x02aa,0x0aba,0x0eae,0x02ba,0x06ae,0x0aba,0x0000} }, /* U+98C3 飃 */
    { 0x98c4u, {0x0aba,0x06aa,0x0abe,0x0eaa,0x03fe,0x092a,0x0ffa,0x092a,0x0dea,0x000a,0x0ffe,0x0000} }, /* U+98C4 飄 */
    { 0x98c6u, {0x0d24,0x03d4,0x0d0f,0x03d4,0x0d25,0x03fe,0x092a,0x0ffa,0x092a,0x092a,0x0dfe,0x0000} }, /* U+98C6 飆 */
    { 0x98dbu, {0x0090,0x0c92,0x03f2,0x008a,0x0082,0x0ffa,0x0082,0x03be,0x0488,0x0954,0x0a22,0x0000} }, /* U+98DB 飛 */
    { 0x98dcu, {0x0fd6,0x0ab2,0x0ffe,0x0a92,0x0e56,0x03fa,0x004a,0x0ffe,0x0042,0x0fde,0x0a94,0x0000} }, /* U+98DC 飜 */
    { 0x98dfu, {0x0820,0x0810,0x0ff8,0x0954,0x0952,0x015a,0x0352,0x0554,0x05f8,0x0a10,0x0920,0x0000} }, /* U+98DF 食 */
    { 0x98e2u, {0x0ff4,0x0952,0x095a,0x0b52,0x05f4,0x0800,0x07fe,0x0002,0x0002,0x0ffe,0x0800,0x0000} }, /* U+98E2 飢 */
    { 0x98e9u, {0x0fec,0x0aaa,0x0aaa,0x0aea,0x0a04,0x00e4,0x0084,0x0fff,0x0884,0x0884,0x0cf4,0x0000} }, /* U+98E9 飩 */
    { 0x98ebu, {0x0fec,0x0aaa,0x0aaa,0x0aea,0x0844,0x0444,0x0244,0x01fc,0x0242,0x0442,0x0840,0x0000} }, /* U+98EB 飫 */
    { 0x98edu, {0x0fec,0x0aaa,0x0aaa,0x0aaa,0x0ae4,0x0018,0x0627,0x01fc,0x0824,0x0824,0x07e4,0x0000} }, /* U+98ED 飭 */
    { 0x98eeu, {0x0fec,0x0aaa,0x0aaa,0x0aaa,0x0aec,0x0800,0x043f,0x0304,0x00fc,0x0304,0x0c3c,0x0000} }, /* U+98EE 飮 */
    { 0x98efu, {0x0ff4,0x0952,0x0b5a,0x0552,0x09f4,0x0000,0x0bfe,0x0812,0x04d2,0x0312,0x0cf2,0x0000} }, /* U+98EF 飯 */
    { 0x98f2u, {0x0ff4,0x0952,0x095a,0x0b52,0x05f4,0x0800,0x043f,0x0304,0x00fc,0x0304,0x0c3c,0x0000} }, /* U+98F2 飲 */
    { 0x98f4u, {0x0ff4,0x0952,0x095a,0x0b52,0x05f4,0x0800,0x0f38,0x0926,0x0920,0x0920,0x0f38,0x0000} }, /* U+98F4 飴 */
    { 0x98fcu, {0x0ff4,0x0952,0x0b5a,0x05f4,0x0800,0x03d2,0x0252,0x0252,0x03d2,0x0802,0x0ffe,0x0000} }, /* U+98FC 飼 */
    { 0x98fdu, {0x0ff4,0x0952,0x0b5a,0x0552,0x09f4,0x0008,0x0f97,0x0894,0x08f4,0x0904,0x0cfc,0x0000} }, /* U+98FD 飽 */
    { 0x98feu, {0x0ff4,0x0952,0x095a,0x0b52,0x05f4,0x0808,0x03e7,0x0024,0x0ffc,0x0424,0x07e4,0x0000} }, /* U+98FE 飾 */
    { 0x9903u, {0x0fec,0x0aaa,0x0aaa,0x0aea,0x0004,0x0824,0x0894,0x0507,0x0204,0x0594,0x0824,0x0000} }, /* U+9903 餃 */
    { 0x9905u, {0x0ff4,0x0952,0x095a,0x0b52,0x05f4,0x0889,0x07fa,0x0088,0x008c,0x0ffb,0x0088,0x0000} }, /* U+9905 餅 */
    { 0x9909u, {0x0fec,0x0aaa,0x0aaa,0x0aea,0x0004,0x0ff8,0x014c,0x014b,0x01c8,0x0808,0x0ff8,0x0000} }, /* U+9909 餉 */
    { 0x990au, {0x0884,0x0894,0x0fd4,0x0977,0x0954,0x035c,0x0554,0x0576,0x0bd5,0x0a94,0x0884,0x0000} }, /* U+990A 養 */
    { 0x990cu, {0x0ff4,0x0952,0x0b5a,0x0552,0x09f4,0x0402,0x07fe,0x0492,0x0492,0x0ffe,0x0202,0x0000} }, /* U+990C 餌 */
    { 0x9910u, {0x0890,0x089f,0x0fea,0x0aaa,0x0aba,0x02a0,0x06a2,0x0a9a,0x0bd2,0x0caa,0x0926,0x0000} }, /* U+9910 餐 */
    { 0x9912u, {0x0fec,0x0aaa,0x0aaa,0x0aea,0x0898,0x0a86,0x0782,0x04da,0x0482,0x0b8a,0x0892,0x0000} }, /* U+9912 餒 */
    { 0x9913u, {0x0ff4,0x0952,0x0b5a,0x05f4,0x0912,0x0ffe,0x0892,0x0410,0x04ff,0x0310,0x0cd6,0x0000} }, /* U+9913 餓 */
    { 0x9914u, {0x0fec,0x0aaa,0x0aaa,0x0aea,0x0004,0x0ff4,0x0154,0x0fff,0x0154,0x0954,0x0ff6,0x0000} }, /* U+9914 餔 */
    { 0x9918u, {0x0fec,0x0aaa,0x0aaa,0x0aea,0x0488,0x0294,0x0892,0x0ff2,0x0092,0x0294,0x0498,0x0000} }, /* U+9918 餘 */
    { 0x991du, {0x0fec,0x0aaa,0x0aaa,0x0aaa,0x0ae4,0x0024,0x032f,0x08f4,0x08a4,0x04af,0x03a4,0x0000} }, /* U+991D 餝 */
    { 0x991eu, {0x0fec,0x0aaa,0x0aaa,0x0aea,0x0884,0x09e4,0x06af,0x0494,0x0ad4,0x09ac,0x0cb6,0x0000} }, /* U+991E 餞 */
    { 0x9920u, {0x0fec,0x0aaa,0x0aaa,0x0ae2,0x0088,0x0c8c,0x03fb,0x0048,0x008c,0x0ffb,0x0088,0x0000} }, /* U+9920 餠 */
    { 0x9921u, {0x0fec,0x0aaa,0x0aaa,0x0aea,0x0008,0x0fe4,0x0922,0x0912,0x0802,0x092a,0x0fe6,0x0000} }, /* U+9921 餡 */
    { 0x9924u, {0x0fec,0x0aaa,0x0aaa,0x0aaa,0x0ae4,0x0000,0x09a6,0x0410,0x038f,0x0514,0x08a2,0x0000} }, /* U+9924 餤 */
    { 0x9928u, {0x0ff4,0x0952,0x0b5a,0x0552,0x09f0,0x000c,0x0ff4,0x0957,0x0954,0x0974,0x0f1c,0x0000} }, /* U+9928 館 */
    { 0x992cu, {0x0fec,0x0aaa,0x0aea,0x0a0a,0x07c8,0x047f,0x0c48,0x07fe,0x0092,0x0892,0x0ffe,0x0000} }, /* U+992C 餬 */
    { 0x992eu, {0x092a,0x08a6,0x0fea,0x0a92,0x0aae,0x02a2,0x06a4,0x0ab2,0x0bea,0x0ca2,0x0914,0x0000} }, /* U+992E 餮 */
    { 0x993du, {0x0fec,0x0aaa,0x0aaa,0x0aea,0x0800,0x04fc,0x0296,0x0ffd,0x0894,0x0b94,0x0cfc,0x0000} }, /* U+993D 餽 */
    { 0x993eu, {0x0fec,0x0aaa,0x0aaa,0x0ae0,0x003e,0x0fa2,0x0a98,0x0fb2,0x0a8e,0x0aa2,0x0fbe,0x0000} }, /* U+993E 餾 */
    { 0x9942u, {0x0fec,0x0aaa,0x0aaa,0x0aea,0x0f80,0x08be,0x0faa,0x08a6,0x0faa,0x08be,0x0f80,0x0000} }, /* U+9942 饂 */
    { 0x9945u, {0x0fec,0x0aaa,0x0aaa,0x0aaa,0x08e0,0x09be,0x06ea,0x04aa,0x04ea,0x0bbe,0x08e0,0x0000} }, /* U+9945 饅 */
    { 0x9949u, {0x0fec,0x0aaa,0x0aaa,0x0aea,0x0004,0x0af4,0x0a9f,0x0a94,0x0ff4,0x0a9f,0x0af4,0x0000} }, /* U+9949 饉 */
    { 0x994bu, {0x0fec,0x0aaa,0x0aaa,0x0aea,0x085c,0x07d4,0x0554,0x057f,0x0554,0x0fd4,0x085c,0x0000} }, /* U+994B 饋 */
    { 0x994cu, {0x0fec,0x0aaa,0x0aea,0x0000,0x0abe,0x0aaa,0x07ee,0x0280,0x02be,0x07ea,0x0aae,0x0000} }, /* U+994C 饌 */
    { 0x9950u, {0x0fec,0x0aaa,0x0aaa,0x0aea,0x0834,0x09d4,0x0f54,0x095f,0x0f54,0x09d4,0x0834,0x0000} }, /* U+9950 饐 */
    { 0x9951u, {0x0fec,0x0aaa,0x0aea,0x080a,0x07b4,0x02aa,0x0ab0,0x08ef,0x07b4,0x04aa,0x0ab4,0x0000} }, /* U+9951 饑 */
    { 0x9952u, {0x0fec,0x0aaa,0x0aea,0x0a0a,0x0954,0x05f4,0x0354,0x011f,0x0f54,0x09f4,0x0d54,0x0000} }, /* U+9952 饒 */
    { 0x9955u, {0x0928,0x089e,0x0fea,0x0aaa,0x0abe,0x02a4,0x06b4,0x0aaf,0x0bf5,0x0ca5,0x092c,0x0000} }, /* U+9955 饕 */
    { 0x9957u, {0x0934,0x08aa,0x0ff4,0x0a80,0x0abe,0x02ea,0x069e,0x0aa0,0x0bfe,0x0caa,0x0936,0x0000} }, /* U+9957 饗 */
    { 0x9996u, {0x0008,0x0008,0x0fe9,0x0aaa,0x0ab8,0x0aa8,0x0aa8,0x0aac,0x0feb,0x0008,0x0008,0x0000} }, /* U+9996 首 */
    { 0x9997u, {0x0c10,0x03fe,0x0010,0x07f0,0x0804,0x0bf7,0x0a54,0x0a5c,0x0a56,0x0a55,0x0bf4,0x0000} }, /* U+9997 馗 */
    { 0x9998u, {0x0fee,0x0ab8,0x0aae,0x0fe8,0x0204,0x0ae4,0x0aa4,0x04e4,0x023f,0x01c4,0x0e36,0x0000} }, /* U+9998 馘 */
    { 0x9999u, {0x0048,0x004a,0x0faa,0x0a9a,0x0a8a,0x0afe,0x0a8a,0x0a9a,0x0faa,0x004a,0x0088,0x0000} }, /* U+9999 香 */
    { 0x99a5u, {0x0fca,0x0aaa,0x0afe,0x0a8a,0x0faa,0x0948,0x0bfc,0x0557,0x0554,0x0554,0x0b7c,0x0000} }, /* U+99A5 馥 */
    { 0x99a8u, {0x04ca,0x02ba,0x0faa,0x0abf,0x0aaa,0x0bfa,0x0aa6,0x0a92,0x0f92,0x02ae,0x04a8,0x0000} }, /* U+99A8 馨 */
    { 0x99acu, {0x0400,0x02fe,0x00aa,0x06aa,0x00aa,0x06fe,0x00aa,0x06aa,0x08aa,0x0882,0x0780,0x0000} }, /* U+99AC 馬 */
    { 0x99adu, {0x02fe,0x00aa,0x0afe,0x08aa,0x07aa,0x0800,0x0872,0x0582,0x0202,0x0582,0x087e,0x0000} }, /* U+99AD 馭 */
    { 0x99aeu, {0x0c04,0x0308,0x0000,0x06fe,0x00aa,0x06aa,0x00fe,0x06aa,0x08aa,0x08aa,0x0782,0x0000} }, /* U+99AE 馮 */
    { 0x99b3u, {0x02fe,0x0aaa,0x08fe,0x07aa,0x0022,0x07fc,0x0810,0x09ff,0x0808,0x0884,0x0cfc,0x0000} }, /* U+99B3 馳 */
    { 0x99b4u, {0x02fe,0x00aa,0x0afe,0x08aa,0x07aa,0x0c00,0x03fe,0x0000,0x03fc,0x0000,0x0ffe,0x0000} }, /* U+99B4 馴 */
    { 0x99bcu, {0x02fe,0x00aa,0x0afe,0x08aa,0x07aa,0x0808,0x0878,0x0588,0x020f,0x0588,0x0878,0x0000} }, /* U+99BC 馼 */
    { 0x99c1u, {0x02fe,0x00aa,0x0afe,0x08aa,0x07aa,0x0000,0x08a2,0x0514,0x0208,0x0514,0x08a2,0x0000} }, /* U+99C1 駁 */
    { 0x99c4u, {0x02fe,0x00aa,0x0afe,0x08aa,0x07aa,0x0108,0x04c8,0x083f,0x00c8,0x0308,0x0c08,0x0000} }, /* U+99C4 駄 */
    { 0x99c5u, {0x02fe,0x00aa,0x0afe,0x08aa,0x07aa,0x0c00,0x03fe,0x0022,0x00e2,0x0322,0x0c3e,0x0000} }, /* U+99C5 駅 */
    { 0x99c6u, {0x02fe,0x00aa,0x0afe,0x08aa,0x07aa,0x0000,0x0ffe,0x0a02,0x099a,0x0862,0x0b9a,0x0000} }, /* U+99C6 駆 */
    { 0x99c8u, {0x02fe,0x00aa,0x0afe,0x08aa,0x07aa,0x0800,0x0ffc,0x0824,0x0822,0x0fe2,0x0820,0x0000} }, /* U+99C8 駈 */
    { 0x99d0u, {0x02fe,0x00aa,0x0afe,0x08aa,0x07aa,0x0000,0x0888,0x0889,0x0ffa,0x0888,0x0888,0x0000} }, /* U+99D0 駐 */
    { 0x99d1u, {0x0824,0x05ec,0x0157,0x0d54,0x016c,0x0dc4,0x0162,0x0d5a,0x0152,0x096a,0x0f26,0x0000} }, /* U+99D1 駑 */
    { 0x99d2u, {0x02fe,0x00aa,0x0afe,0x08aa,0x0782,0x0018,0x01e7,0x0924,0x09e4,0x0404,0x03fc,0x0000} }, /* U+99D2 駒 */
    { 0x99d5u, {0x0824,0x0414,0x01ff,0x0d54,0x0154,0x0dfc,0x0150,0x0d5e,0x0152,0x0952,0x0f1e,0x0000} }, /* U+99D5 駕 */
    { 0x99d8u, {0x02fe,0x00aa,0x0afe,0x08aa,0x07aa,0x0000,0x0f9c,0x0893,0x0890,0x0890,0x0f9c,0x0000} }, /* U+99D8 駘 */
    { 0x99dbu, {0x02fe,0x00aa,0x0afe,0x08aa,0x0782,0x087c,0x0544,0x0244,0x05ff,0x0844,0x087c,0x0000} }, /* U+99DB 駛 */
    { 0x99ddu, {0x02fe,0x00aa,0x0afe,0x08aa,0x0782,0x001c,0x0fe4,0x0887,0x0884,0x0844,0x0c5c,0x0000} }, /* U+99DD 駝 */
    { 0x99dfu, {0x02fe,0x00aa,0x0afe,0x08aa,0x07fe,0x0882,0x087e,0x0802,0x08fe,0x0882,0x0ffe,0x0000} }, /* U+99DF 駟 */
    { 0x99e2u, {0x02fe,0x0aaa,0x08fe,0x07aa,0x0082,0x0c89,0x03fa,0x0088,0x008c,0x0ffb,0x0088,0x0000} }, /* U+99E2 駢 */
    { 0x99edu, {0x02fe,0x00aa,0x0afe,0x08aa,0x07aa,0x0804,0x0914,0x04ac,0x0247,0x0524,0x0894,0x0000} }, /* U+99ED 駭 */
    { 0x99eeu, {0x02fe,0x00aa,0x0afe,0x08aa,0x0782,0x0824,0x0894,0x0504,0x0207,0x0594,0x0824,0x0000} }, /* U+99EE 駮 */
    { 0x99f1u, {0x02fe,0x00aa,0x0afe,0x08aa,0x07aa,0x0110,0x0f88,0x0957,0x0924,0x0954,0x0f8c,0x0000} }, /* U+99F1 駱 */
    { 0x99f2u, {0x02fe,0x00aa,0x0afe,0x08aa,0x07aa,0x0c20,0x03fe,0x0020,0x07fe,0x0020,0x0ffe,0x0000} }, /* U+99F2 駲 */
    { 0x99f8u, {0x02fe,0x0aaa,0x08fe,0x07aa,0x0860,0x08aa,0x06aa,0x04aa,0x04aa,0x0bbe,0x0868,0x0000} }, /* U+99F8 駸 */
    { 0x99fbu, {0x02fe,0x00aa,0x0afe,0x08aa,0x07aa,0x0000,0x057e,0x054a,0x0f4a,0x054a,0x057e,0x0000} }, /* U+99FB 駻 */
    { 0x99ffu, {0x02fe,0x0aaa,0x08fe,0x07aa,0x0948,0x0b4c,0x04bb,0x0488,0x06b8,0x09ce,0x0868,0x0000} }, /* U+99FF 駿 */
    { 0x9a01u, {0x02fe,0x0aaa,0x08fe,0x07aa,0x0040,0x067c,0x01d4,0x017f,0x0954,0x0954,0x077c,0x0000} }, /* U+9A01 騁 */
    { 0x9a05u, {0x02fe,0x00aa,0x0afe,0x08aa,0x07aa,0x0010,0x0ff8,0x092f,0x0928,0x0ffe,0x0928,0x0000} }, /* U+9A05 騅 */
    { 0x9a0eu, {0x02fe,0x0aaa,0x08fe,0x07aa,0x0064,0x0754,0x054c,0x0747,0x004c,0x0854,0x0fe4,0x0000} }, /* U+9A0E 騎 */
    { 0x9a0fu, {0x02fe,0x00aa,0x0afe,0x08aa,0x07aa,0x0904,0x05ff,0x0154,0x0154,0x05ff,0x0904,0x0000} }, /* U+9A0F 騏 */
    { 0x9a12u, {0x02fe,0x00aa,0x0afe,0x08aa,0x078a,0x0820,0x0ba2,0x0a9a,0x0fd2,0x0aaa,0x0da6,0x0000} }, /* U+9A12 騒 */
    { 0x9a13u, {0x02fe,0x0aaa,0x08fe,0x07aa,0x0808,0x09ec,0x052a,0x03fa,0x052a,0x092a,0x09ec,0x0000} }, /* U+9A13 験 */
    { 0x9a19u, {0x02fe,0x00aa,0x0afe,0x08aa,0x07aa,0x0100,0x0ffa,0x02aa,0x0faa,0x02aa,0x0fba,0x0000} }, /* U+9A19 騙 */
    { 0x9a28u, {0x02fe,0x0aaa,0x08fe,0x07aa,0x0000,0x05fb,0x0528,0x052b,0x0ff8,0x052a,0x05f9,0x0000} }, /* U+9A28 騨 */
    { 0x9a2bu, {0x024c,0x0954,0x05d4,0x017c,0x0d54,0x01d7,0x0d54,0x017c,0x09d4,0x0f54,0x014c,0x0000} }, /* U+9A2B 騫 */
    { 0x9a30u, {0x0ffe,0x0092,0x0ffe,0x0000,0x0df4,0x0156,0x0d5c,0x01f7,0x0d5c,0x0976,0x0f54,0x0000} }, /* U+9A30 騰 */
    { 0x9a37u, {0x02fe,0x0aaa,0x08fe,0x07aa,0x0800,0x0baa,0x0aa6,0x0fda,0x0a96,0x0aaa,0x0da6,0x0000} }, /* U+9A37 騷 */
    { 0x9a3eu, {0x02fe,0x0aaa,0x08fe,0x07aa,0x0900,0x05be,0x016a,0x0f3e,0x01aa,0x056a,0x093e,0x0000} }, /* U+9A3E 騾 */
    { 0x9a40u, {0x0244,0x0944,0x05fc,0x0157,0x0d54,0x01d4,0x0d54,0x0157,0x09fc,0x0f44,0x0144,0x0000} }, /* U+9A40 驀 */
    { 0x9a42u, {0x02fe,0x0aaa,0x08fe,0x07aa,0x0134,0x0aac,0x0a66,0x0935,0x056c,0x04a6,0x02b4,0x0000} }, /* U+9A42 驂 */
    { 0x9a43u, {0x02fe,0x0aaa,0x08fe,0x07aa,0x0a3a,0x06aa,0x0abe,0x0eaa,0x02be,0x06aa,0x0aba,0x0000} }, /* U+9A43 驃 */
    { 0x9a45u, {0x02fe,0x00aa,0x0afe,0x08aa,0x07aa,0x0000,0x0ffe,0x0a82,0x0bba,0x0aaa,0x0bba,0x0000} }, /* U+9A45 驅 */
    { 0x9a4du, {0x02fe,0x0aaa,0x08fe,0x07aa,0x0954,0x05f4,0x0354,0x011f,0x0f54,0x09f4,0x0d54,0x0000} }, /* U+9A4D 驍 */
    { 0x9a55u, {0x02fe,0x00aa,0x0afe,0x08aa,0x07c0,0x012a,0x077a,0x054e,0x077a,0x012a,0x0f4a,0x0000} }, /* U+9A55 驕 */
    { 0x9a57u, {0x02fe,0x0aaa,0x08fe,0x07aa,0x0804,0x05ea,0x032a,0x092a,0x05ea,0x032a,0x0dec,0x0000} }, /* U+9A57 驗 */
    { 0x9a5au, {0x0804,0x05de,0x0154,0x0d5e,0x0164,0x0ddc,0x0167,0x0d5c,0x0154,0x096c,0x0f24,0x0000} }, /* U+9A5A 驚 */
    { 0x9a5bu, {0x02fe,0x0aaa,0x08fe,0x07aa,0x011e,0x0552,0x05de,0x0f72,0x055e,0x05d2,0x055e,0x0000} }, /* U+9A5B 驛 */
    { 0x9a5fu, {0x02fe,0x0aaa,0x08fe,0x07a2,0x0a7e,0x052a,0x017e,0x0fc2,0x02ba,0x04a2,0x0a5e,0x0000} }, /* U+9A5F 驟 */
    { 0x9a62u, {0x02fe,0x00aa,0x0afe,0x08aa,0x0782,0x08fc,0x0e54,0x0bd7,0x0e7d,0x0bd5,0x0e4c,0x0000} }, /* U+9A62 驢 */
    { 0x9a64u, {0x02fe,0x0aaa,0x08fe,0x07aa,0x055c,0x0d54,0x0bfc,0x0947,0x03fc,0x0554,0x0b5c,0x0000} }, /* U+9A64 驤 */
    { 0x9a65u, {0x02fe,0x0aaa,0x08fe,0x07aa,0x0414,0x0df4,0x075f,0x05f0,0x055f,0x0754,0x0df2,0x0000} }, /* U+9A65 驥 */
    { 0x9a69u, {0x02fe,0x0aaa,0x08fe,0x07aa,0x009c,0x0fd4,0x097f,0x0944,0x0fdc,0x0977,0x095c,0x0000} }, /* U+9A69 驩 */
    { 0x9a6au, {0x02fe,0x00aa,0x0afe,0x08aa,0x07da,0x094a,0x09da,0x0160,0x0fda,0x094a,0x0dda,0x0000} }, /* U+9A6A 驪 */
    { 0x9a6bu, {0x0be0,0x02be,0x0bea,0x02aa,0x0eaa,0x003e,0x0bea,0x02aa,0x0bea,0x02aa,0x0ea0,0x0000} }, /* U+9A6B 驫 */
    { 0x9aa8u, {0x00e0,0x0020,0x0ffe,0x02a2,0x02a2,0x02ba,0x02aa,0x0aaa,0x0ffe,0x0020,0x00e0,0x0000} }, /* U+9AA8 骨 */
    { 0x9aadu, {0x0060,0x0fbe,0x02a2,0x0aaa,0x0fbe,0x0060,0x0042,0x0042,0x0ffe,0x0042,0x0042,0x0000} }, /* U+9AAD 骭 */
    { 0x9ab0u, {0x0060,0x0fbe,0x02a2,0x02aa,0x0fbe,0x0860,0x0b9e,0x0482,0x0482,0x0abe,0x09a0,0x0000} }, /* U+9AB0 骰 */
    { 0x9ab8u, {0x0060,0x0fbe,0x02a2,0x0aaa,0x0fbe,0x0964,0x0914,0x04af,0x0244,0x0524,0x0894,0x0000} }, /* U+9AB8 骸 */
    { 0x9abcu, {0x0060,0x0fbe,0x02a2,0x0aaa,0x0fbe,0x0160,0x0f88,0x0957,0x0924,0x0954,0x0f8c,0x0000} }, /* U+9ABC 骼 */
    { 0x9ac0u, {0x0060,0x0fbe,0x02aa,0x0fbe,0x0420,0x06fc,0x0594,0x04fe,0x0f95,0x0494,0x04fc,0x0000} }, /* U+9AC0 髀 */
    { 0x9ac4u, {0x0060,0x0fbe,0x02aa,0x0fbe,0x0964,0x0748,0x0424,0x0bf4,0x095f,0x0954,0x0bf4,0x0000} }, /* U+9AC4 髄 */
    { 0x9acfu, {0x0060,0x0fbe,0x02aa,0x0fbe,0x0920,0x0bfc,0x0554,0x05ff,0x0554,0x0b54,0x09fc,0x0000} }, /* U+9ACF 髏 */
    { 0x9ad1u, {0x0060,0x0fbe,0x02aa,0x0fbe,0x0060,0x0bbe,0x0fea,0x0aae,0x07aa,0x082a,0x0fee,0x0000} }, /* U+9AD1 髑 */
    { 0x9ad3u, {0x0060,0x0fbe,0x02aa,0x0fbe,0x0964,0x0748,0x0434,0x0bdc,0x0957,0x0974,0x0bd4,0x0000} }, /* U+9AD3 髓 */
    { 0x9ad4u, {0x0060,0x0fbe,0x02aa,0x0fbe,0x0854,0x09d4,0x0f7f,0x0954,0x0f7f,0x09d4,0x087c,0x0000} }, /* U+9AD4 體 */
    { 0x9ad8u, {0x0fc4,0x0044,0x0044,0x075c,0x0554,0x0557,0x0554,0x075c,0x0044,0x0844,0x0fc4,0x0000} }, /* U+9AD8 高 */
    { 0x9adeu, {0x0fdc,0x0557,0x075c,0x0844,0x0ff8,0x0948,0x057e,0x030a,0x0ffa,0x054e,0x0978,0x0000} }, /* U+9ADE 髞 */
    { 0x9adfu, {0x0ffe,0x08aa,0x08aa,0x05aa,0x02aa,0x0482,0x0000,0x0844,0x0844,0x0422,0x0422,0x0000} }, /* U+9ADF 髟 */
    { 0x9ae2u, {0x02a0,0x02fe,0x0faa,0x092a,0x096a,0x0baa,0x08a0,0x0854,0x0a54,0x0bea,0x0c2a,0x0000} }, /* U+9AE2 髢 */
    { 0x9ae3u, {0x00a8,0x08be,0x08aa,0x04aa,0x039a,0x02ea,0x0a88,0x0aa4,0x0aa4,0x0692,0x0092,0x0000} }, /* U+9AE3 髣 */
    { 0x9ae6u, {0x0420,0x05fe,0x052a,0x052a,0x0f6a,0x0aaa,0x0aa0,0x0a94,0x0a94,0x094a,0x0d4a,0x0000} }, /* U+9AE6 髦 */
    { 0x9aeau, {0x0520,0x05fe,0x0b2a,0x092a,0x0b6a,0x05aa,0x0520,0x0554,0x0754,0x092a,0x092a,0x0000} }, /* U+9AEA 髪 */
    { 0x9aebu, {0x00a0,0x02fe,0x0eaa,0x0baa,0x0aea,0x0aaa,0x0a80,0x0aa4,0x0aa4,0x0e92,0x0392,0x0000} }, /* U+9AEB 髫 */
    { 0x9aedu, {0x0820,0x0efe,0x08aa,0x0faa,0x0a6a,0x0aaa,0x0020,0x0fd4,0x0954,0x092a,0x0d2a,0x0000} }, /* U+9AED 髭 */
    { 0x9aeeu, {0x0520,0x05fe,0x0b2a,0x092a,0x0b6a,0x05aa,0x0520,0x0554,0x0554,0x0baa,0x092a,0x0000} }, /* U+9AEE 髮 */
    { 0x9aefu, {0x0420,0x0ffe,0x052a,0x052a,0x056a,0x07aa,0x0520,0x0554,0x0554,0x0f2a,0x042a,0x0000} }, /* U+9AEF 髯 */
    { 0x9af1u, {0x0320,0x00fe,0x0faa,0x0aaa,0x0aea,0x0aaa,0x0a80,0x0ba4,0x08a4,0x0a92,0x0b92,0x0000} }, /* U+9AF1 髱 */
    { 0x9af4u, {0x03a0,0x0abe,0x0aaa,0x07ea,0x02aa,0x02aa,0x0fe0,0x02a4,0x0aa4,0x0af2,0x0612,0x0000} }, /* U+9AF4 髴 */
    { 0x9af7u, {0x0020,0x0ffe,0x0aaa,0x0aaa,0x0fea,0x0aaa,0x0a80,0x0fe4,0x0aa4,0x0a92,0x0f92,0x0000} }, /* U+9AF7 髷 */
    { 0x9afbu, {0x00a0,0x02fe,0x0eaa,0x0aaa,0x0aaa,0x0bea,0x0a80,0x0aa4,0x0ea4,0x0292,0x0092,0x0000} }, /* U+9AFB 髻 */
    { 0x9b06u, {0x04a0,0x02be,0x0fea,0x00aa,0x0b2a,0x08ea,0x0c20,0x0b54,0x0854,0x0cca,0x0b0a,0x0000} }, /* U+9B06 鬆 */
    { 0x9b18u, {0x0ba0,0x0abe,0x0aea,0x0baa,0x06aa,0x04aa,0x06a0,0x0ba4,0x0ae4,0x0a92,0x0b92,0x0000} }, /* U+9B18 鬘 */
    { 0x9b1au, {0x0920,0x093e,0x04aa,0x04aa,0x082a,0x0fea,0x0550,0x0554,0x0574,0x054a,0x0fca,0x0000} }, /* U+9B1A 鬚 */
    { 0x9b1fu, {0x0480,0x04fe,0x0caa,0x0baa,0x0aea,0x02aa,0x06e0,0x0aa4,0x0ba4,0x0cf2,0x0892,0x0000} }, /* U+9B1F 鬟 */
    { 0x9b22u, {0x0ac8,0x0a7e,0x07ca,0x054a,0x055a,0x05ea,0x0540,0x0554,0x07d4,0x084a,0x08ca,0x0000} }, /* U+9B22 鬢 */
    { 0x9b23u, {0x0820,0x0ffe,0x0aaa,0x02aa,0x08ea,0x0faa,0x0ae0,0x0aa4,0x08a4,0x03f2,0x0c12,0x0000} }, /* U+9B23 鬣 */
    { 0x9b25u, {0x0ffe,0x0000,0x004a,0x007e,0x004a,0x0000,0x004a,0x007e,0x004a,0x0800,0x0ffe,0x0000} }, /* U+9B25 鬥 */
    { 0x9b27u, {0x0ffe,0x0000,0x0eaa,0x02be,0x02aa,0x0fc0,0x02aa,0x0abe,0x0eaa,0x0000,0x0ffe,0x0000} }, /* U+9B27 鬧 */
    { 0x9b28u, {0x0ffe,0x0000,0x052a,0x0d3e,0x07aa,0x0500,0x07aa,0x0d3e,0x052a,0x0000,0x0ffe,0x0000} }, /* U+9B28 鬨 */
    { 0x9b29u, {0x0ffe,0x0000,0x0bea,0x0abe,0x06aa,0x0200,0x0eaa,0x0abe,0x0bea,0x0000,0x0ffe,0x0000} }, /* U+9B29 鬩 */
    { 0x9b2au, {0x0ffe,0x0000,0x0baa,0x0ebe,0x0baa,0x0080,0x02aa,0x08be,0x0fea,0x0080,0x0ffe,0x0000} }, /* U+9B2A 鬪 */
    { 0x9b2eu, {0x0ffe,0x0080,0x03ca,0x02be,0x0faa,0x0aa0,0x0fea,0x0abe,0x0baa,0x0000,0x0ffe,0x0000} }, /* U+9B2E 鬮 */
    { 0x9b2fu, {0x007c,0x07c0,0x0a52,0x0a44,0x0a68,0x0a53,0x0a68,0x0944,0x0952,0x0d40,0x007c,0x0000} }, /* U+9B2F 鬯 */
    { 0x9b31u, {0x00f4,0x0fac,0x0a7e,0x0aa4,0x096b,0x0dfe,0x02aa,0x0aa4,0x097e,0x052c,0x04f4,0x0000} }, /* U+9B31 鬱 */
    { 0x9b32u, {0x0f82,0x0282,0x02ba,0x05aa,0x04aa,0x0caa,0x04aa,0x07aa,0x02ba,0x0a82,0x0f82,0x0000} }, /* U+9B32 鬲 */
    { 0x9b3bu, {0x0f5a,0x0576,0x05c0,0x036a,0x054c,0x0d7f,0x0548,0x036a,0x05c0,0x055a,0x0f76,0x0000} }, /* U+9B3B 鬻 */
    { 0x9b3cu, {0x0800,0x08fc,0x0494,0x0394,0x00fe,0x0795,0x0894,0x0b94,0x0afc,0x0b00,0x0c00,0x0000} }, /* U+9B3C 鬼 */
    { 0x9b41u, {0x0cfc,0x0394,0x00fe,0x0f95,0x0894,0x0bfc,0x0a00,0x0a92,0x08a4,0x0880,0x0dfe,0x0000} }, /* U+9B41 魁 */
    { 0x9b42u, {0x0724,0x04e4,0x0624,0x0020,0x0cfc,0x0394,0x0096,0x0ffd,0x0894,0x0b94,0x0cfc,0x0000} }, /* U+9B42 魂 */
    { 0x9b43u, {0x0cfc,0x0396,0x00fd,0x0794,0x08fc,0x0b04,0x0ae4,0x0a1f,0x0934,0x08c4,0x0b36,0x0000} }, /* U+9B43 魃 */
    { 0x9b44u, {0x07f8,0x044e,0x07f8,0x0000,0x0cfc,0x0394,0x0096,0x0ffd,0x0894,0x0b94,0x0cfc,0x0000} }, /* U+9B44 魄 */
    { 0x9b45u, {0x0cfc,0x0396,0x00fd,0x0f94,0x08fc,0x0b10,0x0a94,0x0854,0x0bff,0x0854,0x0c94,0x0000} }, /* U+9B45 魅 */
    { 0x9b4du, {0x0cfc,0x0396,0x00fd,0x0794,0x0894,0x0bfe,0x08aa,0x0bf2,0x0aae,0x08a2,0x0bfe,0x0000} }, /* U+9B4D 魍 */
    { 0x9b4eu, {0x0cfc,0x0396,0x00fd,0x0794,0x0afe,0x0b2a,0x084a,0x0bfe,0x082a,0x0a4a,0x0bfa,0x0000} }, /* U+9B4E 魎 */
    { 0x9b4fu, {0x094a,0x072a,0x05fe,0x0b2a,0x094a,0x04fc,0x0294,0x0796,0x08fd,0x0b94,0x0cfc,0x0000} }, /* U+9B4F 魏 */
    { 0x9b51u, {0x0cfc,0x0396,0x00fd,0x0794,0x08fc,0x0ba4,0x08ac,0x0bf7,0x0aac,0x08a4,0x0bb4,0x0000} }, /* U+9B51 魑 */
    { 0x9b54u, {0x0600,0x01fc,0x0854,0x0bb4,0x0afc,0x0694,0x03e7,0x0e94,0x0afc,0x0bb4,0x0c54,0x0000} }, /* U+9B54 魔 */
    { 0x9b58u, {0x087e,0x0b82,0x0afa,0x06ae,0x02aa,0x03fe,0x0e8a,0x0aea,0x0a9e,0x0baa,0x0c4e,0x0000} }, /* U+9B58 魘 */
    { 0x9b5au, {0x0810,0x05f8,0x012c,0x052a,0x092a,0x01fa,0x052a,0x092e,0x012a,0x05f8,0x0800,0x0000} }, /* U+9B5A 魚 */
    { 0x9b6fu, {0x0088,0x0f7c,0x0aaa,0x0aea,0x0aaa,0x0aba,0x0aee,0x0aaa,0x0aa8,0x0f78,0x0080,0x0000} }, /* U+9B6F 魯 */
    { 0x9b74u, {0x0df4,0x0152,0x0dfa,0x0156,0x0df0,0x0004,0x0184,0x087f,0x0824,0x0424,0x03e4,0x0000} }, /* U+9B74 魴 */
    { 0x9b83u, {0x0df4,0x0152,0x0dfa,0x0156,0x0df0,0x0122,0x0112,0x0102,0x0ffe,0x0112,0x0122,0x0000} }, /* U+9B83 鮃 */
    { 0x9b8eu, {0x0df4,0x0152,0x0dfa,0x0156,0x0df0,0x0000,0x0f80,0x08ff,0x0888,0x0888,0x0f88,0x0000} }, /* U+9B8E 鮎 */
    { 0x9b91u, {0x0df4,0x0152,0x0dfa,0x0156,0x0df0,0x0018,0x0ff7,0x0894,0x08f4,0x0904,0x0dfc,0x0000} }, /* U+9B91 鮑 */
    { 0x9b92u, {0x0df4,0x0152,0x0dfa,0x0156,0x0df0,0x0020,0x0ff8,0x000e,0x0048,0x0888,0x0ffe,0x0000} }, /* U+9B92 鮒 */
    { 0x9b93u, {0x0df4,0x0152,0x0dfa,0x0156,0x0df0,0x000f,0x0004,0x0ffc,0x0124,0x0124,0x0124,0x0000} }, /* U+9B93 鮓 */
    { 0x9b96u, {0x0df4,0x0152,0x0dfa,0x0156,0x0df0,0x0082,0x0fc2,0x0862,0x085e,0x0842,0x0fc2,0x0000} }, /* U+9B96 鮖 */
    { 0x9b97u, {0x0df4,0x0152,0x0dfa,0x0156,0x0df0,0x0048,0x0457,0x04a4,0x0924,0x0954,0x084c,0x0000} }, /* U+9B97 鮗 */
    { 0x9b9fu, {0x0df4,0x0152,0x0dfa,0x0156,0x0df0,0x085c,0x0bc4,0x0477,0x0644,0x09c4,0x085c,0x0000} }, /* U+9B9F 鮟 */
    { 0x9ba0u, {0x0df4,0x0152,0x0dfa,0x0156,0x0ff0,0x0014,0x0fd2,0x0852,0x095a,0x09d6,0x0c10,0x0000} }, /* U+9BA0 鮠 */
    { 0x9ba8u, {0x0df4,0x0152,0x0dfa,0x0156,0x0df0,0x0000,0x0f9e,0x0aa4,0x0aa4,0x0aa2,0x0fb2,0x0000} }, /* U+9BA8 鮨 */
    { 0x9baau, {0x0df4,0x0152,0x0dfa,0x0156,0x0df0,0x0024,0x0ff4,0x015f,0x0154,0x0954,0x0ff4,0x0000} }, /* U+9BAA 鮪 */
    { 0x9babu, {0x0df4,0x0152,0x0dfa,0x0156,0x0df0,0x0824,0x0894,0x0507,0x0204,0x0514,0x08a4,0x0000} }, /* U+9BAB 鮫 */
    { 0x9badu, {0x0df4,0x0152,0x0dfa,0x0156,0x0df0,0x0820,0x0924,0x0924,0x0fff,0x0924,0x0924,0x0000} }, /* U+9BAD 鮭 */
    { 0x9baeu, {0x0df4,0x0152,0x0dfa,0x0156,0x0df0,0x0209,0x024a,0x0248,0x0ffc,0x024b,0x0248,0x0000} }, /* U+9BAE 鮮 */
    { 0x9bb4u, {0x0df4,0x0152,0x0dfa,0x0156,0x0ff8,0x0216,0x0110,0x0090,0x0fff,0x0110,0x0210,0x0000} }, /* U+9BB4 鮴 */
    { 0x9bb9u, {0x0df4,0x0152,0x0dfa,0x0156,0x0df0,0x0008,0x0fe4,0x02a0,0x02bf,0x0aa4,0x0fe8,0x0000} }, /* U+9BB9 鮹 */
    { 0x9bc0u, {0x0df4,0x0152,0x0dfa,0x0156,0x09f0,0x0512,0x01aa,0x0f46,0x0122,0x0512,0x0982,0x0000} }, /* U+9BC0 鯀 */
    { 0x9bc6u, {0x0df4,0x0152,0x0dfa,0x0156,0x0ff4,0x0154,0x0154,0x0fff,0x0154,0x0954,0x0ff6,0x0000} }, /* U+9BC6 鯆 */
    { 0x9bc9u, {0x0df4,0x0152,0x0dfa,0x0156,0x0df0,0x0000,0x097e,0x094a,0x0ffe,0x094a,0x097e,0x0000} }, /* U+9BC9 鯉 */
    { 0x9bcau, {0x0888,0x0792,0x02c4,0x06a0,0x0aa4,0x03a2,0x06a8,0x0aef,0x02a0,0x0792,0x0814,0x0000} }, /* U+9BCA 鯊 */
    { 0x9bcfu, {0x0df4,0x0152,0x0dfa,0x0156,0x0df4,0x0094,0x0ffc,0x0112,0x03fa,0x0800,0x0ffe,0x0000} }, /* U+9BCF 鯏 */
    { 0x9bd1u, {0x0df4,0x0152,0x0dfa,0x0156,0x0df0,0x00aa,0x07ea,0x00b4,0x0fe4,0x04aa,0x07b2,0x0000} }, /* U+9BD1 鯑 */
    { 0x9bd2u, {0x0df4,0x0152,0x0dfa,0x0156,0x0ff0,0x0152,0x0152,0x0ff2,0x015a,0x0956,0x0ff0,0x0000} }, /* U+9BD2 鯒 */
    { 0x9bd4u, {0x0df4,0x0152,0x0dfa,0x0156,0x0ff0,0x0a98,0x0ae6,0x0f98,0x0ae6,0x0a98,0x0fe6,0x0000} }, /* U+9BD4 鯔 */
    { 0x9bd6u, {0x0df4,0x0152,0x0dfa,0x0156,0x0df0,0x0044,0x0fd4,0x0554,0x057f,0x0554,0x0fd4,0x0000} }, /* U+9BD6 鯖 */
    { 0x9bdbu, {0x0df4,0x015a,0x0df6,0x0150,0x0dfe,0x0002,0x07aa,0x04be,0x07aa,0x0802,0x0ffe,0x0000} }, /* U+9BDB 鯛 */
    { 0x9be1u, {0x0df4,0x0152,0x0dfa,0x0156,0x0df0,0x0124,0x0d24,0x03fe,0x0000,0x0fff,0x0224,0x0000} }, /* U+9BE1 鯡 */
    { 0x9be2u, {0x0df4,0x0152,0x0dfa,0x0156,0x0d50,0x01fc,0x0c94,0x0392,0x0081,0x0f94,0x08fc,0x0000} }, /* U+9BE2 鯢 */
    { 0x9be3u, {0x0df4,0x0152,0x0dfa,0x0156,0x0c90,0x02be,0x09ea,0x04aa,0x0baa,0x08aa,0x07be,0x0000} }, /* U+9BE3 鯣 */
    { 0x9be4u, {0x0df4,0x0152,0x0dfa,0x0156,0x0950,0x0ffe,0x092a,0x012a,0x0fea,0x092a,0x0d3e,0x0000} }, /* U+9BE4 鯤 */
    { 0x9be8u, {0x0df4,0x0152,0x0dfa,0x0156,0x09f0,0x0404,0x02f4,0x0894,0x0f97,0x0094,0x02f4,0x0404} }, /* U+9BE8 鯨 */
    { 0x9bf0u, {0x0df4,0x0152,0x0dfa,0x0156,0x0df0,0x0008,0x0c54,0x0952,0x0a52,0x0152,0x0cd4,0x0000} }, /* U+9BF0 鯰 */
    { 0x9bf1u, {0x0df4,0x0152,0x0dfa,0x0156,0x0bfc,0x0814,0x077c,0x0157,0x0f55,0x0855,0x0c4c,0x0000} }, /* U+9BF1 鯱 */
    { 0x9bf2u, {0x0df4,0x0152,0x0dfa,0x0156,0x0354,0x08ff,0x0824,0x07e4,0x0212,0x0422,0x0844,0x0000} }, /* U+9BF2 鯲 */
    { 0x9bf5u, {0x0df4,0x0152,0x0dfa,0x0156,0x0df0,0x012c,0x0aab,0x0a78,0x0928,0x056e,0x04a8,0x0000} }, /* U+9BF5 鯵 */
    { 0x9c04u, {0x0df4,0x0152,0x0dfa,0x0156,0x0d50,0x03fc,0x0654,0x09d4,0x047f,0x0384,0x0c66,0x0000} }, /* U+9C04 鰄 */
    { 0x9c06u, {0x0df4,0x0152,0x0dfa,0x0156,0x0fd4,0x0974,0x095f,0x0954,0x0974,0x0fd4,0x0154,0x0000} }, /* U+9C06 鰆 */
    { 0x9c08u, {0x0df4,0x0152,0x0dfa,0x0156,0x0df0,0x0904,0x057e,0x0344,0x0fdf,0x0554,0x095e,0x0000} }, /* U+9C08 鰈 */
    { 0x9c09u, {0x0df4,0x0152,0x0dfa,0x0156,0x0df0,0x0880,0x0afc,0x0a96,0x0f95,0x0a94,0x0afc,0x0000} }, /* U+9C09 鰉 */
    { 0x9c0au, {0x0df4,0x0152,0x0dfa,0x0156,0x09f4,0x0554,0x0314,0x0fff,0x0114,0x0554,0x09f4,0x0000} }, /* U+9C0A 鰊 */
    { 0x9c0cu, {0x0df4,0x0152,0x0dfa,0x0156,0x0ff4,0x0aaa,0x0a78,0x0a2a,0x0afa,0x0aaa,0x0fec,0x0000} }, /* U+9C0C 鰌 */
    { 0x9c0du, {0x0df4,0x0152,0x0dfa,0x0156,0x0d24,0x03fc,0x0c22,0x0322,0x00ff,0x0380,0x0c38,0x0000} }, /* U+9C0D 鰍 */
    { 0x9c10u, {0x0df4,0x0152,0x0dfa,0x0156,0x0df0,0x00ae,0x06aa,0x03ae,0x0aaa,0x0aaa,0x06ae,0x0000} }, /* U+9C10 鰐 */
    { 0x9c12u, {0x0df4,0x0152,0x0dfa,0x0156,0x0df0,0x0948,0x0bfc,0x0557,0x0554,0x0554,0x0b7c,0x0000} }, /* U+9C12 鰒 */
    { 0x9c13u, {0x0df4,0x0152,0x0dfa,0x0156,0x0d50,0x01fe,0x064a,0x08ca,0x087e,0x094a,0x027e,0x0000} }, /* U+9C13 鰓 */
    { 0x9c14u, {0x0df4,0x0152,0x0dfa,0x0156,0x0d50,0x03fc,0x0954,0x09d4,0x047f,0x0384,0x0c66,0x0000} }, /* U+9C14 鰔 */
    { 0x9c15u, {0x0df4,0x015a,0x0df6,0x0150,0x0ffe,0x0292,0x0a9e,0x0840,0x0752,0x0452,0x0bde,0x0000} }, /* U+9C15 鰕 */
    { 0x9c1bu, {0x0df4,0x0152,0x0dfa,0x0156,0x0ff0,0x0880,0x0fbe,0x08aa,0x0faa,0x08aa,0x0fbe,0x0000} }, /* U+9C1B 鰛 */
    { 0x9c21u, {0x0df4,0x0152,0x0df2,0x015e,0x0ff2,0x0a92,0x0a88,0x0fb2,0x0a8e,0x0aa2,0x0fbe,0x0000} }, /* U+9C21 鰡 */
    { 0x9c24u, {0x0df4,0x0152,0x0dfa,0x0156,0x0ffc,0x04a6,0x07bd,0x0012,0x0ffe,0x0012,0x07f2,0x0000} }, /* U+9C24 鰤 */
    { 0x9c25u, {0x0df4,0x015a,0x0df6,0x0150,0x09fe,0x0492,0x025e,0x0ff2,0x001e,0x0252,0x049e,0x0000} }, /* U+9C25 鰥 */
    { 0x9c2du, {0x0df4,0x0152,0x0dfa,0x0156,0x0df0,0x0094,0x0f54,0x0aff,0x0a94,0x0adc,0x0fb6,0x0000} }, /* U+9C2D 鰭 */
    { 0x9c2eu, {0x0df4,0x0152,0x0dfa,0x0156,0x0ff0,0x0880,0x0fbe,0x08aa,0x0fa6,0x08aa,0x0fbe,0x0000} }, /* U+9C2E 鰮 */
    { 0x9c2fu, {0x0df4,0x0152,0x0dfa,0x0556,0x0aba,0x092a,0x07ee,0x0442,0x0aba,0x092a,0x07ee,0x0000} }, /* U+9C2F 鰯 */
    { 0x9c30u, {0x0df4,0x0152,0x0dfa,0x0156,0x0092,0x0ff2,0x0092,0x0124,0x0fff,0x0124,0x01fc,0x0000} }, /* U+9C30 鰰 */
    { 0x9c32u, {0x0854,0x0734,0x059f,0x0554,0x0d74,0x0758,0x05c7,0x0d34,0x0524,0x075c,0x0844,0x0000} }, /* U+9C32 鰲 */
    { 0x9c39u, {0x0df4,0x015a,0x0df6,0x0150,0x0dfe,0x08aa,0x0aee,0x0aba,0x0fca,0x0a32,0x0ace,0x0000} }, /* U+9C39 鰹 */
    { 0x9c3au, {0x0df4,0x0152,0x0dfa,0x0156,0x0df4,0x02ac,0x0a66,0x0935,0x056c,0x04a6,0x02b4,0x0000} }, /* U+9C3A 鰺 */
    { 0x9c3bu, {0x0df4,0x0152,0x0dfa,0x0156,0x0df0,0x08a0,0x0bfe,0x04aa,0x04ea,0x0bbe,0x08e0,0x0000} }, /* U+9C3B 鰻 */
    { 0x9c3eu, {0x0df4,0x0152,0x0dfa,0x0156,0x0aba,0x06aa,0x0abe,0x0eaa,0x02be,0x06aa,0x0aba,0x0000} }, /* U+9C3E 鰾 */
    { 0x9c46u, {0x0df4,0x0152,0x0dfa,0x0156,0x0df0,0x0414,0x05f4,0x055c,0x0f57,0x055c,0x05f4,0x0000} }, /* U+9C46 鱆 */
    { 0x9c47u, {0x0df4,0x0152,0x0dfa,0x0156,0x0f50,0x05fc,0x0254,0x0954,0x0fff,0x0254,0x057c,0x0000} }, /* U+9C47 鱇 */
    { 0x9c48u, {0x0df4,0x0152,0x0dfa,0x0156,0x0df8,0x088a,0x0aaa,0x0abe,0x0a8a,0x0aaa,0x0fba,0x0000} }, /* U+9C48 鱈 */
    { 0x9c52u, {0x0df4,0x0152,0x0dfa,0x0156,0x0df4,0x0154,0x053f,0x0914,0x017e,0x0955,0x0ff4,0x0000} }, /* U+9C52 鱒 */
    { 0x9c57u, {0x0df4,0x0152,0x0dfa,0x0156,0x0d50,0x09ee,0x0648,0x03ff,0x0288,0x0fdc,0x02aa,0x0000} }, /* U+9C57 鱗 */
    { 0x9c5au, {0x0df4,0x0152,0x0dfa,0x0156,0x0df0,0x0104,0x0f74,0x09d4,0x095f,0x09d4,0x0f74,0x0000} }, /* U+9C5A 鱚 */
    { 0x9c60u, {0x0df4,0x0152,0x0dfa,0x0156,0x0df8,0x00a4,0x0fea,0x0aaa,0x0aea,0x0aaa,0x0fec,0x0000} }, /* U+9C60 鱠 */
    { 0x9c67u, {0x0df4,0x0152,0x0dfa,0x0156,0x0c7c,0x09d4,0x0f7f,0x0954,0x0f7f,0x09d4,0x087c,0x0000} }, /* U+9C67 鱧 */
    { 0x9c76u, {0x0df4,0x0152,0x0dfa,0x0156,0x0854,0x0ff7,0x0954,0x035c,0x0556,0x0bf5,0x0a54,0x0000} }, /* U+9C76 鱶 */
    { 0x9c78u, {0x0df4,0x0152,0x0dfa,0x0156,0x0d50,0x09fc,0x0e54,0x0bd7,0x0e7d,0x0bd5,0x0e4c,0x0000} }, /* U+9C78 鱸 */
    { 0x9ce5u, {0x0800,0x0400,0x01fc,0x0d54,0x0156,0x0d55,0x0154,0x0d54,0x017c,0x0940,0x0f40,0x0000} }, /* U+9CE5 鳥 */
    { 0x9ce7u, {0x0900,0x08fc,0x0854,0x0754,0x02d6,0x0255,0x03d4,0x0e54,0x08d4,0x095c,0x0dc0,0x0000} }, /* U+9CE7 鳧 */
    { 0x9ce9u, {0x0c08,0x03fe,0x0008,0x03f8,0x0c00,0x01fc,0x0d56,0x0155,0x0d54,0x097c,0x0f40,0x0000} }, /* U+9CE9 鳩 */
    { 0x9cebu, {0x0ffe,0x0002,0x0bfa,0x02aa,0x0aaa,0x02ae,0x0aaa,0x02aa,0x0aaa,0x0afa,0x0682,0x0000} }, /* U+9CEB 鳫 */
    { 0x9cecu, {0x0800,0x087c,0x0854,0x0754,0x0156,0x0155,0x0154,0x0f54,0x0854,0x097c,0x0dc0,0x0000} }, /* U+9CEC 鳬 */
    { 0x9cf0u, {0x0c04,0x0384,0x007c,0x0380,0x0c00,0x01fc,0x0d56,0x0155,0x0d54,0x097c,0x0f40,0x0000} }, /* U+9CF0 鳰 */
    { 0x9cf3u, {0x0c00,0x03fe,0x0002,0x0bfa,0x02aa,0x0aae,0x02aa,0x0afa,0x0e02,0x01fe,0x0e00,0x0000} }, /* U+9CF3 鳳 */
    { 0x9cf4u, {0x03fc,0x0204,0x03fc,0x0c00,0x01fc,0x0d54,0x0156,0x0d55,0x0154,0x097c,0x0f40,0x0000} }, /* U+9CF4 鳴 */
    { 0x9cf6u, {0x0804,0x0404,0x01f4,0x0d5c,0x0154,0x0d57,0x015c,0x0d54,0x01f6,0x0924,0x0f24,0x0000} }, /* U+9CF6 鳶 */
    { 0x9d03u, {0x0dfc,0x0156,0x0d55,0x0154,0x0f7c,0x0844,0x0644,0x01ff,0x0244,0x0444,0x087c,0x0000} }, /* U+9D03 鴃 */
    { 0x9d06u, {0x0c38,0x0388,0x007f,0x0788,0x0208,0x0dfc,0x0156,0x0d55,0x0154,0x097c,0x0f40,0x0000} }, /* U+9D06 鴆 */
    { 0x9d07u, {0x027e,0x0fc8,0x0248,0x0268,0x0c00,0x01fc,0x0d56,0x0155,0x0d54,0x097c,0x0f40,0x0000} }, /* U+9D07 鴇 */
    { 0x9d08u, {0x0ffe,0x0042,0x0ff2,0x080e,0x03fa,0x0aaa,0x02ae,0x0aaa,0x02aa,0x0afa,0x0e82,0x0000} }, /* U+9D08 鴈 */
    { 0x9d09u, {0x0222,0x013e,0x08a2,0x0ffe,0x0002,0x0dfc,0x0156,0x0d55,0x0154,0x097c,0x0f40,0x0000} }, /* U+9D09 鴉 */
    { 0x9d0eu, {0x07fe,0x0492,0x0462,0x0d9a,0x0000,0x0dfc,0x0156,0x0d55,0x0154,0x097c,0x0f40,0x0000} }, /* U+9D0E 鴎 */
    { 0x9d12u, {0x0054,0x0fd2,0x0252,0x01d4,0x0c00,0x01fc,0x0d56,0x0155,0x0d54,0x097c,0x0f40,0x0000} }, /* U+9D12 鴒 */
    { 0x9d15u, {0x0dfc,0x0156,0x0d55,0x0954,0x0f7c,0x0004,0x0fe4,0x0887,0x0884,0x0844,0x0c5c,0x0000} }, /* U+9D15 鴕 */
    { 0x9d1bu, {0x0848,0x0446,0x03ea,0x0ab2,0x02ae,0x0aa0,0x02be,0x0aa2,0x03ea,0x0a4a,0x0e6e,0x0000} }, /* U+9D1B 鴛 */
    { 0x9d1fu, {0x0bfe,0x0a22,0x08fe,0x0b22,0x0000,0x0dfc,0x0156,0x0d55,0x0154,0x097c,0x0f40,0x0000} }, /* U+9D1F 鴟 */
    { 0x9d23u, {0x0f88,0x08ff,0x0888,0x0f88,0x0000,0x0dfc,0x0156,0x0d55,0x0154,0x097c,0x0f40,0x0000} }, /* U+9D23 鴣 */
    { 0x9d26u, {0x0850,0x045c,0x03b4,0x0a94,0x02d4,0x0abf,0x0294,0x0a94,0x03b4,0x0a5c,0x0e50,0x0000} }, /* U+9D26 鴦 */
    { 0x9d28u, {0x01fc,0x0124,0x0ffc,0x0124,0x0dfc,0x0000,0x0dfc,0x0156,0x0d55,0x097c,0x0f40,0x0000} }, /* U+9D28 鴨 */
    { 0x9d2au, {0x0c38,0x0388,0x002f,0x03e8,0x0c08,0x01fc,0x0d56,0x0155,0x0d54,0x097c,0x0f40,0x0000} }, /* U+9D2A 鴪 */
    { 0x9d2bu, {0x07fc,0x0444,0x07fc,0x0444,0x0ffc,0x0000,0x0dfc,0x0156,0x0d55,0x097c,0x0f40,0x0000} }, /* U+9D2B 鴫 */
    { 0x9d2cu, {0x081c,0x0404,0x01f6,0x0d54,0x015c,0x0d57,0x0154,0x0d54,0x01f6,0x0904,0x0f1c,0x0000} }, /* U+9D2C 鴬 */
    { 0x9d3bu, {0x0824,0x0448,0x0288,0x0cf8,0x0088,0x0dfc,0x0156,0x0d55,0x0154,0x097c,0x0f40,0x0000} }, /* U+9D3B 鴻 */
    { 0x9d3eu, {0x02d8,0x0296,0x0ff0,0x0298,0x0c00,0x01fc,0x0d56,0x0155,0x0d54,0x097c,0x0f40,0x0000} }, /* U+9D3E 鴾 */
    { 0x9d3fu, {0x0f24,0x0922,0x0922,0x0f24,0x0000,0x0dfc,0x0156,0x0d55,0x0154,0x097c,0x0f40,0x0000} }, /* U+9D3F 鴿 */
    { 0x9d41u, {0x0824,0x0514,0x0207,0x0514,0x0024,0x0dfc,0x0156,0x0d55,0x0154,0x097c,0x0f40,0x0000} }, /* U+9D41 鵁 */
    { 0x9d44u, {0x0932,0x0fea,0x0926,0x0932,0x0000,0x0dfc,0x0156,0x0d55,0x0154,0x097c,0x0f40,0x0000} }, /* U+9D44 鵄 */
    { 0x9d46u, {0x0088,0x0fc4,0x0022,0x0dfc,0x0156,0x0d55,0x0154,0x0f7c,0x0022,0x0822,0x0fe2,0x0000} }, /* U+9D46 鵆 */
    { 0x9d48u, {0x07fe,0x024a,0x024a,0x0ffe,0x0002,0x0dfc,0x0156,0x0d55,0x0154,0x097c,0x0f40,0x0000} }, /* U+9D48 鵈 */
    { 0x9d50u, {0x0484,0x07fc,0x0484,0x0474,0x0c80,0x01fc,0x0d56,0x0155,0x0d54,0x097c,0x0f40,0x0000} }, /* U+9D50 鵐 */
    { 0x9d51u, {0x0fee,0x02aa,0x0aaa,0x0fee,0x0000,0x0dfc,0x0156,0x0d55,0x0154,0x097c,0x0f40,0x0000} }, /* U+9D51 鵑 */
    { 0x9d59u, {0x09fe,0x052a,0x012a,0x0dfe,0x0000,0x0dfc,0x0156,0x0d55,0x0154,0x097c,0x0f40,0x0000} }, /* U+9D59 鵙 */
    { 0x9d5cu, {0x04e9,0x02aa,0x0ff8,0x00ac,0x0bbb,0x0400,0x01fc,0x0d56,0x0155,0x097c,0x0f40,0x0000} }, /* U+9D5C 鵜 */
    { 0x9d5du, {0x0912,0x0ffe,0x0892,0x04ff,0x0310,0x0c96,0x01fc,0x0d56,0x0155,0x0954,0x0f7c,0x0000} }, /* U+9D5D 鵝 */
    { 0x9d5eu, {0x084a,0x044a,0x03fe,0x0aaa,0x02aa,0x0a88,0x02c4,0x0abf,0x03a4,0x0a54,0x0e8e,0x0000} }, /* U+9D5E 鵞 */
    { 0x9d60u, {0x0f5e,0x0948,0x097f,0x0f48,0x0000,0x0dfc,0x0156,0x0d55,0x0154,0x097c,0x0f40,0x0000} }, /* U+9D60 鵠 */
    { 0x9d61u, {0x0f12,0x0812,0x07f0,0x049f,0x07f0,0x0c16,0x01fc,0x0d56,0x0155,0x097c,0x0f40,0x0000} }, /* U+9D61 鵡 */
    { 0x9d64u, {0x0ff4,0x0152,0x01fa,0x0956,0x0ff0,0x0000,0x0dfc,0x0156,0x0d55,0x0154,0x0f7c,0x0000} }, /* U+9D64 鵤 */
    { 0x9d6cu, {0x0ffe,0x0092,0x0ffe,0x0092,0x0ffe,0x0000,0x0dfc,0x0156,0x0d55,0x097c,0x0f40,0x0000} }, /* U+9D6C 鵬 */
    { 0x9d6fu, {0x06fc,0x0596,0x04fd,0x0f94,0x04fc,0x0c00,0x01fc,0x0d56,0x0155,0x0954,0x0f7c,0x0000} }, /* U+9D6F 鵯 */
    { 0x9d72u, {0x0fa4,0x0abf,0x0aa4,0x0fbf,0x0024,0x0dfc,0x0156,0x0d55,0x0154,0x097c,0x0f40,0x0000} }, /* U+9D72 鵲 */
    { 0x9d7au, {0x0044,0x0ffc,0x0887,0x087c,0x0594,0x0214,0x0dfc,0x0156,0x0d55,0x0154,0x0f7c,0x0000} }, /* U+9D7A 鵺 */
    { 0x9d87u, {0x09f4,0x0554,0x0fff,0x0154,0x0df4,0x0000,0x0dfc,0x0156,0x0d55,0x0954,0x0f7c,0x0000} }, /* U+9D87 鶇 */
    { 0x9d89u, {0x0274,0x0a54,0x0f57,0x02f4,0x0e04,0x01fc,0x0d56,0x0155,0x0d54,0x097c,0x0f40,0x0000} }, /* U+9D89 鶉 */
    { 0x9d8fu, {0x094a,0x0552,0x03c2,0x0d5a,0x0102,0x0dfc,0x0156,0x0d55,0x0154,0x097c,0x0f40,0x0000} }, /* U+9D8F 鶏 */
    { 0x9d9au, {0x06ae,0x03aa,0x0aae,0x0aaa,0x06ae,0x0c80,0x01fc,0x0d56,0x0155,0x0954,0x0f7c,0x0000} }, /* U+9D9A 鶚 */
    { 0x9da4u, {0x05fe,0x052a,0x0ffa,0x052a,0x05fa,0x0c06,0x01fc,0x0d56,0x0155,0x0954,0x0f7c,0x0000} }, /* U+9DA4 鶤 */
    { 0x9da9u, {0x0852,0x0432,0x039a,0x0af6,0x0292,0x0a98,0x02c7,0x0ab4,0x03a4,0x0a5c,0x0e44,0x0000} }, /* U+9DA9 鶩 */
    { 0x9dabu, {0x09f4,0x0554,0x0fbf,0x0154,0x0df4,0x0000,0x0dfc,0x0156,0x0d55,0x0954,0x0f7c,0x0000} }, /* U+9DAB 鶫 */
    { 0x9dafu, {0x08e4,0x0432,0x03e8,0x0aa7,0x02a8,0x0ab6,0x02a8,0x0aa7,0x03e8,0x0a34,0x0ee2,0x0000} }, /* U+9DAF 鶯 */
    { 0x9db2u, {0x05a8,0x0ab6,0x0fa8,0x04a2,0x0ab6,0x0d88,0x01fc,0x0d56,0x0155,0x0954,0x0f7c,0x0000} }, /* U+9DB2 鶲 */
    { 0x9db4u, {0x0fec,0x0ab4,0x0fe6,0x0ab4,0x0004,0x0dfc,0x0154,0x0d56,0x0155,0x097c,0x0f40,0x0000} }, /* U+9DB4 鶴 */
    { 0x9db8u, {0x0972,0x0fde,0x0200,0x0972,0x0fde,0x0000,0x0dfc,0x0156,0x0d55,0x0154,0x0f7c,0x0000} }, /* U+9DB8 鶸 */
    { 0x9dbau, {0x0fea,0x055e,0x0560,0x0fca,0x004a,0x0dfc,0x0156,0x0d55,0x0154,0x097c,0x0f40,0x0000} }, /* U+9DBA 鶺 */
    { 0x9dbbu, {0x0ffe,0x02a2,0x0aaa,0x0fbe,0x0020,0x0dfc,0x0156,0x0d55,0x0154,0x097c,0x0f40,0x0000} }, /* U+9DBB 鶻 */
    { 0x9dc1u, {0x0f18,0x0a52,0x0e52,0x0ad6,0x0f08,0x09fc,0x0d56,0x0155,0x0d54,0x017c,0x0f40,0x0000} }, /* U+9DC1 鷁 */
    { 0x9dc2u, {0x0db4,0x0964,0x0fda,0x0952,0x0d4a,0x0006,0x0dfc,0x0156,0x0d55,0x0954,0x0f7c,0x0000} }, /* U+9DC2 鷂 */
    { 0x9dc4u, {0x0966,0x0552,0x03ee,0x0552,0x0944,0x05fc,0x0156,0x0d55,0x0154,0x097c,0x0f40,0x0000} }, /* U+9DC4 鷄 */
    { 0x9dc6u, {0x09e0,0x051f,0x01f4,0x0552,0x09fa,0x0100,0x0dfc,0x0156,0x0d55,0x0154,0x0f7c,0x0000} }, /* U+9DC6 鷆 */
    { 0x9dcfu, {0x0904,0x05f4,0x015f,0x0554,0x09f4,0x0104,0x0dfc,0x0156,0x0d55,0x0154,0x0f7c,0x0000} }, /* U+9DCF 鷏 */
    { 0x9dd3u, {0x09fc,0x0424,0x01f7,0x0d24,0x01f4,0x0c20,0x01fc,0x0d56,0x0155,0x0954,0x0f7c,0x0000} }, /* U+9DD3 鷓 */
    { 0x9dd9u, {0x0954,0x0574,0x01df,0x0d54,0x0174,0x0d54,0x0164,0x0d5f,0x01c4,0x093c,0x0f60,0x0000} }, /* U+9DD9 鷙 */
    { 0x9de6u, {0x09fc,0x0557,0x01fc,0x0d57,0x0104,0x0dfc,0x0156,0x0d55,0x0154,0x097c,0x0f40,0x0000} }, /* U+9DE6 鷦 */
    { 0x9dedu, {0x0fd6,0x0ab2,0x0ffe,0x0a92,0x0fb6,0x0050,0x0dfc,0x0156,0x0d55,0x0154,0x0f7c,0x0000} }, /* U+9DED 鷭 */
    { 0x9defu, {0x0df4,0x015c,0x0f57,0x01fc,0x0c24,0x01fc,0x0d56,0x0155,0x0d54,0x097c,0x0f40,0x0000} }, /* U+9DEF 鷯 */
    { 0x9df2u, {0x0884,0x045c,0x0394,0x0af7,0x0294,0x0adc,0x02a4,0x0a97,0x03fc,0x0a44,0x0e66,0x0000} }, /* U+9DF2 鷲 */
    { 0x9df8u, {0x0fea,0x0a5a,0x0eca,0x017e,0x0fca,0x0000,0x0dfc,0x0156,0x0d55,0x0154,0x0f7c,0x0000} }, /* U+9DF8 鷸 */
    { 0x9df9u, {0x0300,0x08fe,0x0012,0x0bba,0x0286,0x0aca,0x02be,0x0aaa,0x02be,0x0baa,0x0e2a,0x0000} }, /* U+9DF9 鷹 */
    { 0x9dfau, {0x08ee,0x078a,0x0afa,0x02ae,0x0ab4,0x02a4,0x0afa,0x0292,0x0b9a,0x0ef6,0x0210,0x0000} }, /* U+9DFA 鷺 */
    { 0x9dfdu, {0x08e0,0x043e,0x03aa,0x0aa0,0x02f5,0x0aaa,0x02b5,0x0aa0,0x03aa,0x0a3e,0x0ee0,0x0000} }, /* U+9DFD 鷽 */
    { 0x9e1au, {0x09be,0x076a,0x05be,0x0b6a,0x09be,0x0d00,0x01fc,0x0d56,0x0155,0x0954,0x0f7c,0x0000} }, /* U+9E1A 鸚 */
    { 0x9e1bu, {0x0fdc,0x0977,0x0fdc,0x0977,0x0d5c,0x0004,0x0dfc,0x0156,0x0d55,0x0954,0x0f7c,0x0000} }, /* U+9E1B 鸛 */
    { 0x9e1eu, {0x0834,0x046a,0x03b4,0x0a82,0x02ea,0x0aab,0x02ea,0x0a82,0x03b4,0x0a6a,0x0e34,0x0000} }, /* U+9E1E 鸞 */
    { 0x9e75u, {0x0000,0x0ff8,0x0888,0x0a28,0x0948,0x0a9f,0x0caa,0x094a,0x0a2a,0x088a,0x0ffa,0x0000} }, /* U+9E75 鹵 */
    { 0x9e78u, {0x0ff0,0x095e,0x0eb4,0x0954,0x0ff8,0x080c,0x09ea,0x052a,0x03fa,0x052a,0x09ec,0x0000} }, /* U+9E78 鹸 */
    { 0x9e79u, {0x0ff8,0x0aaf,0x094a,0x0aaa,0x0ffc,0x0014,0x09d4,0x0954,0x05ff,0x0304,0x0ce6,0x0000} }, /* U+9E79 鹹 */
    { 0x9e7du, {0x09fe,0x0f2a,0x09ee,0x092a,0x0f3a,0x0908,0x0ff7,0x0954,0x09bc,0x0f54,0x09f4,0x0000} }, /* U+9E7D 鹽 */
    { 0x9e7fu, {0x0600,0x01fc,0x0854,0x0fd4,0x097c,0x0554,0x0457,0x0ffc,0x0954,0x0954,0x0d74,0x0000} }, /* U+9E7F 鹿 */
    { 0x9e81u, {0x0608,0x01fc,0x08aa,0x0faa,0x0afa,0x0aaa,0x00aa,0x07fe,0x0aaa,0x0aa8,0x0ae8,0x0000} }, /* U+9E81 麁 */
    { 0x9e88u, {0x0300,0x08fe,0x08aa,0x0aba,0x0aae,0x0aaa,0x0fcb,0x0abe,0x0aaa,0x0aaa,0x08aa,0x0000} }, /* U+9E88 麈 */
    { 0x9e8bu, {0x0600,0x01fc,0x0a54,0x06f4,0x035c,0x0254,0x0f97,0x027c,0x0354,0x06d4,0x0a54,0x0000} }, /* U+9E8B 麋 */
    { 0x9e8cu, {0x0300,0x08fe,0x0baa,0x0a3a,0x06ee,0x02aa,0x028b,0x06be,0x0aea,0x0baa,0x0a2a,0x0000} }, /* U+9E8C 麌 */
    { 0x9e91u, {0x083e,0x080a,0x0bea,0x0abe,0x06aa,0x020b,0x02aa,0x0ebe,0x0bea,0x082a,0x0c2a,0x0000} }, /* U+9E91 麑 */
    { 0x9e92u, {0x0ffc,0x0954,0x0fff,0x0954,0x0d74,0x0104,0x09ff,0x0554,0x0154,0x05ff,0x0904,0x0000} }, /* U+9E92 麒 */
    { 0x9e93u, {0x0314,0x08ec,0x0fa4,0x0abf,0x0ae4,0x0ab4,0x00ac,0x0fff,0x0aa4,0x0aac,0x0af4,0x0000} }, /* U+9E93 麓 */
    { 0x9e95u, {0x0030,0x0fee,0x0aaa,0x0aba,0x09ae,0x0fea,0x088b,0x09be,0x0aaa,0x08aa,0x0fea,0x0000} }, /* U+9E95 麕 */
    { 0x9e97u, {0x0c1a,0x03ca,0x095a,0x0f4a,0x09da,0x0560,0x055a,0x0fca,0x095a,0x094a,0x0dda,0x0000} }, /* U+9E97 麗 */
    { 0x9e9du, {0x0a30,0x07ee,0x02aa,0x0aba,0x0fee,0x002a,0x028b,0x04be,0x00aa,0x08aa,0x0fea,0x0000} }, /* U+9E9D 麝 */
    { 0x9e9fu, {0x0ffc,0x0954,0x017f,0x0fd4,0x0954,0x09fe,0x0648,0x03ff,0x0288,0x0fdc,0x02aa,0x0000} }, /* U+9E9F 麟 */
    { 0x9ea5u, {0x08a4,0x0aa4,0x0a5c,0x0954,0x0524,0x05ff,0x0524,0x0554,0x0b5c,0x08a4,0x08a4,0x0000} }, /* U+9EA5 麥 */
    { 0x9ea6u, {0x0244,0x0a44,0x0954,0x0bd4,0x0554,0x057f,0x0554,0x0554,0x0b54,0x0844,0x0844,0x0000} }, /* U+9EA6 麦 */
    { 0x9ea9u, {0x096c,0x0914,0x06ff,0x0494,0x0bac,0x0800,0x0a24,0x0924,0x08ff,0x0924,0x0a24,0x0000} }, /* U+9EA9 麩 */
    { 0x9eaau, {0x096c,0x0914,0x06ff,0x0494,0x0bac,0x0802,0x09fa,0x0882,0x0afe,0x0a92,0x09f2,0x0000} }, /* U+9EAA 麪 */
    { 0x9eadu, {0x096c,0x0914,0x06ff,0x0494,0x0bac,0x0818,0x09f7,0x0a54,0x0a74,0x0a84,0x0afc,0x0000} }, /* U+9EAD 麭 */
    { 0x9eb8u, {0x0a54,0x09d4,0x067f,0x05d4,0x0854,0x0a20,0x0a24,0x0924,0x08ff,0x0924,0x0a24,0x0000} }, /* U+9EB8 麸 */
    { 0x9eb9u, {0x0a54,0x09d4,0x067f,0x05d4,0x0854,0x094f,0x0bf4,0x08c4,0x0954,0x0a44,0x0bfc,0x0000} }, /* U+9EB9 麹 */
    { 0x9ebau, {0x0a54,0x0bd4,0x057f,0x0754,0x0a12,0x0bf2,0x0a5a,0x0a56,0x0bf2,0x0a12,0x0bf2,0x0000} }, /* U+9EBA 麺 */
    { 0x9ebbu, {0x0600,0x01fc,0x0224,0x0124,0x0ffc,0x0224,0x0107,0x00a4,0x0ffc,0x0124,0x0224,0x0000} }, /* U+9EBB 麻 */
    { 0x9ebcu, {0x0600,0x01fc,0x0894,0x0a54,0x0dfc,0x0814,0x0cd7,0x0a14,0x09fc,0x0c14,0x08d4,0x0000} }, /* U+9EBC 麼 */
    { 0x9ebeu, {0x0c00,0x03fc,0x0454,0x0534,0x057c,0x0754,0x0ab7,0x0afc,0x0a94,0x0974,0x0d54,0x0000} }, /* U+9EBE 麾 */
    { 0x9ebfu, {0x0600,0x01fc,0x0e54,0x0bb4,0x0afc,0x0a94,0x0aa7,0x0a94,0x0afc,0x0bb4,0x0e54,0x0000} }, /* U+9EBF 麿 */
    { 0x9ec4u, {0x0810,0x0814,0x07d4,0x055f,0x0554,0x07f4,0x0554,0x055f,0x07d4,0x0814,0x0810,0x0000} }, /* U+9EC4 黄 */
    { 0x9eccu, {0x0930,0x095e,0x0752,0x05f0,0x0555,0x075a,0x0555,0x05f0,0x0752,0x095e,0x0930,0x0000} }, /* U+9ECC 黌 */
    { 0x9ecdu, {0x0910,0x0954,0x04b4,0x0294,0x0854,0x0f3c,0x0052,0x0292,0x04b2,0x0952,0x0910,0x0000} }, /* U+9ECD 黍 */
    { 0x9eceu, {0x094a,0x092a,0x06fe,0x04aa,0x0a4a,0x0fd0,0x024f,0x04a4,0x069c,0x0944,0x093c,0x0000} }, /* U+9ECE 黎 */
    { 0x9ecfu, {0x054a,0x0aaa,0x0f7e,0x029a,0x052a,0x0f88,0x0880,0x08ff,0x0888,0x0888,0x0f88,0x0000} }, /* U+9ECF 黏 */
    { 0x9ed0u, {0x054a,0x0aaa,0x0f7e,0x02aa,0x0f74,0x0144,0x076c,0x05d7,0x056c,0x0944,0x0f74,0x0000} }, /* U+9ED0 黐 */
    { 0x9ed2u, {0x0900,0x057e,0x014a,0x054a,0x094a,0x01fe,0x054a,0x094a,0x014a,0x057e,0x0900,0x0000} }, /* U+9ED2 黒 */
    { 0x9ed4u, {0x0d7e,0x014a,0x0de6,0x014a,0x0d7e,0x0008,0x0094,0x0892,0x0892,0x0492,0x0394,0x0000} }, /* U+9ED4 黔 */
    { 0x9ed8u, {0x0d7e,0x014a,0x0dfe,0x0152,0x0d4a,0x017e,0x0c10,0x0310,0x00ff,0x0310,0x0c16,0x0000} }, /* U+9ED8 默 */
    { 0x9ed9u, {0x08be,0x04aa,0x00fe,0x04aa,0x08aa,0x013e,0x0488,0x0848,0x003f,0x0448,0x098e,0x0000} }, /* U+9ED9 黙 */
    { 0x9edbu, {0x0908,0x051c,0x01f2,0x0554,0x0954,0x01f4,0x0557,0x095c,0x01f4,0x0524,0x0926,0x0000} }, /* U+9EDB 黛 */
    { 0x9edcu, {0x0d7e,0x014a,0x0de6,0x014a,0x0d7e,0x0000,0x0f3c,0x0820,0x0fff,0x0820,0x0f3c,0x0000} }, /* U+9EDC 黜 */
    { 0x9eddu, {0x0d7e,0x014a,0x0de6,0x014a,0x0e38,0x09c6,0x0c30,0x0308,0x08ff,0x0808,0x07f8,0x0000} }, /* U+9EDD 黝 */
    { 0x9edeu, {0x0d7e,0x014a,0x0de6,0x014a,0x0d7e,0x0000,0x0f80,0x08ff,0x0888,0x0888,0x0f88,0x0000} }, /* U+9EDE 點 */
    { 0x9ee0u, {0x0d7e,0x014a,0x0de6,0x014a,0x0d7e,0x0004,0x0f24,0x0924,0x093f,0x0924,0x0f24,0x0000} }, /* U+9EE0 黠 */
    { 0x9ee5u, {0x0d7e,0x014a,0x0de6,0x014a,0x097e,0x0404,0x02f4,0x0894,0x0f97,0x0094,0x06f4,0x0000} }, /* U+9EE5 黥 */
    { 0x9ee8u, {0x0a0c,0x06f4,0x0296,0x06bc,0x0a94,0x03f7,0x0694,0x0abc,0x0296,0x06f4,0x0a0c,0x0000} }, /* U+9EE8 黨 */
    { 0x9eefu, {0x0d7e,0x014a,0x0de6,0x014a,0x0d7e,0x0024,0x0fbc,0x0aa4,0x0aa7,0x0abc,0x0fa4,0x0000} }, /* U+9EEF 黯 */
    { 0x9ef4u, {0x0088,0x0fc4,0x0020,0x0aee,0x02a8,0x0bef,0x02a8,0x0aa8,0x04ef,0x0304,0x0cfc,0x0000} }, /* U+9EF4 黴 */
    { 0x9ef6u, {0x0a7e,0x0782,0x02fa,0x06ae,0x0aaa,0x03fe,0x068a,0x0aea,0x029e,0x07aa,0x0a4e,0x0000} }, /* U+9EF6 黶 */
    { 0x9ef7u, {0x0d7e,0x014a,0x0de6,0x014a,0x0d7e,0x07d4,0x0574,0x055f,0x0574,0x0fd4,0x0874,0x0000} }, /* U+9EF7 黷 */
    { 0x9ef9u, {0x0048,0x0fea,0x045c,0x0348,0x004f,0x0ff8,0x004f,0x0748,0x085c,0x0fea,0x0048,0x0000} }, /* U+9EF9 黹 */
    { 0x9efbu, {0x0fea,0x014f,0x0ff8,0x014f,0x0fda,0x0228,0x09e4,0x081f,0x04e4,0x0304,0x0ce6,0x0000} }, /* U+9EFB 黻 */
    { 0x9efcu, {0x0fea,0x014f,0x0ff8,0x014f,0x0fda,0x0028,0x0ff4,0x0154,0x0fff,0x0154,0x0ff6,0x0000} }, /* U+9EFC 黼 */
    { 0x9efdu, {0x03e0,0x02ae,0x02aa,0x02aa,0x0ffe,0x0802,0x0bfe,0x0aaa,0x0aaa,0x0aae,0x0be0,0x0000} }, /* U+9EFD 黽 */
    { 0x9f07u, {0x0754,0x05f4,0x055f,0x0554,0x0ff4,0x0850,0x0fcf,0x0954,0x0964,0x0fdc,0x0844,0x0000} }, /* U+9F07 鼇 */
    { 0x9f08u, {0x073e,0x05d4,0x057f,0x0554,0x0ffe,0x0854,0x0fcf,0x0954,0x0964,0x0fdc,0x0844,0x0000} }, /* U+9F08 鼈 */
    { 0x9f0eu, {0x0900,0x097e,0x0740,0x017e,0x0fca,0x004a,0x0fca,0x017e,0x0140,0x0f7e,0x0100,0x0000} }, /* U+9F0E 鼎 */
    { 0x9f13u, {0x09d4,0x0f54,0x095f,0x0f54,0x09d4,0x0800,0x09a4,0x0624,0x043f,0x0b24,0x08e4,0x0000} }, /* U+9F13 鼓 */
    { 0x9f15u, {0x0514,0x0574,0x05df,0x0354,0x0af4,0x0a90,0x0ab4,0x02d4,0x055f,0x04b4,0x0494,0x0000} }, /* U+9F15 鼕 */
    { 0x9f20u, {0x0800,0x0ffe,0x04aa,0x04a9,0x0820,0x0fe0,0x04aa,0x04aa,0x042a,0x03fe,0x0c00,0x0000} }, /* U+9F20 鼠 */
    { 0x9f21u, {0x0c00,0x03f9,0x012a,0x0128,0x0129,0x0ffa,0x0128,0x0128,0x012a,0x03f9,0x0c00,0x0000} }, /* U+9F21 鼡 */
    { 0x9f2cu, {0x0ffe,0x02aa,0x0fe0,0x0aaa,0x002a,0x07fe,0x0924,0x0924,0x09ff,0x0924,0x0dfc,0x0000} }, /* U+9F2C 鼬 */
    { 0x9f3bu, {0x0400,0x05c0,0x0d7c,0x0754,0x0556,0x05d5,0x0554,0x0f54,0x057c,0x05c0,0x0400,0x0000} }, /* U+9F3B 鼻 */
    { 0x9f3eu, {0x09c0,0x097c,0x0756,0x01d5,0x0f54,0x017c,0x01c2,0x0042,0x0ffe,0x0042,0x0042,0x0000} }, /* U+9F3E 鼾 */
    { 0x9f4au, {0x0054,0x0c34,0x03d4,0x02b4,0x028c,0x02f7,0x028c,0x02b4,0x0294,0x0fb4,0x0054,0x0000} }, /* U+9F4A 齊 */
    { 0x9f4bu, {0x0054,0x0c34,0x03d4,0x0d74,0x014c,0x0f77,0x014c,0x0574,0x0954,0x0fb4,0x0054,0x0000} }, /* U+9F4B 齋 */
    { 0x9f4eu, {0x0054,0x0c34,0x03d4,0x0874,0x07cc,0x0577,0x054c,0x07f4,0x0854,0x0fb4,0x0054,0x0000} }, /* U+9F4E 齎 */
    { 0x9f4fu, {0x0054,0x0c34,0x07d4,0x0574,0x07cc,0x0477,0x07cc,0x0574,0x0454,0x0fb4,0x0054,0x0000} }, /* U+9F4F 齏 */
    { 0x9f52u, {0x0fe8,0x0888,0x0aae,0x0998,0x0aa8,0x088f,0x0aaa,0x099a,0x0aaa,0x088a,0x0fe8,0x0000} }, /* U+9F52 齒 */
    { 0x9f54u, {0x0ffe,0x0aa8,0x099f,0x0aaa,0x0ffa,0x0008,0x0fff,0x0810,0x0810,0x0808,0x0e08,0x0000} }, /* U+9F54 齔 */
    { 0x9f5fu, {0x0ffe,0x0aa8,0x099f,0x0aaa,0x0ffa,0x0808,0x0ffe,0x0892,0x0892,0x0892,0x0ffe,0x0000} }, /* U+9F5F 齟 */
    { 0x9f60u, {0x0ffe,0x0aa8,0x099f,0x0aaa,0x0ffa,0x0008,0x0fb2,0x088e,0x08a2,0x08a2,0x0f9e,0x0000} }, /* U+9F60 齠 */
    { 0x9f61u, {0x0ffe,0x0aa8,0x099f,0x0aaa,0x0ffa,0x0008,0x0094,0x0f92,0x0092,0x0492,0x0794,0x0000} }, /* U+9F61 齡 */
    { 0x9f62u, {0x0fdc,0x0ab0,0x09df,0x0ab4,0x0fd4,0x0008,0x0094,0x0f92,0x0092,0x0492,0x0794,0x0000} }, /* U+9F62 齢 */
    { 0x9f63u, {0x0ffe,0x0aa8,0x099f,0x0aaa,0x0ffa,0x0008,0x01e7,0x0924,0x09e4,0x0404,0x03fc,0x0000} }, /* U+9F63 齣 */
    { 0x9f66u, {0x0ffe,0x0aa8,0x099f,0x0aaa,0x0ffa,0x0008,0x0ffe,0x084a,0x03ca,0x044a,0x0b7e,0x0000} }, /* U+9F66 齦 */
    { 0x9f67u, {0x0054,0x0fd4,0x097f,0x0dd4,0x0b44,0x0dfa,0x0b52,0x0dda,0x0956,0x0fd2,0x004e,0x0000} }, /* U+9F67 齧 */
    { 0x9f6au, {0x0ffe,0x0aa8,0x099f,0x0aaa,0x0ffa,0x0808,0x0f9e,0x0812,0x0ff2,0x0892,0x089e,0x0000} }, /* U+9F6A 齪 */
    { 0x9f6cu, {0x0ffe,0x0aa8,0x099f,0x0aaa,0x0ffa,0x0008,0x0f4a,0x097a,0x094e,0x094a,0x0f7a,0x0000} }, /* U+9F6C 齬 */
    { 0x9f72u, {0x0ffe,0x0aa8,0x099f,0x0aaa,0x0ffa,0x0008,0x0fba,0x00aa,0x03fe,0x0aaa,0x0fba,0x0000} }, /* U+9F72 齲 */
    { 0x9f76u, {0x0ffe,0x0aa8,0x099f,0x0aaa,0x0ffa,0x0088,0x06ae,0x03aa,0x0aae,0x0aaa,0x06ae,0x0000} }, /* U+9F76 齶 */
    { 0x9f77u, {0x0ffe,0x0aa8,0x099f,0x0aaa,0x0ffe,0x082a,0x0aea,0x0aaa,0x0faa,0x0aea,0x0aae,0x0000} }, /* U+9F77 齷 */
    { 0x9f8du, {0x0fdc,0x0554,0x0557,0x055c,0x0fd4,0x0000,0x0fdf,0x0954,0x0954,0x0954,0x0d74,0x0000} }, /* U+9F8D 龍 */
    { 0x9f95u, {0x0fa8,0x02e4,0x02ba,0x0aaa,0x0fea,0x002a,0x0eea,0x0aaa,0x0aba,0x0aa4,0x0ba8,0x0000} }, /* U+9F95 龕 */
    { 0x9f9cu, {0x0aa8,0x0abc,0x0fea,0x02aa,0x0ffa,0x0a0a,0x0ffe,0x0aaa,0x0ba8,0x0ab8,0x0b80,0x0000} }, /* U+9F9C 龜 */
    { 0x9f9du, {0x0624,0x01a4,0x0ffc,0x0542,0x07fa,0x02ac,0x0ffa,0x0a8a,0x0bfe,0x0aaa,0x0bb8,0x0000} }, /* U+9F9D 龝 */
    { 0x9fa0u, {0x0fb8,0x02ac,0x02ba,0x0f8a,0x02ba,0x02aa,0x02ba,0x0f8a,0x02ba,0x0aac,0x0fb8,0x0000} }, /* U+9FA0 龠 */
    { 0xff01u, {0x0000,0x0000,0x0000,0x0000,0x0000,0x04fe,0x0000,0x0000,0x0000,0x0000,0x0000,0x0000} }, /* U+FF01 ！ */
    { 0xff03u, {0x0000,0x0000,0x0090,0x0090,0x07fe,0x0090,0x0090,0x07fe,0x0090,0x0090,0x0000,0x0000} }, /* U+FF03 ＃ */
    { 0xff04u, {0x0000,0x0000,0x0118,0x0224,0x0224,0x07fe,0x0224,0x0224,0x01c8,0x0000,0x0000,0x0000} }, /* U+FF04 ＄ */
    { 0xff05u, {0x0000,0x001c,0x0022,0x0622,0x019c,0x0060,0x0398,0x0446,0x0440,0x0380,0x0000,0x0000} }, /* U+FF05 ％ */
    { 0xff06u, {0x0000,0x0000,0x0380,0x045c,0x0422,0x0462,0x029c,0x0120,0x02e0,0x0420,0x0000,0x0000} }, /* U+FF06 ＆ */
    { 0xff08u, {0x0000,0x0000,0x0000,0x0000,0x0000,0x0000,0x01f0,0x060c,0x0802,0x1001,0x0000,0x0000} }, /* U+FF08 （ */
    { 0xff09u, {0x0000,0x1001,0x0802,0x060c,0x01f0,0x0000,0x0000,0x0000,0x0000,0x0000,0x0000,0x0000} }, /* U+FF09 ） */
    { 0xff0au, {0x0000,0x0000,0x0044,0x0028,0x0010,0x00fe,0x0010,0x0028,0x0044,0x0000,0x0000,0x0000} }, /* U+FF0A ＊ */
    { 0xff0bu, {0x0000,0x0040,0x0040,0x0040,0x0040,0x07fc,0x0040,0x0040,0x0040,0x0040,0x0000,0x0000} }, /* U+FF0B ＋ */
    { 0xff0cu, {0x0000,0x0800,0x0e00,0x0600,0x0000,0x0000,0x0000,0x0000,0x0000,0x0000,0x0000,0x0000} }, /* U+FF0C ， */
    { 0xffe3u, {0x0001,0x0001,0x0001,0x0001,0x0001,0x0001,0x0001,0x0001,0x0001,0x0001,0x0001,0x0001} }, /* U+FFE3 ￣ */
    { 0xffe5u, {0x0000,0x0000,0x0126,0x0138,0x0120,0x07e0,0x0120,0x0138,0x0126,0x0000,0x0000,0x0000} }, /* U+FFE5 ￥ */
};

typedef struct { uint32_t base; uint32_t count; const uint16_t (*glyphs)[12]; } MizukiWideRun;
static const MizukiWideRun MIZUKI_WIDE_RUNS[] = {
    { MIZUKI_WIDE_RUN0_BASE, MIZUKI_WIDE_RUN0_COUNT, MIZUKI_WIDE_RUN0_GLYPHS },
    { MIZUKI_WIDE_RUN1_BASE, MIZUKI_WIDE_RUN1_COUNT, MIZUKI_WIDE_RUN1_GLYPHS },
    { MIZUKI_WIDE_RUN2_BASE, MIZUKI_WIDE_RUN2_COUNT, MIZUKI_WIDE_RUN2_GLYPHS },
    { MIZUKI_CJK_SYMBOLS_BASE, MIZUKI_CJK_SYMBOLS_COUNT, MIZUKI_CJK_SYMBOLS_GLYPHS },
    { MIZUKI_HIRAGANA_BASE, MIZUKI_HIRAGANA_COUNT, MIZUKI_HIRAGANA_GLYPHS },
    { MIZUKI_KATAKANA_BASE, MIZUKI_KATAKANA_COUNT, MIZUKI_KATAKANA_GLYPHS },
    { MIZUKI_CJK_UNIFIED_IDEOGRAPHS_0_BASE, MIZUKI_CJK_UNIFIED_IDEOGRAPHS_0_COUNT, MIZUKI_CJK_UNIFIED_IDEOGRAPHS_0_GLYPHS },
    { MIZUKI_CJK_UNIFIED_IDEOGRAPHS_1_BASE, MIZUKI_CJK_UNIFIED_IDEOGRAPHS_1_COUNT, MIZUKI_CJK_UNIFIED_IDEOGRAPHS_1_GLYPHS },
    { MIZUKI_CJK_UNIFIED_IDEOGRAPHS_2_BASE, MIZUKI_CJK_UNIFIED_IDEOGRAPHS_2_COUNT, MIZUKI_CJK_UNIFIED_IDEOGRAPHS_2_GLYPHS },
    { MIZUKI_CJK_UNIFIED_IDEOGRAPHS_3_BASE, MIZUKI_CJK_UNIFIED_IDEOGRAPHS_3_COUNT, MIZUKI_CJK_UNIFIED_IDEOGRAPHS_3_GLYPHS },
    { MIZUKI_CJK_UNIFIED_IDEOGRAPHS_4_BASE, MIZUKI_CJK_UNIFIED_IDEOGRAPHS_4_COUNT, MIZUKI_CJK_UNIFIED_IDEOGRAPHS_4_GLYPHS },
    { MIZUKI_CJK_UNIFIED_IDEOGRAPHS_5_BASE, MIZUKI_CJK_UNIFIED_IDEOGRAPHS_5_COUNT, MIZUKI_CJK_UNIFIED_IDEOGRAPHS_5_GLYPHS },
    { MIZUKI_CJK_UNIFIED_IDEOGRAPHS_6_BASE, MIZUKI_CJK_UNIFIED_IDEOGRAPHS_6_COUNT, MIZUKI_CJK_UNIFIED_IDEOGRAPHS_6_GLYPHS },
    { MIZUKI_CJK_UNIFIED_IDEOGRAPHS_7_BASE, MIZUKI_CJK_UNIFIED_IDEOGRAPHS_7_COUNT, MIZUKI_CJK_UNIFIED_IDEOGRAPHS_7_GLYPHS },
    { MIZUKI_CJK_UNIFIED_IDEOGRAPHS_8_BASE, MIZUKI_CJK_UNIFIED_IDEOGRAPHS_8_COUNT, MIZUKI_CJK_UNIFIED_IDEOGRAPHS_8_GLYPHS },
    { MIZUKI_CJK_UNIFIED_IDEOGRAPHS_9_BASE, MIZUKI_CJK_UNIFIED_IDEOGRAPHS_9_COUNT, MIZUKI_CJK_UNIFIED_IDEOGRAPHS_9_GLYPHS },
    { MIZUKI_CJK_UNIFIED_IDEOGRAPHS_10_BASE, MIZUKI_CJK_UNIFIED_IDEOGRAPHS_10_COUNT, MIZUKI_CJK_UNIFIED_IDEOGRAPHS_10_GLYPHS },
    { MIZUKI_CJK_UNIFIED_IDEOGRAPHS_11_BASE, MIZUKI_CJK_UNIFIED_IDEOGRAPHS_11_COUNT, MIZUKI_CJK_UNIFIED_IDEOGRAPHS_11_GLYPHS },
    { MIZUKI_CJK_UNIFIED_IDEOGRAPHS_12_BASE, MIZUKI_CJK_UNIFIED_IDEOGRAPHS_12_COUNT, MIZUKI_CJK_UNIFIED_IDEOGRAPHS_12_GLYPHS },
    { MIZUKI_CJK_UNIFIED_IDEOGRAPHS_13_BASE, MIZUKI_CJK_UNIFIED_IDEOGRAPHS_13_COUNT, MIZUKI_CJK_UNIFIED_IDEOGRAPHS_13_GLYPHS },
    { MIZUKI_FULLWIDTH_ASCII_0_BASE, MIZUKI_FULLWIDTH_ASCII_0_COUNT, MIZUKI_FULLWIDTH_ASCII_0_GLYPHS },
    { MIZUKI_FULLWIDTH_ASCII_1_BASE, MIZUKI_FULLWIDTH_ASCII_1_COUNT, MIZUKI_FULLWIDTH_ASCII_1_GLYPHS },
};
#define MIZUKI_WIDE_RUNS_COUNT 22

#endif /* MIZUKI_BDF_FONT_DATA_H */
